,timeNumber,timePoint,geno.decomp,genotype,predicted.values,standard.errors,plantingDate,DAP
1,1,6/7/2018,Ki3/NC356,Y001,2.361810691,0.933320249,3/14/2018,85
2,1,6/7/2018,Ki3/NC356,Y002,1.161638902,0.934454661,3/14/2018,85
3,1,6/7/2018,Ki3/NC356,Y003,3.377489668,0.936992052,3/14/2018,85
4,1,6/7/2018,Ki3/NC356,Y004,2.336363878,0.932739598,3/14/2018,85
5,1,6/7/2018,Ki3/NC356,Y005,1.54244375,0.935726367,3/14/2018,85
6,1,6/7/2018,Ki3/NC356,Y006,4.778275725,0.932753988,3/14/2018,85
7,1,6/7/2018,Ki3/NC356,Y007,1.788774816,0.935015946,3/14/2018,85
8,1,6/7/2018,Ki3/NC356,Y008,1.284388249,0.934203626,3/14/2018,85
9,1,6/7/2018,Ki3/NC356,Y009,4.710687033,0.933714014,3/14/2018,85
10,1,6/7/2018,Ki3/NC356,Y010,2.351827639,0.933968445,3/14/2018,85
11,1,6/7/2018,Ki3/NC356,Y011,0.874008151,0.932304011,3/14/2018,85
12,1,6/7/2018,Ki3/NC356,Y012,1.669906093,0.932712683,3/14/2018,85
13,1,6/7/2018,Ki3/NC356,Y013,1.625926172,0.933381899,3/14/2018,85
14,1,6/7/2018,Ki3/NC356,Y014,1.862545743,0.934110184,3/14/2018,85
15,1,6/7/2018,Ki3/NC356,Y015,1.177563653,0.932726989,3/14/2018,85
16,1,6/7/2018,Ki3/NC356,Y016,0.908364803,0.933582732,3/14/2018,85
17,1,6/7/2018,Ki3/NC356,Y017,2.491900244,0.933732934,3/14/2018,85
18,1,6/7/2018,Ki3/NC356,Y018,2.185186097,1.012027555,3/14/2018,85
19,1,6/7/2018,Ki3/NC356,Y019,3.9182435,0.933331872,3/14/2018,85
20,1,6/7/2018,Ki3/NC356,Y020,3.202985045,0.934092922,3/14/2018,85
21,1,6/7/2018,Ki3/NC356,Y021,2.449415502,0.934073997,3/14/2018,85
22,1,6/7/2018,Ki3/NC356,Y022,2.984622765,0.933708753,3/14/2018,85
23,1,6/7/2018,Ki3/NC356,Y023,1.835562315,0.933899773,3/14/2018,85
24,1,6/7/2018,Ki3/NC356,Y024,1.088063005,0.935067574,3/14/2018,85
25,1,6/7/2018,Ki3/NC356,Y025,0.800664226,0.935225396,3/14/2018,85
26,1,6/7/2018,Ki3/NC356,Y026,5.325446207,0.935810529,3/14/2018,85
27,1,6/7/2018,Ki3/NC356,Y027,0.738459411,0.934795157,3/14/2018,85
28,1,6/7/2018,Ki3/NC356,Y028,4.109695796,0.934041339,3/14/2018,85
29,1,6/7/2018,Ki3/NC356,Y029,2.123124788,0.933630014,3/14/2018,85
30,1,6/7/2018,Ki3/NC356,Y030,1.247961915,0.934805429,3/14/2018,85
31,1,6/7/2018,Ki3/NC356,Y031,1.743165379,0.934507754,3/14/2018,85
32,1,6/7/2018,Ki3/NC356,Y032,2.561334229,0.934372431,3/14/2018,85
33,1,6/7/2018,Ki3/NC356,Y033,1.520142178,0.933974455,3/14/2018,85
34,1,6/7/2018,Ki3/NC356,Y034,3.144073782,0.934326151,3/14/2018,85
35,1,6/7/2018,Ki3/NC356,Y035,2.16046823,0.934218988,3/14/2018,85
36,1,6/7/2018,Ki3/NC356,Y036,1.804023723,0.934981906,3/14/2018,85
37,1,6/7/2018,Ki3/NC356,Y037,1.832924976,0.932304595,3/14/2018,85
38,1,6/7/2018,Ki3/NC356,Y038,2.260552058,0.933502237,3/14/2018,85
39,1,6/7/2018,Ki3/NC356,Y039,2.920208283,0.934301082,3/14/2018,85
40,1,6/7/2018,Ki3/NC356,Y040,2.287575165,0.93424804,3/14/2018,85
41,1,6/7/2018,Ki3/NC356,Y041,2.956390334,0.933409294,3/14/2018,85
42,1,6/7/2018,Ki3/NC356,Y042,2.351044895,0.935970789,3/14/2018,85
43,1,6/7/2018,Ki3/NC356,Y043,1.901187517,0.935714658,3/14/2018,85
44,1,6/7/2018,Ki3/NC356,Y044,3.074856659,0.933390161,3/14/2018,85
45,1,6/7/2018,Ki3/NC356,Y045,2.286684581,0.937913643,3/14/2018,85
46,1,6/7/2018,Ki3/NC356,Y046,3.923632275,0.933889021,3/14/2018,85
47,1,6/7/2018,Ki3/NC356,Y047,3.220627178,0.933718419,3/14/2018,85
48,1,6/7/2018,Ki3/NC356,Y048,1.923381908,0.936844601,3/14/2018,85
49,1,6/7/2018,Ki3/NC356,Y049,2.64250338,0.932853984,3/14/2018,85
50,1,6/7/2018,Ki3/NC356,Y050,1.013349197,0.934500374,3/14/2018,85
51,1,6/7/2018,Ki3/NC356,Y051,1.531464886,0.933169237,3/14/2018,85
52,1,6/7/2018,Ki3/NC356,Y052,1.136901046,0.934537367,3/14/2018,85
53,1,6/7/2018,Ki3/NC356,Y053,1.060132902,0.933889426,3/14/2018,85
54,1,6/7/2018,Ki3/NC356,Y054,2.311230415,0.934228077,3/14/2018,85
55,1,6/7/2018,Ki3/NC356,Y055,2.149155828,1.013858132,3/14/2018,85
56,1,6/7/2018,Ki3/NC356,Y056,1.535601519,0.933523544,3/14/2018,85
57,1,6/7/2018,Ki3/NC356,Y057,1.777264568,0.936404748,3/14/2018,85
58,1,6/7/2018,Ki3/NC356,Y058,2.626138949,0.93315147,3/14/2018,85
59,1,6/7/2018,Ki3/NC356,Y059,2.516336566,0.935348462,3/14/2018,85
60,1,6/7/2018,Ki3/NC356,Y060,2.577550853,0.934448466,3/14/2018,85
61,1,6/7/2018,Ki3/NC356,Y061,2.070719405,0.936657559,3/14/2018,85
62,1,6/7/2018,Ki3/NC356,Y062,1.877664277,0.934006067,3/14/2018,85
63,1,6/7/2018,Ki3/NC356,Y063,0.937415271,0.934054251,3/14/2018,85
64,1,6/7/2018,Ki3/NC356,Y064,1.845451698,0.93579006,3/14/2018,85
65,1,6/7/2018,Ki3/NC356,Y065,2.559942869,0.934529804,3/14/2018,85
66,1,6/7/2018,Ki3/NC356,Y066,2.572359489,0.933853038,3/14/2018,85
67,1,6/7/2018,Ki3/NC356,Y067,3.939956869,0.933557926,3/14/2018,85
68,1,6/7/2018,Ki3/NC356,Y068,2.061192369,0.934793319,3/14/2018,85
69,1,6/7/2018,Ki3/NC356,Y069,1.62850477,0.934268523,3/14/2018,85
70,1,6/7/2018,Ki3/NC356,Y070,4.720109164,0.933898881,3/14/2018,85
71,1,6/7/2018,Ki3/NC356,Y071,2.381345378,0.937369068,3/14/2018,85
72,1,6/7/2018,Ki3/NC356,Y072,1.956520553,0.932450675,3/14/2018,85
73,1,6/7/2018,Ki3/NC356,Y073,2.133972837,0.933223395,3/14/2018,85
74,1,6/7/2018,Ki3/NC356,Y074,0.655562385,0.935589854,3/14/2018,85
75,1,6/7/2018,Ki3/NC356,Y075,2.239330382,0.933426772,3/14/2018,85
76,1,6/7/2018,Ki3/NC356,Y076,0.649200675,0.933127766,3/14/2018,85
77,1,6/7/2018,Ki3/NC356,Y077,2.213116615,0.935249412,3/14/2018,85
78,1,6/7/2018,Ki3/NC356,Y078,1.049617882,0.935981947,3/14/2018,85
79,1,6/7/2018,Ki3/NC356,Y079,2.369348114,0.933141923,3/14/2018,85
80,1,6/7/2018,Ki3/NC356,Y080,1.092908829,0.933231424,3/14/2018,85
81,1,6/7/2018,Ki3/NC356,Y081,1.714570644,0.932789589,3/14/2018,85
82,1,6/7/2018,Ki3/NC356,Y082,3.8038282,0.936233363,3/14/2018,85
83,1,6/7/2018,Ki3/NC356,Y083,1.78526787,0.934602141,3/14/2018,85
84,1,6/7/2018,Ki3/NC356,Y084,3.06776984,0.933112697,3/14/2018,85
85,1,6/7/2018,Ki3/NC356,Y085,2.382917959,0.934537867,3/14/2018,85
86,1,6/7/2018,Ki3/NC356,Y086,2.508620062,0.935656247,3/14/2018,85
87,1,6/7/2018,Ki3/NC356,Y087,3.146677179,0.935143707,3/14/2018,85
88,1,6/7/2018,Ki3/NC356,Y088,5.650922109,0.933042188,3/14/2018,85
89,1,6/7/2018,Ki3/NC356,Y089,1.995291977,0.935075586,3/14/2018,85
90,1,6/7/2018,Ki3/NC356,Y090,4.755241708,0.932724191,3/14/2018,85
91,1,6/7/2018,Ki3/NC356,Y091,1.706745683,0.936682281,3/14/2018,85
92,1,6/7/2018,Ki3/NC356,Y092,1.997039167,0.934062402,3/14/2018,85
93,1,6/7/2018,Ki3/NC356,Y093,2.429907242,0.934138505,3/14/2018,85
94,1,6/7/2018,Ki3/NC356,Y094,1.401500416,0.934251839,3/14/2018,85
95,1,6/7/2018,Ki3/NC356,Y095,1.174207334,0.93700917,3/14/2018,85
96,1,6/7/2018,Ki3/NC356,Y096,3.893723348,0.932471364,3/14/2018,85
97,1,6/7/2018,Ki3/NC356,Y097,4.428550863,0.935883662,3/14/2018,85
98,1,6/7/2018,Ki3/NC356,Y098,0.883262757,0.935574182,3/14/2018,85
99,1,6/7/2018,Ki3/NC356,Y099,2.480860287,0.933360535,3/14/2018,85
100,1,6/7/2018,Ki3/NC356,Y100,1.031419751,0.934366549,3/14/2018,85
101,1,6/7/2018,Ki3/NC356,Y101,2.927780807,0.933638465,3/14/2018,85
102,1,6/7/2018,Ki3/NC356,Y102,2.283992734,0.935989796,3/14/2018,85
103,1,6/7/2018,Ki3/NC356,Y103,3.185241129,0.933872632,3/14/2018,85
104,1,6/7/2018,Ki3/NC356,Y105,1.036775531,0.932489135,3/14/2018,85
105,1,6/7/2018,Ki3/NC356,Y106,0.646371973,0.935594353,3/14/2018,85
106,1,6/7/2018,Ki3/NC356,Y107,3.682214704,0.936436566,3/14/2018,85
107,1,6/7/2018,Ki3/NC356,Y108,1.63161177,0.93391384,3/14/2018,85
108,1,6/7/2018,Ki3/NC356,Y109,2.477176946,0.932763349,3/14/2018,85
109,1,6/7/2018,Ki3/NC356,Y110,2.160466501,0.934437212,3/14/2018,85
110,1,6/7/2018,Ki3/NC356,Y111,2.476258776,0.934176171,3/14/2018,85
111,1,6/7/2018,Ki3/NC356,Y112,2.674552778,0.937224968,3/14/2018,85
112,1,6/7/2018,Ki3/NC356,Y113,3.542356833,0.933975244,3/14/2018,85
113,1,6/7/2018,Ki3/NC356,Y114,3.041537833,0.932532164,3/14/2018,85
114,1,6/7/2018,Ki3/NC356,Y115,1.451602271,0.935869631,3/14/2018,85
115,1,6/7/2018,Ki3/NC356,Y116,1.736380788,0.933197791,3/14/2018,85
116,1,6/7/2018,Ki3/NC356,Y117,1.644453724,0.933823879,3/14/2018,85
117,1,6/7/2018,Ki3/NC356,Y118,2.419645434,0.935654032,3/14/2018,85
118,1,6/7/2018,Ki3/NC356,Y119,1.023396733,0.935865052,3/14/2018,85
119,1,6/7/2018,Ki3/NC356,Y120,3.408184775,0.934953675,3/14/2018,85
120,1,6/7/2018,Ki3/NC356,Y121,0.701079762,0.9330466,3/14/2018,85
121,1,6/7/2018,Ki3/NC356,Y122,2.054704583,0.934609841,3/14/2018,85
122,1,6/7/2018,Ki3/NC356,Y123,2.835636086,0.933326851,3/14/2018,85
123,1,6/7/2018,Ki3/NC356,Y124,1.38848011,0.935696778,3/14/2018,85
124,1,6/7/2018,Ki3/NC356,Y125,1.743955281,0.933386667,3/14/2018,85
125,1,6/7/2018,Ki3/NC356,Y126,1.628542437,0.933911758,3/14/2018,85
126,1,6/7/2018,Ki3/NC356,Y127,1.868909025,0.935576055,3/14/2018,85
127,1,6/7/2018,Ki3/NC356,Y128,2.177545569,0.935745568,3/14/2018,85
128,1,6/7/2018,Ki3/NC356,Y129,2.264966589,0.933271106,3/14/2018,85
129,1,6/7/2018,Ki3/NC356,Y130,2.671119785,0.934290304,3/14/2018,85
130,1,6/7/2018,Ki3/NC356,Y131,0.608708173,0.932505031,3/14/2018,85
131,1,6/7/2018,Ki3/NC356,Y132,1.501711865,0.93349618,3/14/2018,85
132,1,6/7/2018,Ki3/NC356,Y133,0.942402372,0.9351322,3/14/2018,85
133,1,6/7/2018,Ki3/NC356,Y134,1.115776243,0.934258932,3/14/2018,85
134,1,6/7/2018,Ki3/NC356,Y135,2.202776559,0.935857534,3/14/2018,85
135,1,6/7/2018,Ki3/NC356,Y136,0.792915316,0.934882698,3/14/2018,85
136,1,6/7/2018,Ki3/NC356,Y137,2.407767566,0.933998438,3/14/2018,85
137,1,6/7/2018,Ki3/NC356,Y138,3.086660592,0.933790691,3/14/2018,85
138,1,6/7/2018,Ki3/NC356,Y139,1.792671572,0.933885046,3/14/2018,85
139,1,6/7/2018,Ki3/NC356,Y140,3.244863709,0.933561917,3/14/2018,85
140,1,6/7/2018,Ki3/NC356,Y141,2.345402576,0.935296996,3/14/2018,85
141,1,6/7/2018,Ki3/NC356,Y142,3.21687172,0.932817268,3/14/2018,85
142,1,6/7/2018,Ki3/NC356,Y143,1.488625485,0.933791227,3/14/2018,85
143,1,6/7/2018,Ki3/NC356,Y144,3.148835888,0.934500988,3/14/2018,85
144,1,6/7/2018,Ki3/NC356,Y145,2.333769295,0.934160123,3/14/2018,85
145,1,6/7/2018,Ki3/NC356,Y146,1.0838271,0.932630972,3/14/2018,85
146,1,6/7/2018,Ki3/NC356,Y147,2.612681419,0.93414261,3/14/2018,85
147,1,6/7/2018,Ki3/NC356,Y148,1.5798156,0.93390841,3/14/2018,85
148,1,6/7/2018,Ki3/NC356,Y149,3.412486101,0.933757222,3/14/2018,85
149,1,6/7/2018,Ki3/NC356,Y150,1.043300422,0.933108562,3/14/2018,85
150,1,6/7/2018,Ki3/NC356,Y151,1.647099301,0.934017811,3/14/2018,85
151,1,6/7/2018,Ki3/NC356,Y152,1.736902195,0.934969527,3/14/2018,85
152,1,6/7/2018,Ki3/NC356,Y153,3.697903772,0.933630088,3/14/2018,85
153,1,6/7/2018,Ki3/NC356,Y154,2.790930129,0.93573897,3/14/2018,85
154,1,6/7/2018,Ki3/NC356,Y155,3.977172902,0.93546536,3/14/2018,85
155,1,6/7/2018,Ki3/NC356,Y156,0.649103911,0.933182641,3/14/2018,85
156,1,6/7/2018,Ki3/NC356,Y157,2.39706735,0.933577577,3/14/2018,85
157,1,6/7/2018,Ki3/NC356,Y158,1.16939384,0.933190475,3/14/2018,85
158,1,6/7/2018,Ki3/NC356,Y159,1.851444727,0.934611705,3/14/2018,85
159,1,6/7/2018,Ki3/NC356,Y160,1.021420655,0.935893993,3/14/2018,85
160,1,6/7/2018,Ki3/NC356,Y161,2.498652285,0.934220713,3/14/2018,85
161,1,6/7/2018,Ki3/NC356,Y162,1.604482523,0.935199323,3/14/2018,85
162,1,6/7/2018,Ki3/NC356,Y163,1.81525046,0.933075257,3/14/2018,85
163,1,6/7/2018,Ki3/NC356,Y164,1.654786231,0.934166747,3/14/2018,85
164,1,6/7/2018,Ki3/NC356,Y165,2.536064859,0.933684367,3/14/2018,85
165,1,6/7/2018,Ki3/NC356,Y166,0.959301432,0.933878265,3/14/2018,85
166,1,6/7/2018,Ki3/NC356,Y167,4.189380773,0.933821435,3/14/2018,85
167,1,6/7/2018,Ki3/NC356,Y456,2.074977674,1.012338724,3/14/2018,85
168,1,6/7/2018,Ki3/NC356,Y457,0.812659588,0.936166475,3/14/2018,85
169,1,6/7/2018,Ki3/NC356,Y458,7.700682782,0.93505334,3/14/2018,85
170,1,6/7/2018,Ki3/NC356,Y459,0.894096189,0.932623301,3/14/2018,85
171,1,6/7/2018,Ki3/NC356,Y460,1.105077443,0.934452374,3/14/2018,85
172,1,6/7/2018,Ki3/NC356,Y461,4.829746019,0.932579763,3/14/2018,85
173,1,6/7/2018,Ki3/NC356,Y462,1.708175131,0.933835766,3/14/2018,85
174,1,6/7/2018,Ki3/NC356,Y463,0.843601618,0.93400063,3/14/2018,85
175,1,6/7/2018,Ki3/NC356,Y464,4.791982612,0.935095119,3/14/2018,85
176,1,6/7/2018,Ki3/NC356,Y465,3.976628796,0.934127406,3/14/2018,85
177,1,6/7/2018,Ki3/NC356,Y466,0.594306819,0.934882932,3/14/2018,85
178,1,6/7/2018,Ki3/NC356,Y467,1.595809843,0.936025195,3/14/2018,85
179,1,6/7/2018,Ki3/NC356,Y468,1.066029217,0.934551548,3/14/2018,85
180,1,6/7/2018,Ki3/NC356,Y469,1.274589203,0.934315999,3/14/2018,85
181,1,6/7/2018,Ki3/NC356,Y470,0.840947944,0.935285457,3/14/2018,85
182,1,6/7/2018,Ki3/NC356,Y471,2.48804835,0.933512339,3/14/2018,85
183,1,6/7/2018,Ki3/NC356,Y472,2.314859282,0.933025287,3/14/2018,85
184,1,6/7/2018,Ki3/NC356,Y473,2.463087576,0.934469237,3/14/2018,85
185,1,6/7/2018,Ki3/NC356,Y474,0.952196173,0.934406425,3/14/2018,85
186,1,6/7/2018,Ki3/NC356,Y475,3.38758279,0.934998336,3/14/2018,85
187,1,6/7/2018,Ki3/NC356,Y476,1.431506954,0.933432518,3/14/2018,85
188,1,6/7/2018,Ki3/NC356,Y477,0.942610672,0.933803535,3/14/2018,85
189,1,6/7/2018,Ki3/NC356,Y478,1.014076343,0.93471738,3/14/2018,85
190,1,6/7/2018,Ki3/NC356,Y479,0.85727494,0.934551925,3/14/2018,85
191,1,6/7/2018,Ki3/NC356,Y480,2.330470127,0.934786087,3/14/2018,85
192,1,6/7/2018,Ki3/NC356,Y481,1.494064192,0.933869674,3/14/2018,85
193,1,6/7/2018,Ki3/NC356,Y482,2.191355859,0.935150327,3/14/2018,85
194,1,6/7/2018,Ki3/NC356,Y483,0.992405789,0.934128518,3/14/2018,85
195,1,6/7/2018,Ki3/NC356,Y484,2.377822227,0.933787088,3/14/2018,85
196,1,6/7/2018,Ki3/NC356,Y485,4.864772429,0.934509439,3/14/2018,85
197,1,6/7/2018,Ki3/NC356,Y486,1.458572587,0.935201302,3/14/2018,85
198,1,6/7/2018,Ki3/NC356,Y487,1.66356506,0.933672316,3/14/2018,85
199,1,6/7/2018,Ki3/NC356,Y488,3.055997953,0.933555424,3/14/2018,85
200,1,6/7/2018,Ki3/NC356,Y489,0.605264387,0.933793193,3/14/2018,85
201,1,6/7/2018,Ki3/NC356,Y490,2.224218912,0.93414524,3/14/2018,85
202,1,6/7/2018,Ki3/NC356,Y491,1.757597928,0.933114259,3/14/2018,85
203,1,6/7/2018,Ki3/NC356,Y492,1.051739024,0.936720578,3/14/2018,85
204,1,6/7/2018,Ki3/NC356,Y493,2.406502034,0.933106309,3/14/2018,85
205,1,6/7/2018,Ki3/NC356,Y494,3.205228458,0.933974122,3/14/2018,85
206,1,6/7/2018,Ki3/NC356,Y495,1.154439168,0.935629845,3/14/2018,85
207,1,6/7/2018,Ki3/NC356,Y496,1.077321032,0.933446916,3/14/2018,85
208,1,6/7/2018,Ki3/NC356,Y497,1.591628596,0.933076138,3/14/2018,85
209,1,6/7/2018,Ki3/NC356,Y498,2.553380318,0.936509782,3/14/2018,85
210,1,6/7/2018,Ki3/NC356,Y499,2.477333915,0.934803891,3/14/2018,85
211,1,6/7/2018,Ki3/NC356,Y500,2.480264601,0.935344745,3/14/2018,85
212,1,6/7/2018,Ki3/NC356,Y501,1.755028981,0.936957005,3/14/2018,85
213,1,6/7/2018,Ki3/NC356,Y502,1.311353308,0.936285004,3/14/2018,85
214,1,6/7/2018,Ki3/NC356,Y503,1.831420652,0.933892076,3/14/2018,85
215,1,6/7/2018,Ki3/NC356,Y504,3.025670979,0.933133841,3/14/2018,85
216,1,6/7/2018,Ki3/NC356,Y505,3.073505358,0.933587373,3/14/2018,85
217,1,6/7/2018,Ki3/NC356,Y506,0.883064741,0.935076332,3/14/2018,85
218,1,6/7/2018,Ki3/NC356,Y507,1.736935362,0.93432029,3/14/2018,85
219,1,6/7/2018,Ki3/NC356,Y508,1.145192022,0.935244255,3/14/2018,85
220,1,6/7/2018,Ki3/NC356,Y509,3.172397455,0.933589519,3/14/2018,85
221,1,6/7/2018,Ki3/NC356,Y510,0.722562625,0.935569503,3/14/2018,85
222,1,6/7/2018,Ki3/NC356,Y511,3.86972711,0.933778388,3/14/2018,85
223,1,6/7/2018,Ki3/NC356,Y512,1.526775673,0.936553143,3/14/2018,85
224,1,6/7/2018,Ki3/NC356,Y513,2.45895492,0.934421456,3/14/2018,85
225,1,6/7/2018,Ki3/NC356,Y514,1.6941907,0.934522556,3/14/2018,85
226,1,6/7/2018,Ki3/NC356,Y515,1.659961551,0.933319937,3/14/2018,85
227,1,6/7/2018,Ki3/NC356,Y516,0.800508456,0.93546716,3/14/2018,85
228,1,6/7/2018,Ki3/NC356,Y517,1.88750849,0.933665096,3/14/2018,85
229,1,6/7/2018,Ki3/NC356,Y518,1.668376146,0.933459673,3/14/2018,85
230,1,6/7/2018,Ki3/NC356,Y519,6.524868549,0.935210976,3/14/2018,85
231,1,6/7/2018,Ki3/NC356,Y520,1.464560466,0.933587548,3/14/2018,85
232,1,6/7/2018,Ki3/NC356,Y521,0.966800792,0.93645695,3/14/2018,85
233,1,6/7/2018,Ki3/NC356,Y522,0.64820147,0.934302506,3/14/2018,85
234,1,6/7/2018,Ki3/NC356,Y523,3.208785361,0.933464684,3/14/2018,85
235,1,6/7/2018,Ki3/NC356,Y524,2.44980381,0.933732304,3/14/2018,85
236,1,6/7/2018,Ki3/NC356,Y525,0.811678084,0.9330451,3/14/2018,85
237,1,6/7/2018,Ki3/NC356,Y526,5.370571411,0.933666649,3/14/2018,85
238,1,6/7/2018,Ki3/NC356,Y527,2.39417706,0.933625029,3/14/2018,85
239,1,6/7/2018,LH82/LAMA,Y168,4.76958849,0.993380505,3/14/2018,85
240,1,6/7/2018,LH82/LAMA,Y169,0.694489489,0.918781068,3/14/2018,85
241,1,6/7/2018,LH82/LAMA,Y170,0.709285912,0.919209042,3/14/2018,85
242,1,6/7/2018,LH82/LAMA,Y171,1.338413774,0.918235044,3/14/2018,85
243,1,6/7/2018,LH82/LAMA,Y172,1.336683433,0.920183811,3/14/2018,85
244,1,6/7/2018,LH82/LAMA,Y173,0.661031964,0.918460169,3/14/2018,85
245,1,6/7/2018,LH82/LAMA,Y174,10.82614543,0.919849683,3/14/2018,85
246,1,6/7/2018,LH82/LAMA,Y175,0.93173763,0.916710538,3/14/2018,85
247,1,6/7/2018,LH82/LAMA,Y176,0.529318387,0.918753066,3/14/2018,85
248,1,6/7/2018,LH82/LAMA,Y177,1.521628461,0.992972203,3/14/2018,85
249,1,6/7/2018,LH82/LAMA,Y178,0.739496218,0.922248108,3/14/2018,85
250,1,6/7/2018,LH82/LAMA,Y179,1.283730611,0.920334671,3/14/2018,85
251,1,6/7/2018,LH82/LAMA,Y180,0.665170377,0.919781653,3/14/2018,85
252,1,6/7/2018,LH82/LAMA,Y181,1.329872548,0.920693554,3/14/2018,85
253,1,6/7/2018,LH82/LAMA,Y182,0.548880814,0.922221098,3/14/2018,85
254,1,6/7/2018,LH82/LAMA,Y183,0.791387764,0.918576948,3/14/2018,85
255,1,6/7/2018,LH82/LAMA,Y184,0.919821728,0.917127284,3/14/2018,85
256,1,6/7/2018,LH82/LAMA,Y185,0.876806975,0.917465638,3/14/2018,85
257,1,6/7/2018,LH82/LAMA,Y186,0.749543639,0.917646654,3/14/2018,85
258,1,6/7/2018,LH82/LAMA,Y187,2.238816988,0.918476821,3/14/2018,85
259,1,6/7/2018,LH82/LAMA,Y188,0.583047773,0.923585245,3/14/2018,85
260,1,6/7/2018,LH82/LAMA,Y189,2.816739432,0.918101009,3/14/2018,85
261,1,6/7/2018,LH82/LAMA,Y190,0.879339448,0.914990768,3/14/2018,85
262,1,6/7/2018,LH82/LAMA,Y191,1.566747913,0.919758906,3/14/2018,85
263,1,6/7/2018,LH82/LAMA,Y192,0.679837579,0.917802375,3/14/2018,85
264,1,6/7/2018,LH82/LAMA,Y193,1.028519794,0.915508781,3/14/2018,85
265,1,6/7/2018,LH82/LAMA,Y194,0.949451883,0.918111624,3/14/2018,85
266,1,6/7/2018,LH82/LAMA,Y195,1.127158687,0.921029924,3/14/2018,85
267,1,6/7/2018,LH82/LAMA,Y196,0.847844333,0.916026197,3/14/2018,85
268,1,6/7/2018,LH82/LAMA,Y197,0.973385392,0.917939322,3/14/2018,85
269,1,6/7/2018,LH82/LAMA,Y198,2.092429641,0.91611675,3/14/2018,85
270,1,6/7/2018,LH82/LAMA,Y199,0.876025407,0.91944513,3/14/2018,85
271,1,6/7/2018,LH82/LAMA,Y200,0.849384461,0.915477944,3/14/2018,85
272,1,6/7/2018,LH82/LAMA,Y201,2.306331886,0.91627491,3/14/2018,85
273,1,6/7/2018,LH82/LAMA,Y202,0.702160482,0.917383793,3/14/2018,85
274,1,6/7/2018,LH82/LAMA,Y203,0.802196907,0.92328823,3/14/2018,85
275,1,6/7/2018,LH82/LAMA,Y204,0.674685559,0.917107199,3/14/2018,85
276,1,6/7/2018,LH82/LAMA,Y205,0.958822133,0.916922079,3/14/2018,85
277,1,6/7/2018,LH82/LAMA,Y206,0.916138536,0.916461227,3/14/2018,85
278,1,6/7/2018,LH82/LAMA,Y207,0.300909329,0.920664959,3/14/2018,85
279,1,6/7/2018,LH82/LAMA,Y208,0.820387559,0.921885655,3/14/2018,85
280,1,6/7/2018,LH82/LAMA,Y209,0.564495989,0.918027995,3/14/2018,85
281,1,6/7/2018,LH82/LAMA,Y210,0.779293645,0.916140883,3/14/2018,85
282,1,6/7/2018,LH82/LAMA,Y211,1.550956848,0.919203419,3/14/2018,85
283,1,6/7/2018,LH82/LAMA,Y212,0.84271515,0.919876386,3/14/2018,85
284,1,6/7/2018,LH82/LAMA,Y213,0.800894181,0.916664464,3/14/2018,85
285,1,6/7/2018,LH82/LAMA,Y214,1.356112787,0.91962864,3/14/2018,85
286,1,6/7/2018,LH82/LAMA,Y215,0.898434089,0.915574684,3/14/2018,85
287,1,6/7/2018,LH82/LAMA,Y216,0.692905344,0.917391328,3/14/2018,85
288,1,6/7/2018,LH82/LAMA,Y217,0.861424457,0.918052048,3/14/2018,85
289,1,6/7/2018,LH82/LAMA,Y218,0.673728179,0.919878342,3/14/2018,85
290,1,6/7/2018,LH82/LAMA,Y219,2.259591509,0.919658224,3/14/2018,85
291,1,6/7/2018,LH82/LAMA,Y220,0.436541275,0.920383215,3/14/2018,85
292,1,6/7/2018,LH82/LAMA,Y221,0.907650877,0.915905251,3/14/2018,85
293,1,6/7/2018,LH82/LAMA,Y222,0.651353063,0.923619808,3/14/2018,85
294,1,6/7/2018,LH82/LAMA,Y223,0.776655467,0.916487939,3/14/2018,85
295,1,6/7/2018,LH82/LAMA,Y224,2.058413336,0.916536526,3/14/2018,85
296,1,6/7/2018,LH82/LAMA,Y225,0.888909919,0.918988635,3/14/2018,85
297,1,6/7/2018,LH82/LAMA,Y226,0.781603108,0.917611914,3/14/2018,85
298,1,6/7/2018,LH82/LAMA,Y227,0.909704256,0.91547211,3/14/2018,85
299,1,6/7/2018,LH82/LAMA,Y228,0.866030285,0.917461435,3/14/2018,85
300,1,6/7/2018,LH82/LAMA,Y229,1.326442685,0.91941547,3/14/2018,85
301,1,6/7/2018,LH82/LAMA,Y230,2.326766148,0.915658884,3/14/2018,85
302,1,6/7/2018,LH82/LAMA,Y231,2.068785127,0.918560175,3/14/2018,85
303,1,6/7/2018,LH82/LAMA,Y232,1.258756421,0.922020998,3/14/2018,85
304,1,6/7/2018,LH82/LAMA,Y233,1.466937711,0.921555736,3/14/2018,85
305,1,6/7/2018,LH82/LAMA,Y234,2.835111195,0.919858651,3/14/2018,85
306,1,6/7/2018,LH82/LAMA,Y235,1.439611453,0.921318991,3/14/2018,85
307,1,6/7/2018,LH82/LAMA,Y236,0.81123193,0.917658109,3/14/2018,85
308,1,6/7/2018,LH82/LAMA,Y237,1.352354983,0.917988213,3/14/2018,85
309,1,6/7/2018,LH82/LAMA,Y238,2.187496706,0.916431342,3/14/2018,85
310,1,6/7/2018,LH82/LAMA,Y239,0.823845465,0.920171181,3/14/2018,85
311,1,6/7/2018,LH82/LAMA,Y240,0.777371798,0.918057187,3/14/2018,85
312,1,6/7/2018,LH82/LAMA,Y241,2.185285929,0.923178005,3/14/2018,85
313,1,6/7/2018,LH82/LAMA,Y242,1.445328209,0.917155151,3/14/2018,85
314,1,6/7/2018,LH82/LAMA,Y243,2.951615861,0.917460597,3/14/2018,85
315,1,6/7/2018,LH82/LAMA,Y244,1.286517388,0.92023113,3/14/2018,85
316,1,6/7/2018,LH82/LAMA,Y245,1.978239735,0.919546538,3/14/2018,85
317,1,6/7/2018,LH82/LAMA,Y246,0.911111802,0.991198614,3/14/2018,85
318,1,6/7/2018,LH82/LAMA,Y247,0.869388535,0.921584365,3/14/2018,85
319,1,6/7/2018,LH82/LAMA,Y248,1.440739523,0.917169264,3/14/2018,85
320,1,6/7/2018,LH82/LAMA,Y249,2.324137778,0.916312392,3/14/2018,85
321,1,6/7/2018,LH82/LAMA,Y250,1.445343634,0.91678369,3/14/2018,85
322,1,6/7/2018,LH82/LAMA,Y251,0.958585559,0.917228512,3/14/2018,85
323,1,6/7/2018,LH82/LAMA,Y252,0.825378008,0.92156565,3/14/2018,85
324,1,6/7/2018,LH82/LAMA,Y253,1.880568766,0.920411655,3/14/2018,85
325,1,6/7/2018,LH82/LAMA,Y254,0.634886886,0.919095022,3/14/2018,85
326,1,6/7/2018,LH82/LAMA,Y255,1.25310256,0.917550767,3/14/2018,85
327,1,6/7/2018,LH82/LAMA,Y256,0.626916125,0.919691256,3/14/2018,85
328,1,6/7/2018,LH82/LAMA,Y257,0.893514484,0.92020171,3/14/2018,85
329,1,6/7/2018,LH82/LAMA,Y258,0.804035354,0.919220688,3/14/2018,85
330,1,6/7/2018,LH82/LAMA,Y259,1.261776282,0.92175937,3/14/2018,85
331,1,6/7/2018,LH82/LAMA,Y260,0.643322743,0.917661467,3/14/2018,85
332,1,6/7/2018,LH82/LAMA,Y261,0.58893698,0.918532477,3/14/2018,85
333,1,6/7/2018,LH82/LAMA,Y262,0.708062075,0.921917811,3/14/2018,85
334,1,6/7/2018,LH82/LAMA,Y263,0.707373597,0.917760311,3/14/2018,85
335,1,6/7/2018,LH82/LAMA,Y264,0.893535396,0.919035931,3/14/2018,85
336,1,6/7/2018,LH82/LAMA,Y265,2.045272865,0.921616004,3/14/2018,85
337,1,6/7/2018,LH82/LAMA,Y266,1.549231708,0.920363604,3/14/2018,85
338,1,6/7/2018,LH82/LAMA,Y267,1.225620179,0.921753371,3/14/2018,85
339,1,6/7/2018,LH82/LAMA,Y268,1.530988206,0.919141532,3/14/2018,85
340,1,6/7/2018,LH82/LAMA,Y269,0.619505326,0.918839846,3/14/2018,85
341,1,6/7/2018,LH82/LAMA,Y270,1.92648897,0.922785291,3/14/2018,85
342,1,6/7/2018,LH82/LAMA,Y271,2.18415353,0.918600492,3/14/2018,85
343,1,6/7/2018,LH82/LAMA,Y272,0.862163741,0.917424095,3/14/2018,85
344,1,6/7/2018,LH82/LAMA,Y273,1.011512703,0.916231017,3/14/2018,85
345,1,6/7/2018,LH82/LAMA,Y274,1.284998236,0.920266426,3/14/2018,85
346,1,6/7/2018,LH82/LAMA,Y275,1.294125058,0.927474972,3/14/2018,85
347,1,6/7/2018,LH82/LAMA,Y276,0.738229731,0.917676535,3/14/2018,85
348,1,6/7/2018,LH82/LAMA,Y277,1.138884004,1.084077658,3/14/2018,85
349,1,6/7/2018,LH82/LAMA,Y278,1.14640488,0.921437255,3/14/2018,85
350,1,6/7/2018,LH82/LAMA,Y279,1.505159578,0.916781098,3/14/2018,85
351,1,6/7/2018,LH82/LAMA,Y280,1.338196004,0.918799126,3/14/2018,85
352,1,6/7/2018,LH82/LAMA,Y281,1.417269214,0.919499546,3/14/2018,85
353,1,6/7/2018,LH82/LAMA,Y282,7.129135139,0.920115058,3/14/2018,85
354,1,6/7/2018,LH82/LAMA,Y283,2.332742711,0.916007652,3/14/2018,85
355,1,6/7/2018,LH82/LAMA,Y284,0.669874446,0.91842802,3/14/2018,85
356,1,6/7/2018,LH82/LAMA,Y285,1.238726747,0.91861766,3/14/2018,85
357,1,6/7/2018,LH82/LAMA,Y286,0.873679643,0.917380254,3/14/2018,85
358,1,6/7/2018,LH82/LAMA,Y287,1.83540835,0.920754295,3/14/2018,85
359,1,6/7/2018,LH82/LAMA,Y288,1.005950057,0.91610413,3/14/2018,85
360,1,6/7/2018,LH82/LAMA,Y289,0.438925557,0.92147612,3/14/2018,85
361,1,6/7/2018,LH82/LAMA,Y290,0.865499011,0.994111849,3/14/2018,85
362,1,6/7/2018,LH82/LAMA,Y291,1.39004187,0.920052156,3/14/2018,85
363,1,6/7/2018,LH82/LAMA,Y292,1.394455684,0.917390825,3/14/2018,85
364,1,6/7/2018,LH82/LAMA,Y293,0.870756688,0.917554398,3/14/2018,85
365,1,6/7/2018,LH82/LAMA,Y294,1.286285998,0.920640264,3/14/2018,85
366,1,6/7/2018,LH82/LAMA,Y295,1.543979098,0.921300316,3/14/2018,85
367,1,6/7/2018,LH82/LAMA,Y296,1.475551728,0.91957831,3/14/2018,85
368,1,6/7/2018,LH82/LAMA,Y297,0.809770532,0.918220463,3/14/2018,85
369,1,6/7/2018,LH82/LAMA,Y298,0.812621845,0.91671952,3/14/2018,85
370,1,6/7/2018,LH82/LAMA,Y299,0.566020655,0.919610275,3/14/2018,85
371,1,6/7/2018,LH82/LAMA,Y300,0.818517527,0.919472202,3/14/2018,85
372,1,6/7/2018,LH82/LAMA,Y301,1.400812931,0.918333834,3/14/2018,85
373,1,6/7/2018,LH82/LAMA,Y302,1.250637441,0.919567816,3/14/2018,85
374,1,6/7/2018,LH82/LAMA,Y303,1.370043718,0.919929141,3/14/2018,85
375,1,6/7/2018,LH82/LAMA,Y304,1.933843432,0.918085401,3/14/2018,85
376,1,6/7/2018,LH82/LAMA,Y305,0.585021674,0.917434074,3/14/2018,85
377,1,6/7/2018,LH82/LAMA,Y306,1.46222334,0.918690485,3/14/2018,85
378,1,6/7/2018,LH82/LAMA,Y307,0.645887145,0.919050231,3/14/2018,85
379,1,6/7/2018,LH82/LAMA,Y308,0.911627096,0.918451498,3/14/2018,85
380,1,6/7/2018,LH82/LAMA,Y309,0.782737228,0.922903479,3/14/2018,85
381,1,6/7/2018,LH82/LAMA,Y310,0.763689807,0.919733669,3/14/2018,85
382,1,6/7/2018,LH82/LAMA,Y311,0.74218578,0.922877765,3/14/2018,85
383,1,6/7/2018,LH82/LAMA,Y312,0.501321493,0.992746654,3/14/2018,85
384,1,6/7/2018,LH82/LAMA,Y313,1.071326155,1.089179866,3/14/2018,85
385,1,6/7/2018,LH82/LAMA,Y314,1.029915824,0.991308176,3/14/2018,85
386,1,6/7/2018,LH82/LAMA,Y315,1.495774158,0.920698121,3/14/2018,85
387,1,6/7/2018,LH82/LAMA,Y316,1.249987987,0.919896303,3/14/2018,85
388,1,6/7/2018,LH82/LAMA,Y317,0.664391872,0.991056431,3/14/2018,85
389,1,6/7/2018,LH82/LAMA,Y318,0.878042926,0.917561252,3/14/2018,85
390,1,6/7/2018,LH82/LAMA,Y319,0.897885791,0.916915859,3/14/2018,85
391,1,6/7/2018,LH82/LAMA,Y320,1.83224464,0.924114161,3/14/2018,85
392,1,6/7/2018,LH82/LAMA,Y321,0.794806679,0.917206724,3/14/2018,85
393,1,6/7/2018,LH82/LAMA,Y322,1.405286755,0.919383964,3/14/2018,85
394,1,6/7/2018,LH82/LAMA,Y323,1.314942991,0.919185477,3/14/2018,85
395,1,6/7/2018,LH82/LAMA,Y324,0.640035367,0.915711407,3/14/2018,85
396,1,6/7/2018,LH82/LAMA,Y325,2.066907489,0.921325483,3/14/2018,85
397,1,6/7/2018,LH82/LAMA,Y326,0.806669119,0.919791687,3/14/2018,85
398,1,6/7/2018,LH82/LAMA,Y327,1.63411995,0.918974589,3/14/2018,85
399,1,6/7/2018,LH82/LAMA,Y328,2.12623395,0.917399684,3/14/2018,85
400,1,6/7/2018,LH82/LAMA,Y329,1.439435583,0.917585543,3/14/2018,85
401,1,6/7/2018,LH82/LAMA,Y330,1.415824031,0.919864534,3/14/2018,85
402,1,6/7/2018,LH82/LAMA,Y331,1.535617328,0.916824701,3/14/2018,85
403,1,6/7/2018,LH82/LAMA,Y332,1.435416415,0.918846542,3/14/2018,85
404,1,6/7/2018,LH82/LAMA,Y333,0.536899962,0.921146703,3/14/2018,85
405,1,6/7/2018,LH82/LAMA,Y334,2.227261097,0.917437863,3/14/2018,85
406,1,6/7/2018,LH82/LAMA,Y335,1.679405522,0.993742532,3/14/2018,85
407,1,6/7/2018,LH82/LAMA,Y336,0.837439365,0.918664592,3/14/2018,85
408,1,6/7/2018,LH82/LAMA,Y337,0.644446094,0.922718481,3/14/2018,85
409,1,6/7/2018,LH82/LAMA,Y338,1.75454935,0.918133189,3/14/2018,85
410,1,6/7/2018,LH82/LAMA,Y339,1.581380905,0.929549802,3/14/2018,85
411,1,6/7/2018,LH82/LAMA,Y340,0.820940202,0.920587096,3/14/2018,85
412,1,6/7/2018,LH82/LAMA,Y341,2.680991479,0.922323596,3/14/2018,85
413,1,6/7/2018,LH82/LAMA,Y342,0.835387504,0.916145317,3/14/2018,85
414,1,6/7/2018,LH82/LAMA,Y343,0.838895579,0.916463338,3/14/2018,85
415,1,6/7/2018,LH82/LAMA,Y344,2.083738582,0.919773998,3/14/2018,85
416,1,6/7/2018,LH82/LAMA,Y345,2.206333705,0.916356018,3/14/2018,85
417,1,6/7/2018,Tx740/NC356,Y346,3.651908299,1.076807184,3/14/2018,85
418,1,6/7/2018,Tx740/NC356,Y347,1.653512661,1.079103586,3/14/2018,85
419,1,6/7/2018,Tx740/NC356,Y348,2.07275945,1.08619767,3/14/2018,85
420,1,6/7/2018,Tx740/NC356,Y349,2.02239621,1.078863138,3/14/2018,85
421,1,6/7/2018,Tx740/NC356,Y351,1.380672276,1.085285384,3/14/2018,85
422,1,6/7/2018,Tx740/NC356,Y352,-0.273002477,1.078030958,3/14/2018,85
423,1,6/7/2018,Tx740/NC356,Y353,3.703795513,1.081352848,3/14/2018,85
424,1,6/7/2018,Tx740/NC356,Y354,-0.018280863,1.202680119,3/14/2018,85
425,1,6/7/2018,Tx740/NC356,Y355,4.368241833,1.093026999,3/14/2018,85
426,1,6/7/2018,Tx740/NC356,Y356,3.90065983,1.08120292,3/14/2018,85
427,1,6/7/2018,Tx740/NC356,Y357,2.175354531,1.076579151,3/14/2018,85
428,1,6/7/2018,Tx740/NC356,Y359,1.859641187,1.082803953,3/14/2018,85
429,1,6/7/2018,Tx740/NC356,Y360,3.784243287,1.076631521,3/14/2018,85
430,1,6/7/2018,Tx740/NC356,Y361,2.940009942,1.089524787,3/14/2018,85
431,1,6/7/2018,Tx740/NC356,Y362,1.568648716,1.079083069,3/14/2018,85
432,1,6/7/2018,Tx740/NC356,Y363,1.259187775,1.083062774,3/14/2018,85
433,1,6/7/2018,Tx740/NC356,Y364,0.354107596,1.084040351,3/14/2018,85
434,1,6/7/2018,Tx740/NC356,Y365,4.185546755,1.080255478,3/14/2018,85
435,1,6/7/2018,Tx740/NC356,Y366,3.072634203,1.084939153,3/14/2018,85
436,1,6/7/2018,Tx740/NC356,Y367,13.23916153,1.081270934,3/14/2018,85
437,1,6/7/2018,Tx740/NC356,Y368,5.925940282,1.083177977,3/14/2018,85
438,1,6/7/2018,Tx740/NC356,Y369,1.790512691,1.082965318,3/14/2018,85
439,1,6/7/2018,Tx740/NC356,Y370,1.900641533,1.087908162,3/14/2018,85
440,1,6/7/2018,Tx740/NC356,Y371,2.85621825,1.081590314,3/14/2018,85
441,1,6/7/2018,Tx740/NC356,Y372,4.984747634,1.084551758,3/14/2018,85
442,1,6/7/2018,Tx740/NC356,Y373,2.231424985,1.081929243,3/14/2018,85
443,1,6/7/2018,Tx740/NC356,Y374,0.866608771,1.081910903,3/14/2018,85
444,1,6/7/2018,Tx740/NC356,Y375,0.865195122,1.077335997,3/14/2018,85
445,1,6/7/2018,Tx740/NC356,Y376,-0.16227264,1.093543206,3/14/2018,85
446,1,6/7/2018,Tx740/NC356,Y377,1.797414312,1.080888237,3/14/2018,85
447,1,6/7/2018,Tx740/NC356,Y378,0.779779345,1.078598658,3/14/2018,85
448,1,6/7/2018,Tx740/NC356,Y379,0.125954126,1.080093543,3/14/2018,85
449,1,6/7/2018,Tx740/NC356,Y380,4.666801714,1.076002025,3/14/2018,85
450,1,6/7/2018,Tx740/NC356,Y381,0.844904884,1.07800903,3/14/2018,85
451,1,6/7/2018,Tx740/NC356,Y382,6.808983198,1.078416288,3/14/2018,85
452,1,6/7/2018,Tx740/NC356,Y383,3.956415318,1.08288428,3/14/2018,85
453,1,6/7/2018,Tx740/NC356,Y384,0.914188411,1.084015169,3/14/2018,85
454,1,6/7/2018,Tx740/NC356,Y385,1.987712695,1.091914119,3/14/2018,85
455,1,6/7/2018,Tx740/NC356,Y386,3.798252763,1.080452915,3/14/2018,85
456,1,6/7/2018,Tx740/NC356,Y387,0.69561211,1.078186488,3/14/2018,85
457,1,6/7/2018,Tx740/NC356,Y388,1.004363252,1.087097747,3/14/2018,85
458,1,6/7/2018,Tx740/NC356,Y389,0.276012522,1.08366608,3/14/2018,85
459,1,6/7/2018,Tx740/NC356,Y390,0.045640413,1.082578875,3/14/2018,85
460,1,6/7/2018,Tx740/NC356,Y391,6.813227157,1.084007733,3/14/2018,85
461,1,6/7/2018,Tx740/NC356,Y392,5.840450006,1.082970124,3/14/2018,85
462,1,6/7/2018,Tx740/NC356,Y393,3.756498554,1.08344245,3/14/2018,85
463,1,6/7/2018,Tx740/NC356,Y394,3.155459753,1.083436402,3/14/2018,85
464,1,6/7/2018,Tx740/NC356,Y395,2.237776509,1.078505886,3/14/2018,85
465,1,6/7/2018,Tx740/NC356,Y396,1.297693447,1.082225896,3/14/2018,85
466,1,6/7/2018,Tx740/NC356,Y397,1.778527972,1.085609241,3/14/2018,85
467,1,6/7/2018,Tx740/NC356,Y398,3.728667848,1.086365366,3/14/2018,85
468,1,6/7/2018,Tx740/NC356,Y400,0.607641634,1.081252461,3/14/2018,85
469,1,6/7/2018,Tx740/NC356,Y401,-0.306269126,1.078724328,3/14/2018,85
470,1,6/7/2018,Tx740/NC356,Y402,3.078546279,1.080297813,3/14/2018,85
471,1,6/7/2018,Tx740/NC356,Y403,4.230427657,1.088481544,3/14/2018,85
472,1,6/7/2018,Tx740/NC356,Y404,-0.183364175,1.083944656,3/14/2018,85
473,1,6/7/2018,Tx740/NC356,Y405,-0.214637756,1.078876018,3/14/2018,85
474,1,6/7/2018,Tx740/NC356,Y406,7.033003404,1.084866597,3/14/2018,85
475,1,6/7/2018,Tx740/NC356,Y407,1.272000489,1.083578932,3/14/2018,85
476,1,6/7/2018,Tx740/NC356,Y408,1.656639324,1.080299785,3/14/2018,85
477,1,6/7/2018,Tx740/NC356,Y409,2.838214757,1.077490552,3/14/2018,85
478,1,6/7/2018,Tx740/NC356,Y410,1.952467905,1.080388234,3/14/2018,85
479,1,6/7/2018,Tx740/NC356,Y411,4.058684068,1.08107729,3/14/2018,85
480,1,6/7/2018,Tx740/NC356,Y412,1.92437216,1.08688652,3/14/2018,85
481,1,6/7/2018,Tx740/NC356,Y414,3.590437563,1.083095112,3/14/2018,85
482,1,6/7/2018,Tx740/NC356,Y415,0.845509315,1.083658213,3/14/2018,85
483,1,6/7/2018,Tx740/NC356,Y416,4.026495268,1.077377412,3/14/2018,85
484,1,6/7/2018,Tx740/NC356,Y417,-0.20091519,1.079625511,3/14/2018,85
485,1,6/7/2018,Tx740/NC356,Y419,1.072763769,1.085132219,3/14/2018,85
486,1,6/7/2018,Tx740/NC356,Y420,4.996121475,1.080794993,3/14/2018,85
487,1,6/7/2018,Tx740/NC356,Y421,1.699875258,1.078831088,3/14/2018,85
488,1,6/7/2018,Tx740/NC356,Y423,5.773985056,1.079485967,3/14/2018,85
489,1,6/7/2018,Tx740/NC356,Y424,3.999042351,1.080221365,3/14/2018,85
490,1,6/7/2018,Tx740/NC356,Y425,0.34329727,1.088263337,3/14/2018,85
491,1,6/7/2018,Tx740/NC356,Y426,1.796978733,1.076446379,3/14/2018,85
492,1,6/7/2018,Tx740/NC356,Y427,1.113133514,1.081896061,3/14/2018,85
493,1,6/7/2018,Tx740/NC356,Y428,0.238469766,1.079492906,3/14/2018,85
494,1,6/7/2018,Tx740/NC356,Y429,0.369065069,1.081134876,3/14/2018,85
495,1,6/7/2018,Tx740/NC356,Y430,-0.057547072,1.07528777,3/14/2018,85
496,1,6/7/2018,Tx740/NC356,Y431,1.572671904,1.081456391,3/14/2018,85
497,1,6/7/2018,Tx740/NC356,Y432,1.745129189,1.087038745,3/14/2018,85
498,1,6/7/2018,Tx740/NC356,Y434,2.324418781,1.083168563,3/14/2018,85
499,1,6/7/2018,Tx740/NC356,Y435,4.744694001,1.081012023,3/14/2018,85
500,1,6/7/2018,Tx740/NC356,Y436,2.345373311,1.087514726,3/14/2018,85
501,1,6/7/2018,Tx740/NC356,Y437,4.087537472,1.08032111,3/14/2018,85
502,1,6/7/2018,Tx740/NC356,Y438,0.034192617,1.077752245,3/14/2018,85
503,1,6/7/2018,Tx740/NC356,Y439,0.804577778,1.085209223,3/14/2018,85
504,1,6/7/2018,Tx740/NC356,Y440,1.873268185,1.080022263,3/14/2018,85
505,1,6/7/2018,Tx740/NC356,Y441,1.54370444,1.087035663,3/14/2018,85
506,1,6/7/2018,Tx740/NC356,Y442,1.011962757,1.081426917,3/14/2018,85
507,1,6/7/2018,Tx740/NC356,Y443,4.070131916,1.079049087,3/14/2018,85
508,1,6/7/2018,Tx740/NC356,Y444,0.056180323,1.085948386,3/14/2018,85
509,1,6/7/2018,Tx740/NC356,Y445,0.812049323,1.082050015,3/14/2018,85
510,1,6/7/2018,Tx740/NC356,Y446,0.991204955,1.078884488,3/14/2018,85
511,1,6/7/2018,Tx740/NC356,Y449,1.702454111,1.082012559,3/14/2018,85
512,1,6/7/2018,Tx740/NC356,Y450,1.057420574,1.078891036,3/14/2018,85
513,1,6/7/2018,Tx740/NC356,Y451,2.07064627,1.081646654,3/14/2018,85
514,1,6/7/2018,Tx740/NC356,Y452,4.95085157,1.080695271,3/14/2018,85
515,1,6/7/2018,Tx740/NC356,Y453,2.205841132,1.081584465,3/14/2018,85
516,1,6/7/2018,Tx740/NC356,Y454,1.990234933,1.08329149,3/14/2018,85
517,1,6/7/2018,Tx740/NC356,Y455,1.367799684,1.079478658,3/14/2018,85
518,2,6/13/2018,Ki3/NC356,Y001,7.116804914,0.935561129,3/14/2018,91
519,2,6/13/2018,Ki3/NC356,Y002,4.961581223,0.936349583,3/14/2018,91
520,2,6/13/2018,Ki3/NC356,Y003,7.522383501,0.937846161,3/14/2018,91
521,2,6/13/2018,Ki3/NC356,Y004,6.305483652,0.934705325,3/14/2018,91
522,2,6/13/2018,Ki3/NC356,Y005,5.687706038,0.936985353,3/14/2018,91
523,2,6/13/2018,Ki3/NC356,Y006,9.360892429,0.935475667,3/14/2018,91
524,2,6/13/2018,Ki3/NC356,Y007,6.454075761,0.936988237,3/14/2018,91
525,2,6/13/2018,Ki3/NC356,Y008,5.463586367,0.93593957,3/14/2018,91
526,2,6/13/2018,Ki3/NC356,Y009,8.524440426,0.935176531,3/14/2018,91
527,2,6/13/2018,Ki3/NC356,Y010,6.951066463,0.935330971,3/14/2018,91
528,2,6/13/2018,Ki3/NC356,Y011,5.568237013,0.934910503,3/14/2018,91
529,2,6/13/2018,Ki3/NC356,Y012,6.345207769,0.934923092,3/14/2018,91
530,2,6/13/2018,Ki3/NC356,Y013,6.360457153,0.935730138,3/14/2018,91
531,2,6/13/2018,Ki3/NC356,Y014,5.817855377,0.935234172,3/14/2018,91
532,2,6/13/2018,Ki3/NC356,Y015,5.697072957,0.935052301,3/14/2018,91
533,2,6/13/2018,Ki3/NC356,Y016,5.685478229,0.935299617,3/14/2018,91
534,2,6/13/2018,Ki3/NC356,Y017,6.377347472,0.935364935,3/14/2018,91
535,2,6/13/2018,Ki3/NC356,Y018,6.822772953,1.015147955,3/14/2018,91
536,2,6/13/2018,Ki3/NC356,Y019,7.852154292,0.935246412,3/14/2018,91
537,2,6/13/2018,Ki3/NC356,Y020,7.862501209,0.935385602,3/14/2018,91
538,2,6/13/2018,Ki3/NC356,Y021,7.077205108,0.936611471,3/14/2018,91
539,2,6/13/2018,Ki3/NC356,Y022,7.597155473,0.935560143,3/14/2018,91
540,2,6/13/2018,Ki3/NC356,Y023,6.454353648,0.935219896,3/14/2018,91
541,2,6/13/2018,Ki3/NC356,Y024,5.717007213,0.936750989,3/14/2018,91
542,2,6/13/2018,Ki3/NC356,Y025,5.529424323,0.936111258,3/14/2018,91
543,2,6/13/2018,Ki3/NC356,Y026,10.02106987,0.937071063,3/14/2018,91
544,2,6/13/2018,Ki3/NC356,Y027,5.366309032,0.936780713,3/14/2018,91
545,2,6/13/2018,Ki3/NC356,Y028,8.769691713,0.9350271,3/14/2018,91
546,2,6/13/2018,Ki3/NC356,Y029,6.898949324,0.935728772,3/14/2018,91
547,2,6/13/2018,Ki3/NC356,Y030,5.197185338,0.937390939,3/14/2018,91
548,2,6/13/2018,Ki3/NC356,Y031,5.624605407,0.935351936,3/14/2018,91
549,2,6/13/2018,Ki3/NC356,Y032,7.067073219,0.935694566,3/14/2018,91
550,2,6/13/2018,Ki3/NC356,Y033,6.373957459,0.935288856,3/14/2018,91
551,2,6/13/2018,Ki3/NC356,Y034,7.793152684,0.93584205,3/14/2018,91
552,2,6/13/2018,Ki3/NC356,Y035,6.998068998,0.936013126,3/14/2018,91
553,2,6/13/2018,Ki3/NC356,Y036,6.619415506,0.936445325,3/14/2018,91
554,2,6/13/2018,Ki3/NC356,Y037,6.433103895,0.934485122,3/14/2018,91
555,2,6/13/2018,Ki3/NC356,Y038,6.989171867,0.93564333,3/14/2018,91
556,2,6/13/2018,Ki3/NC356,Y039,7.650597337,0.935147544,3/14/2018,91
557,2,6/13/2018,Ki3/NC356,Y040,5.568604745,0.936133486,3/14/2018,91
558,2,6/13/2018,Ki3/NC356,Y041,6.962941645,0.935854932,3/14/2018,91
559,2,6/13/2018,Ki3/NC356,Y042,7.052906229,0.936284576,3/14/2018,91
560,2,6/13/2018,Ki3/NC356,Y043,5.753775255,0.937014381,3/14/2018,91
561,2,6/13/2018,Ki3/NC356,Y044,7.670613389,0.935439729,3/14/2018,91
562,2,6/13/2018,Ki3/NC356,Y045,6.371564352,0.940076969,3/14/2018,91
563,2,6/13/2018,Ki3/NC356,Y046,7.804927776,0.935148025,3/14/2018,91
564,2,6/13/2018,Ki3/NC356,Y047,7.933870212,0.935605345,3/14/2018,91
565,2,6/13/2018,Ki3/NC356,Y048,5.789644091,0.939319834,3/14/2018,91
566,2,6/13/2018,Ki3/NC356,Y049,6.443711715,0.934767806,3/14/2018,91
567,2,6/13/2018,Ki3/NC356,Y050,5.728145711,0.937432368,3/14/2018,91
568,2,6/13/2018,Ki3/NC356,Y051,6.273798159,0.935386638,3/14/2018,91
569,2,6/13/2018,Ki3/NC356,Y052,5.752395259,0.935800123,3/14/2018,91
570,2,6/13/2018,Ki3/NC356,Y053,5.767292357,0.935908643,3/14/2018,91
571,2,6/13/2018,Ki3/NC356,Y054,6.292028802,0.935709652,3/14/2018,91
572,2,6/13/2018,Ki3/NC356,Y055,6.767412936,1.015353848,3/14/2018,91
573,2,6/13/2018,Ki3/NC356,Y056,6.409612522,0.935804176,3/14/2018,91
574,2,6/13/2018,Ki3/NC356,Y057,6.34806273,0.937804933,3/14/2018,91
575,2,6/13/2018,Ki3/NC356,Y058,7.235281727,0.935568869,3/14/2018,91
576,2,6/13/2018,Ki3/NC356,Y059,6.368995488,0.936981412,3/14/2018,91
577,2,6/13/2018,Ki3/NC356,Y060,7.176789799,0.935552265,3/14/2018,91
578,2,6/13/2018,Ki3/NC356,Y061,6.966510815,0.938428437,3/14/2018,91
579,2,6/13/2018,Ki3/NC356,Y062,5.892374971,0.936122168,3/14/2018,91
580,2,6/13/2018,Ki3/NC356,Y063,5.674687624,0.935351884,3/14/2018,91
581,2,6/13/2018,Ki3/NC356,Y064,6.550131986,0.936810683,3/14/2018,91
582,2,6/13/2018,Ki3/NC356,Y065,7.144114534,0.935514241,3/14/2018,91
583,2,6/13/2018,Ki3/NC356,Y066,7.110821034,0.935594855,3/14/2018,91
584,2,6/13/2018,Ki3/NC356,Y067,7.712989191,0.935547346,3/14/2018,91
585,2,6/13/2018,Ki3/NC356,Y068,5.445252439,0.93715811,3/14/2018,91
586,2,6/13/2018,Ki3/NC356,Y069,6.489555334,0.935862234,3/14/2018,91
587,2,6/13/2018,Ki3/NC356,Y070,6.435997068,0.935411902,3/14/2018,91
588,2,6/13/2018,Ki3/NC356,Y071,7.027860872,0.938716781,3/14/2018,91
589,2,6/13/2018,Ki3/NC356,Y072,5.13713447,0.935152866,3/14/2018,91
590,2,6/13/2018,Ki3/NC356,Y073,6.208491645,0.934707852,3/14/2018,91
591,2,6/13/2018,Ki3/NC356,Y074,5.256655723,0.936344836,3/14/2018,91
592,2,6/13/2018,Ki3/NC356,Y075,6.428321898,0.936278491,3/14/2018,91
593,2,6/13/2018,Ki3/NC356,Y076,4.777486205,0.935119488,3/14/2018,91
594,2,6/13/2018,Ki3/NC356,Y077,6.264352857,0.93664371,3/14/2018,91
595,2,6/13/2018,Ki3/NC356,Y078,5.75580904,0.936859929,3/14/2018,91
596,2,6/13/2018,Ki3/NC356,Y079,7.234144512,0.93470027,3/14/2018,91
597,2,6/13/2018,Ki3/NC356,Y080,5.601167997,0.935087155,3/14/2018,91
598,2,6/13/2018,Ki3/NC356,Y081,6.47677646,0.935053391,3/14/2018,91
599,2,6/13/2018,Ki3/NC356,Y082,7.755821792,0.93761824,3/14/2018,91
600,2,6/13/2018,Ki3/NC356,Y083,6.387361072,0.93592404,3/14/2018,91
601,2,6/13/2018,Ki3/NC356,Y084,7.711274843,0.935689021,3/14/2018,91
602,2,6/13/2018,Ki3/NC356,Y085,7.143342897,0.936403354,3/14/2018,91
603,2,6/13/2018,Ki3/NC356,Y086,7.226768931,0.937046121,3/14/2018,91
604,2,6/13/2018,Ki3/NC356,Y087,7.850320573,0.936266874,3/14/2018,91
605,2,6/13/2018,Ki3/NC356,Y088,10.24566798,0.935212695,3/14/2018,91
606,2,6/13/2018,Ki3/NC356,Y089,6.840209074,0.935591824,3/14/2018,91
607,2,6/13/2018,Ki3/NC356,Y090,9.410127872,0.934889818,3/14/2018,91
608,2,6/13/2018,Ki3/NC356,Y091,6.33544358,0.937597008,3/14/2018,91
609,2,6/13/2018,Ki3/NC356,Y092,6.689051914,0.936248209,3/14/2018,91
610,2,6/13/2018,Ki3/NC356,Y093,6.376818434,0.936508653,3/14/2018,91
611,2,6/13/2018,Ki3/NC356,Y094,6.036979696,0.934870097,3/14/2018,91
612,2,6/13/2018,Ki3/NC356,Y095,4.447905766,0.93753284,3/14/2018,91
613,2,6/13/2018,Ki3/NC356,Y096,8.701227816,0.93530405,3/14/2018,91
614,2,6/13/2018,Ki3/NC356,Y097,9.049794468,0.937134679,3/14/2018,91
615,2,6/13/2018,Ki3/NC356,Y098,5.527003265,0.936674592,3/14/2018,91
616,2,6/13/2018,Ki3/NC356,Y099,7.116362186,0.935646169,3/14/2018,91
617,2,6/13/2018,Ki3/NC356,Y100,4.161031281,0.935594561,3/14/2018,91
618,2,6/13/2018,Ki3/NC356,Y101,6.898929325,0.935620144,3/14/2018,91
619,2,6/13/2018,Ki3/NC356,Y102,7.14332525,0.936992602,3/14/2018,91
620,2,6/13/2018,Ki3/NC356,Y103,7.221324561,0.935969881,3/14/2018,91
621,2,6/13/2018,Ki3/NC356,Y105,5.775137039,0.935387818,3/14/2018,91
622,2,6/13/2018,Ki3/NC356,Y106,5.315311941,0.93719329,3/14/2018,91
623,2,6/13/2018,Ki3/NC356,Y107,8.467334767,0.938422402,3/14/2018,91
624,2,6/13/2018,Ki3/NC356,Y108,6.263114023,0.934825099,3/14/2018,91
625,2,6/13/2018,Ki3/NC356,Y109,7.047618169,0.935438865,3/14/2018,91
626,2,6/13/2018,Ki3/NC356,Y110,5.365878456,0.935449885,3/14/2018,91
627,2,6/13/2018,Ki3/NC356,Y111,7.148897746,0.935831876,3/14/2018,91
628,2,6/13/2018,Ki3/NC356,Y112,7.202670232,0.937896979,3/14/2018,91
629,2,6/13/2018,Ki3/NC356,Y113,6.860987862,0.935854268,3/14/2018,91
630,2,6/13/2018,Ki3/NC356,Y114,6.963217463,0.934872425,3/14/2018,91
631,2,6/13/2018,Ki3/NC356,Y115,5.501148141,0.936946795,3/14/2018,91
632,2,6/13/2018,Ki3/NC356,Y116,6.405704133,0.935363078,3/14/2018,91
633,2,6/13/2018,Ki3/NC356,Y117,6.282397529,0.935434245,3/14/2018,91
634,2,6/13/2018,Ki3/NC356,Y118,7.031388838,0.936850222,3/14/2018,91
635,2,6/13/2018,Ki3/NC356,Y119,5.005274233,0.936937359,3/14/2018,91
636,2,6/13/2018,Ki3/NC356,Y120,7.633516964,0.936212512,3/14/2018,91
637,2,6/13/2018,Ki3/NC356,Y121,5.52149266,0.934548869,3/14/2018,91
638,2,6/13/2018,Ki3/NC356,Y122,6.832551455,0.935896083,3/14/2018,91
639,2,6/13/2018,Ki3/NC356,Y123,7.569192175,0.935140114,3/14/2018,91
640,2,6/13/2018,Ki3/NC356,Y124,5.511851425,0.937595345,3/14/2018,91
641,2,6/13/2018,Ki3/NC356,Y125,6.327592757,0.935292075,3/14/2018,91
642,2,6/13/2018,Ki3/NC356,Y126,6.287487676,0.93552527,3/14/2018,91
643,2,6/13/2018,Ki3/NC356,Y127,6.527236263,0.93659643,3/14/2018,91
644,2,6/13/2018,Ki3/NC356,Y128,5.536483138,0.936344237,3/14/2018,91
645,2,6/13/2018,Ki3/NC356,Y129,6.133213817,0.935586852,3/14/2018,91
646,2,6/13/2018,Ki3/NC356,Y130,6.547784573,0.935145527,3/14/2018,91
647,2,6/13/2018,Ki3/NC356,Y131,5.391485257,0.935437311,3/14/2018,91
648,2,6/13/2018,Ki3/NC356,Y132,6.289220047,0.936023945,3/14/2018,91
649,2,6/13/2018,Ki3/NC356,Y133,4.805099827,0.936375056,3/14/2018,91
650,2,6/13/2018,Ki3/NC356,Y134,4.199371229,0.934838082,3/14/2018,91
651,2,6/13/2018,Ki3/NC356,Y135,6.953428897,0.937067693,3/14/2018,91
652,2,6/13/2018,Ki3/NC356,Y136,5.484129193,0.935726115,3/14/2018,91
653,2,6/13/2018,Ki3/NC356,Y137,7.099533747,0.935657785,3/14/2018,91
654,2,6/13/2018,Ki3/NC356,Y138,7.717530576,0.935302994,3/14/2018,91
655,2,6/13/2018,Ki3/NC356,Y139,5.630534852,0.934965902,3/14/2018,91
656,2,6/13/2018,Ki3/NC356,Y140,7.7109836,0.934956122,3/14/2018,91
657,2,6/13/2018,Ki3/NC356,Y141,7.16375896,0.93610528,3/14/2018,91
658,2,6/13/2018,Ki3/NC356,Y142,7.205224798,0.935580356,3/14/2018,91
659,2,6/13/2018,Ki3/NC356,Y143,6.12514279,0.935231061,3/14/2018,91
660,2,6/13/2018,Ki3/NC356,Y144,7.914366134,0.935794329,3/14/2018,91
661,2,6/13/2018,Ki3/NC356,Y145,7.002749655,0.935848385,3/14/2018,91
662,2,6/13/2018,Ki3/NC356,Y146,5.636303327,0.935166101,3/14/2018,91
663,2,6/13/2018,Ki3/NC356,Y147,6.521244253,0.935961217,3/14/2018,91
664,2,6/13/2018,Ki3/NC356,Y148,5.431491753,0.936119949,3/14/2018,91
665,2,6/13/2018,Ki3/NC356,Y149,8.016841043,0.934879309,3/14/2018,91
666,2,6/13/2018,Ki3/NC356,Y150,5.688297517,0.935156843,3/14/2018,91
667,2,6/13/2018,Ki3/NC356,Y151,5.415846856,0.935680572,3/14/2018,91
668,2,6/13/2018,Ki3/NC356,Y152,6.349954214,0.935712346,3/14/2018,91
669,2,6/13/2018,Ki3/NC356,Y153,8.42764418,0.935284735,3/14/2018,91
670,2,6/13/2018,Ki3/NC356,Y154,7.280804855,0.936368102,3/14/2018,91
671,2,6/13/2018,Ki3/NC356,Y155,7.727542583,0.937038434,3/14/2018,91
672,2,6/13/2018,Ki3/NC356,Y156,5.282327373,0.935643748,3/14/2018,91
673,2,6/13/2018,Ki3/NC356,Y157,7.003784415,0.934680357,3/14/2018,91
674,2,6/13/2018,Ki3/NC356,Y158,5.013385657,0.935693126,3/14/2018,91
675,2,6/13/2018,Ki3/NC356,Y159,6.50650932,0.937059151,3/14/2018,91
676,2,6/13/2018,Ki3/NC356,Y160,5.634981236,0.936833241,3/14/2018,91
677,2,6/13/2018,Ki3/NC356,Y161,7.152862477,0.934752483,3/14/2018,91
678,2,6/13/2018,Ki3/NC356,Y162,6.279415089,0.936683837,3/14/2018,91
679,2,6/13/2018,Ki3/NC356,Y163,6.453478966,0.934608523,3/14/2018,91
680,2,6/13/2018,Ki3/NC356,Y164,6.483763799,0.934814175,3/14/2018,91
681,2,6/13/2018,Ki3/NC356,Y165,5.681105614,0.934552644,3/14/2018,91
682,2,6/13/2018,Ki3/NC356,Y166,4.80221853,0.935622186,3/14/2018,91
683,2,6/13/2018,Ki3/NC356,Y167,8.05795237,0.935908175,3/14/2018,91
684,2,6/13/2018,Ki3/NC356,Y456,3.926472593,1.014718336,3/14/2018,91
685,2,6/13/2018,Ki3/NC356,Y457,5.534516437,0.93727495,3/14/2018,91
686,2,6/13/2018,Ki3/NC356,Y458,10.79631734,0.936787052,3/14/2018,91
687,2,6/13/2018,Ki3/NC356,Y459,4.974015787,0.935756529,3/14/2018,91
688,2,6/13/2018,Ki3/NC356,Y460,5.709274008,0.935397031,3/14/2018,91
689,2,6/13/2018,Ki3/NC356,Y461,8.664827579,0.93454222,3/14/2018,91
690,2,6/13/2018,Ki3/NC356,Y462,6.298488993,0.935751108,3/14/2018,91
691,2,6/13/2018,Ki3/NC356,Y463,4.915473977,0.935566086,3/14/2018,91
692,2,6/13/2018,Ki3/NC356,Y464,9.450910584,0.936259073,3/14/2018,91
693,2,6/13/2018,Ki3/NC356,Y465,8.673230732,0.934815327,3/14/2018,91
694,2,6/13/2018,Ki3/NC356,Y466,5.545488066,0.935983159,3/14/2018,91
695,2,6/13/2018,Ki3/NC356,Y467,6.290286047,0.937809203,3/14/2018,91
696,2,6/13/2018,Ki3/NC356,Y468,4.919854235,0.936124859,3/14/2018,91
697,2,6/13/2018,Ki3/NC356,Y469,6.051397181,0.937158081,3/14/2018,91
698,2,6/13/2018,Ki3/NC356,Y470,4.776279861,0.936549142,3/14/2018,91
699,2,6/13/2018,Ki3/NC356,Y471,5.78036976,0.935346663,3/14/2018,91
700,2,6/13/2018,Ki3/NC356,Y472,7.101973891,0.934845326,3/14/2018,91
701,2,6/13/2018,Ki3/NC356,Y473,7.130012488,0.936236249,3/14/2018,91
702,2,6/13/2018,Ki3/NC356,Y474,4.920865507,0.935102185,3/14/2018,91
703,2,6/13/2018,Ki3/NC356,Y475,7.671169945,0.937281487,3/14/2018,91
704,2,6/13/2018,Ki3/NC356,Y476,6.043854663,0.935916786,3/14/2018,91
705,2,6/13/2018,Ki3/NC356,Y477,5.644582804,0.936775364,3/14/2018,91
706,2,6/13/2018,Ki3/NC356,Y478,5.656585913,0.936700121,3/14/2018,91
707,2,6/13/2018,Ki3/NC356,Y479,5.62844202,0.935623821,3/14/2018,91
708,2,6/13/2018,Ki3/NC356,Y480,6.12251581,0.937174234,3/14/2018,91
709,2,6/13/2018,Ki3/NC356,Y481,6.164457795,0.935301291,3/14/2018,91
710,2,6/13/2018,Ki3/NC356,Y482,6.867389977,0.936465688,3/14/2018,91
711,2,6/13/2018,Ki3/NC356,Y483,5.615491778,0.935213421,3/14/2018,91
712,2,6/13/2018,Ki3/NC356,Y484,6.997320439,0.935784186,3/14/2018,91
713,2,6/13/2018,Ki3/NC356,Y485,8.679001617,0.935771559,3/14/2018,91
714,2,6/13/2018,Ki3/NC356,Y486,6.078665112,0.936997134,3/14/2018,91
715,2,6/13/2018,Ki3/NC356,Y487,5.690816563,0.936024421,3/14/2018,91
716,2,6/13/2018,Ki3/NC356,Y488,7.813911285,0.936042467,3/14/2018,91
717,2,6/13/2018,Ki3/NC356,Y489,5.313447332,0.935360807,3/14/2018,91
718,2,6/13/2018,Ki3/NC356,Y490,7.007857989,0.936107683,3/14/2018,91
719,2,6/13/2018,Ki3/NC356,Y491,6.337317449,0.935144044,3/14/2018,91
720,2,6/13/2018,Ki3/NC356,Y492,5.615743209,0.93820388,3/14/2018,91
721,2,6/13/2018,Ki3/NC356,Y493,7.083293729,0.935147627,3/14/2018,91
722,2,6/13/2018,Ki3/NC356,Y494,7.099502787,0.935892384,3/14/2018,91
723,2,6/13/2018,Ki3/NC356,Y495,6.101881821,0.936711461,3/14/2018,91
724,2,6/13/2018,Ki3/NC356,Y496,5.627222457,0.935253653,3/14/2018,91
725,2,6/13/2018,Ki3/NC356,Y497,6.192576233,0.935561106,3/14/2018,91
726,2,6/13/2018,Ki3/NC356,Y498,7.207254739,0.937688308,3/14/2018,91
727,2,6/13/2018,Ki3/NC356,Y499,7.257725908,0.936453627,3/14/2018,91
728,2,6/13/2018,Ki3/NC356,Y500,7.25749725,0.937012986,3/14/2018,91
729,2,6/13/2018,Ki3/NC356,Y501,5.585050211,0.938316716,3/14/2018,91
730,2,6/13/2018,Ki3/NC356,Y502,5.422753724,0.936985839,3/14/2018,91
731,2,6/13/2018,Ki3/NC356,Y503,6.394746087,0.935077252,3/14/2018,91
732,2,6/13/2018,Ki3/NC356,Y504,7.000255647,0.935429513,3/14/2018,91
733,2,6/13/2018,Ki3/NC356,Y505,7.617212194,0.93528886,3/14/2018,91
734,2,6/13/2018,Ki3/NC356,Y506,5.595457755,0.93659537,3/14/2018,91
735,2,6/13/2018,Ki3/NC356,Y507,6.436788657,0.935837597,3/14/2018,91
736,2,6/13/2018,Ki3/NC356,Y508,5.296475558,0.936913956,3/14/2018,91
737,2,6/13/2018,Ki3/NC356,Y509,7.063811654,0.935458739,3/14/2018,91
738,2,6/13/2018,Ki3/NC356,Y510,5.615435564,0.936317958,3/14/2018,91
739,2,6/13/2018,Ki3/NC356,Y511,8.552492206,0.935287656,3/14/2018,91
740,2,6/13/2018,Ki3/NC356,Y512,5.661657723,0.93809836,3/14/2018,91
741,2,6/13/2018,Ki3/NC356,Y513,6.420942568,0.937010756,3/14/2018,91
742,2,6/13/2018,Ki3/NC356,Y514,5.689952442,0.93502968,3/14/2018,91
743,2,6/13/2018,Ki3/NC356,Y515,6.380673397,0.935251842,3/14/2018,91
744,2,6/13/2018,Ki3/NC356,Y516,5.486913406,0.936157575,3/14/2018,91
745,2,6/13/2018,Ki3/NC356,Y517,5.748781661,0.935813082,3/14/2018,91
746,2,6/13/2018,Ki3/NC356,Y518,5.741280211,0.935344268,3/14/2018,91
747,2,6/13/2018,Ki3/NC356,Y519,10.69222038,0.936545737,3/14/2018,91
748,2,6/13/2018,Ki3/NC356,Y520,6.211904351,0.934772397,3/14/2018,91
749,2,6/13/2018,Ki3/NC356,Y521,5.465136686,0.938192397,3/14/2018,91
750,2,6/13/2018,Ki3/NC356,Y522,4.626769884,0.936217702,3/14/2018,91
751,2,6/13/2018,Ki3/NC356,Y523,7.128261226,0.93526717,3/14/2018,91
752,2,6/13/2018,Ki3/NC356,Y524,7.11183299,0.936103795,3/14/2018,91
753,2,6/13/2018,Ki3/NC356,Y525,5.441200092,0.935569738,3/14/2018,91
754,2,6/13/2018,Ki3/NC356,Y526,8.350073949,0.935826586,3/14/2018,91
755,2,6/13/2018,Ki3/NC356,Y527,7.042997002,0.935518272,3/14/2018,91
756,2,6/13/2018,LH82/LAMA,Y168,8.769476126,0.963123934,3/14/2018,91
757,2,6/13/2018,LH82/LAMA,Y169,5.724725321,0.892971623,3/14/2018,91
758,2,6/13/2018,LH82/LAMA,Y170,5.726049397,0.894006628,3/14/2018,91
759,2,6/13/2018,LH82/LAMA,Y171,6.363390245,0.89287531,3/14/2018,91
760,2,6/13/2018,LH82/LAMA,Y172,6.382970279,0.895666931,3/14/2018,91
761,2,6/13/2018,LH82/LAMA,Y173,5.732344207,0.893149693,3/14/2018,91
762,2,6/13/2018,LH82/LAMA,Y174,14.64296379,0.893725255,3/14/2018,91
763,2,6/13/2018,LH82/LAMA,Y175,5.807580092,0.892974433,3/14/2018,91
764,2,6/13/2018,LH82/LAMA,Y176,5.622647143,0.892788753,3/14/2018,91
765,2,6/13/2018,LH82/LAMA,Y177,6.603369104,0.961038813,3/14/2018,91
766,2,6/13/2018,LH82/LAMA,Y178,5.81523219,0.895796181,3/14/2018,91
767,2,6/13/2018,LH82/LAMA,Y179,5.736136387,0.892922447,3/14/2018,91
768,2,6/13/2018,LH82/LAMA,Y180,5.736685422,0.89445751,3/14/2018,91
769,2,6/13/2018,LH82/LAMA,Y181,6.278268417,0.894720899,3/14/2018,91
770,2,6/13/2018,LH82/LAMA,Y182,5.560872135,0.895354101,3/14/2018,91
771,2,6/13/2018,LH82/LAMA,Y183,5.806821324,0.894109668,3/14/2018,91
772,2,6/13/2018,LH82/LAMA,Y184,5.897440032,0.892789141,3/14/2018,91
773,2,6/13/2018,LH82/LAMA,Y185,5.792837433,0.893139443,3/14/2018,91
774,2,6/13/2018,LH82/LAMA,Y186,5.751106893,0.892977966,3/14/2018,91
775,2,6/13/2018,LH82/LAMA,Y187,7.150461857,0.894417615,3/14/2018,91
776,2,6/13/2018,LH82/LAMA,Y188,5.753334799,0.895746661,3/14/2018,91
777,2,6/13/2018,LH82/LAMA,Y189,7.019181199,0.894409907,3/14/2018,91
778,2,6/13/2018,LH82/LAMA,Y190,5.784059476,0.892896533,3/14/2018,91
779,2,6/13/2018,LH82/LAMA,Y191,6.458648062,0.894958443,3/14/2018,91
780,2,6/13/2018,LH82/LAMA,Y192,5.62982852,0.892534487,3/14/2018,91
781,2,6/13/2018,LH82/LAMA,Y193,5.996429853,0.892825418,3/14/2018,91
782,2,6/13/2018,LH82/LAMA,Y194,5.919165973,0.894528825,3/14/2018,91
783,2,6/13/2018,LH82/LAMA,Y195,6.185412486,0.893956655,3/14/2018,91
784,2,6/13/2018,LH82/LAMA,Y196,5.811652258,0.892561078,3/14/2018,91
785,2,6/13/2018,LH82/LAMA,Y197,5.966265861,0.89400757,3/14/2018,91
786,2,6/13/2018,LH82/LAMA,Y198,6.992811858,0.891935172,3/14/2018,91
787,2,6/13/2018,LH82/LAMA,Y199,5.90897774,0.893970685,3/14/2018,91
788,2,6/13/2018,LH82/LAMA,Y200,5.77886556,0.89276738,3/14/2018,91
789,2,6/13/2018,LH82/LAMA,Y201,6.52639702,0.892977908,3/14/2018,91
790,2,6/13/2018,LH82/LAMA,Y202,5.762087957,0.893409591,3/14/2018,91
791,2,6/13/2018,LH82/LAMA,Y203,5.864732696,0.895925921,3/14/2018,91
792,2,6/13/2018,LH82/LAMA,Y204,5.720893746,0.892102707,3/14/2018,91
793,2,6/13/2018,LH82/LAMA,Y205,5.899840978,0.893013617,3/14/2018,91
794,2,6/13/2018,LH82/LAMA,Y206,5.890070457,0.892842643,3/14/2018,91
795,2,6/13/2018,LH82/LAMA,Y207,5.415404678,0.894033273,3/14/2018,91
796,2,6/13/2018,LH82/LAMA,Y208,5.998275384,0.893899577,3/14/2018,91
797,2,6/13/2018,LH82/LAMA,Y209,4.976318859,0.892853007,3/14/2018,91
798,2,6/13/2018,LH82/LAMA,Y210,5.703698028,0.892015987,3/14/2018,91
799,2,6/13/2018,LH82/LAMA,Y211,6.507075982,0.894131088,3/14/2018,91
800,2,6/13/2018,LH82/LAMA,Y212,5.850155163,0.893630379,3/14/2018,91
801,2,6/13/2018,LH82/LAMA,Y213,5.729170193,0.892985244,3/14/2018,91
802,2,6/13/2018,LH82/LAMA,Y214,6.300932201,0.893059127,3/14/2018,91
803,2,6/13/2018,LH82/LAMA,Y215,5.83328759,0.892922851,3/14/2018,91
804,2,6/13/2018,LH82/LAMA,Y216,5.743600686,0.892850565,3/14/2018,91
805,2,6/13/2018,LH82/LAMA,Y217,5.876063776,0.893793563,3/14/2018,91
806,2,6/13/2018,LH82/LAMA,Y218,5.660922594,0.894027766,3/14/2018,91
807,2,6/13/2018,LH82/LAMA,Y219,7.195144919,0.892934006,3/14/2018,91
808,2,6/13/2018,LH82/LAMA,Y220,5.466679182,0.893497987,3/14/2018,91
809,2,6/13/2018,LH82/LAMA,Y221,5.870896546,0.89256696,3/14/2018,91
810,2,6/13/2018,LH82/LAMA,Y222,5.82373713,0.895348725,3/14/2018,91
811,2,6/13/2018,LH82/LAMA,Y223,5.754766041,0.892637083,3/14/2018,91
812,2,6/13/2018,LH82/LAMA,Y224,6.944904686,0.89272664,3/14/2018,91
813,2,6/13/2018,LH82/LAMA,Y225,5.235787056,0.893256368,3/14/2018,91
814,2,6/13/2018,LH82/LAMA,Y226,5.73049724,0.893070879,3/14/2018,91
815,2,6/13/2018,LH82/LAMA,Y227,5.843647218,0.892643027,3/14/2018,91
816,2,6/13/2018,LH82/LAMA,Y228,5.822410232,0.893957465,3/14/2018,91
817,2,6/13/2018,LH82/LAMA,Y229,6.359191403,0.89280766,3/14/2018,91
818,2,6/13/2018,LH82/LAMA,Y230,7.186790803,0.892582551,3/14/2018,91
819,2,6/13/2018,LH82/LAMA,Y231,6.961789856,0.893673513,3/14/2018,91
820,2,6/13/2018,LH82/LAMA,Y232,6.336155263,0.894380783,3/14/2018,91
821,2,6/13/2018,LH82/LAMA,Y233,6.485555965,0.894262497,3/14/2018,91
822,2,6/13/2018,LH82/LAMA,Y234,7.705108739,0.892955703,3/14/2018,91
823,2,6/13/2018,LH82/LAMA,Y235,6.522930502,0.89514272,3/14/2018,91
824,2,6/13/2018,LH82/LAMA,Y236,5.770970691,0.893873098,3/14/2018,91
825,2,6/13/2018,LH82/LAMA,Y237,6.382629379,0.892401665,3/14/2018,91
826,2,6/13/2018,LH82/LAMA,Y238,6.47353874,0.892448831,3/14/2018,91
827,2,6/13/2018,LH82/LAMA,Y239,5.832813726,0.893154553,3/14/2018,91
828,2,6/13/2018,LH82/LAMA,Y240,5.750524303,0.892661727,3/14/2018,91
829,2,6/13/2018,LH82/LAMA,Y241,7.19601689,0.895593532,3/14/2018,91
830,2,6/13/2018,LH82/LAMA,Y242,6.357329392,0.892860502,3/14/2018,91
831,2,6/13/2018,LH82/LAMA,Y243,7.893533132,0.892874898,3/14/2018,91
832,2,6/13/2018,LH82/LAMA,Y244,6.38982572,0.893930224,3/14/2018,91
833,2,6/13/2018,LH82/LAMA,Y245,6.91980497,0.894153878,3/14/2018,91
834,2,6/13/2018,LH82/LAMA,Y246,5.896461397,0.960745236,3/14/2018,91
835,2,6/13/2018,LH82/LAMA,Y247,5.973010598,0.894914325,3/14/2018,91
836,2,6/13/2018,LH82/LAMA,Y248,6.401235019,0.892409232,3/14/2018,91
837,2,6/13/2018,LH82/LAMA,Y249,7.214703363,0.893222877,3/14/2018,91
838,2,6/13/2018,LH82/LAMA,Y250,6.340952223,0.892270176,3/14/2018,91
839,2,6/13/2018,LH82/LAMA,Y251,5.861592257,0.894203118,3/14/2018,91
840,2,6/13/2018,LH82/LAMA,Y252,5.797256749,0.894748789,3/14/2018,91
841,2,6/13/2018,LH82/LAMA,Y253,6.981783538,0.894087268,3/14/2018,91
842,2,6/13/2018,LH82/LAMA,Y254,5.722422451,0.893650593,3/14/2018,91
843,2,6/13/2018,LH82/LAMA,Y255,6.252415241,0.892971861,3/14/2018,91
844,2,6/13/2018,LH82/LAMA,Y256,5.632980523,0.895027388,3/14/2018,91
845,2,6/13/2018,LH82/LAMA,Y257,5.89565777,0.894009584,3/14/2018,91
846,2,6/13/2018,LH82/LAMA,Y258,5.755418795,0.893901732,3/14/2018,91
847,2,6/13/2018,LH82/LAMA,Y259,5.5564406,0.894778801,3/14/2018,91
848,2,6/13/2018,LH82/LAMA,Y260,5.623156297,0.891964773,3/14/2018,91
849,2,6/13/2018,LH82/LAMA,Y261,5.723249311,0.892843055,3/14/2018,91
850,2,6/13/2018,LH82/LAMA,Y262,5.761923387,0.894696896,3/14/2018,91
851,2,6/13/2018,LH82/LAMA,Y263,5.629290924,0.893872503,3/14/2018,91
852,2,6/13/2018,LH82/LAMA,Y264,5.920292995,0.893309312,3/14/2018,91
853,2,6/13/2018,LH82/LAMA,Y265,7.022867872,0.893594127,3/14/2018,91
854,2,6/13/2018,LH82/LAMA,Y266,6.511943539,0.895217053,3/14/2018,91
855,2,6/13/2018,LH82/LAMA,Y267,6.301565456,0.894093574,3/14/2018,91
856,2,6/13/2018,LH82/LAMA,Y268,6.48729737,0.893991921,3/14/2018,91
857,2,6/13/2018,LH82/LAMA,Y269,5.722111583,0.892779033,3/14/2018,91
858,2,6/13/2018,LH82/LAMA,Y270,6.885597225,0.895847267,3/14/2018,91
859,2,6/13/2018,LH82/LAMA,Y271,7.081058387,0.893988858,3/14/2018,91
860,2,6/13/2018,LH82/LAMA,Y272,5.90426344,0.893087934,3/14/2018,91
861,2,6/13/2018,LH82/LAMA,Y273,5.895135245,0.89256567,3/14/2018,91
862,2,6/13/2018,LH82/LAMA,Y274,6.327572439,0.894899988,3/14/2018,91
863,2,6/13/2018,LH82/LAMA,Y275,6.392445322,0.897326157,3/14/2018,91
864,2,6/13/2018,LH82/LAMA,Y276,5.70030091,0.892561631,3/14/2018,91
865,2,6/13/2018,LH82/LAMA,Y277,6.041731356,1.046577417,3/14/2018,91
866,2,6/13/2018,LH82/LAMA,Y278,6.329110074,0.894207545,3/14/2018,91
867,2,6/13/2018,LH82/LAMA,Y279,6.474391062,0.892918696,3/14/2018,91
868,2,6/13/2018,LH82/LAMA,Y280,6.441220713,0.893142543,3/14/2018,91
869,2,6/13/2018,LH82/LAMA,Y281,6.546003791,0.892242811,3/14/2018,91
870,2,6/13/2018,LH82/LAMA,Y282,11.80865601,0.894428033,3/14/2018,91
871,2,6/13/2018,LH82/LAMA,Y283,7.146543956,0.892497634,3/14/2018,91
872,2,6/13/2018,LH82/LAMA,Y284,5.714386252,0.893375891,3/14/2018,91
873,2,6/13/2018,LH82/LAMA,Y285,6.315053219,0.894564168,3/14/2018,91
874,2,6/13/2018,LH82/LAMA,Y286,5.166497109,0.892538683,3/14/2018,91
875,2,6/13/2018,LH82/LAMA,Y287,6.820099137,0.8933942,3/14/2018,91
876,2,6/13/2018,LH82/LAMA,Y288,5.898094902,0.892623018,3/14/2018,91
877,2,6/13/2018,LH82/LAMA,Y289,5.563768533,0.893758526,3/14/2018,91
878,2,6/13/2018,LH82/LAMA,Y290,5.843782923,0.963115288,3/14/2018,91
879,2,6/13/2018,LH82/LAMA,Y291,6.383516597,0.893846096,3/14/2018,91
880,2,6/13/2018,LH82/LAMA,Y292,6.284286663,0.892869624,3/14/2018,91
881,2,6/13/2018,LH82/LAMA,Y293,5.803048029,0.892851419,3/14/2018,91
882,2,6/13/2018,LH82/LAMA,Y294,6.419297046,0.89308694,3/14/2018,91
883,2,6/13/2018,LH82/LAMA,Y295,6.621225265,0.893671637,3/14/2018,91
884,2,6/13/2018,LH82/LAMA,Y296,5.82302134,0.893276794,3/14/2018,91
885,2,6/13/2018,LH82/LAMA,Y297,5.79717924,0.89341832,3/14/2018,91
886,2,6/13/2018,LH82/LAMA,Y298,5.790162915,0.893020031,3/14/2018,91
887,2,6/13/2018,LH82/LAMA,Y299,4.989464602,0.895424385,3/14/2018,91
888,2,6/13/2018,LH82/LAMA,Y300,5.802274321,0.894260447,3/14/2018,91
889,2,6/13/2018,LH82/LAMA,Y301,6.465662171,0.893569519,3/14/2018,91
890,2,6/13/2018,LH82/LAMA,Y302,6.197226255,0.894557627,3/14/2018,91
891,2,6/13/2018,LH82/LAMA,Y303,6.356447131,0.894114914,3/14/2018,91
892,2,6/13/2018,LH82/LAMA,Y304,6.919430551,0.892646898,3/14/2018,91
893,2,6/13/2018,LH82/LAMA,Y305,5.622873727,0.893020965,3/14/2018,91
894,2,6/13/2018,LH82/LAMA,Y306,6.392186931,0.892772921,3/14/2018,91
895,2,6/13/2018,LH82/LAMA,Y307,5.707450968,0.892834386,3/14/2018,91
896,2,6/13/2018,LH82/LAMA,Y308,5.992248539,0.89353622,3/14/2018,91
897,2,6/13/2018,LH82/LAMA,Y309,5.801611276,0.895437173,3/14/2018,91
898,2,6/13/2018,LH82/LAMA,Y310,5.855816073,0.893989007,3/14/2018,91
899,2,6/13/2018,LH82/LAMA,Y311,5.220505546,0.895170698,3/14/2018,91
900,2,6/13/2018,LH82/LAMA,Y312,5.570601683,0.960731798,3/14/2018,91
901,2,6/13/2018,LH82/LAMA,Y313,4.353929506,1.047905544,3/14/2018,91
902,2,6/13/2018,LH82/LAMA,Y314,5.965657543,0.961530419,3/14/2018,91
903,2,6/13/2018,LH82/LAMA,Y315,6.514436819,0.894127215,3/14/2018,91
904,2,6/13/2018,LH82/LAMA,Y316,6.332313043,0.893338216,3/14/2018,91
905,2,6/13/2018,LH82/LAMA,Y317,5.654432735,0.960684513,3/14/2018,91
906,2,6/13/2018,LH82/LAMA,Y318,5.842601652,0.893595254,3/14/2018,91
907,2,6/13/2018,LH82/LAMA,Y319,5.843058136,0.892992732,3/14/2018,91
908,2,6/13/2018,LH82/LAMA,Y320,6.873430742,0.894994493,3/14/2018,91
909,2,6/13/2018,LH82/LAMA,Y321,5.752087788,0.891977051,3/14/2018,91
910,2,6/13/2018,LH82/LAMA,Y322,5.664463355,0.894079901,3/14/2018,91
911,2,6/13/2018,LH82/LAMA,Y323,6.377134408,0.892767511,3/14/2018,91
912,2,6/13/2018,LH82/LAMA,Y324,5.545911611,0.89232579,3/14/2018,91
913,2,6/13/2018,LH82/LAMA,Y325,6.459672866,0.893538356,3/14/2018,91
914,2,6/13/2018,LH82/LAMA,Y326,5.762085146,0.894359994,3/14/2018,91
915,2,6/13/2018,LH82/LAMA,Y327,6.492417374,0.894144562,3/14/2018,91
916,2,6/13/2018,LH82/LAMA,Y328,7.117691454,0.891912945,3/14/2018,91
917,2,6/13/2018,LH82/LAMA,Y329,6.462392358,0.893880995,3/14/2018,91
918,2,6/13/2018,LH82/LAMA,Y330,6.533748209,0.893689756,3/14/2018,91
919,2,6/13/2018,LH82/LAMA,Y331,6.432857529,0.893533295,3/14/2018,91
920,2,6/13/2018,LH82/LAMA,Y332,6.413902953,0.893977285,3/14/2018,91
921,2,6/13/2018,LH82/LAMA,Y333,5.568634631,0.894537287,3/14/2018,91
922,2,6/13/2018,LH82/LAMA,Y334,7.137115228,0.893068296,3/14/2018,91
923,2,6/13/2018,LH82/LAMA,Y335,6.650875107,0.962751316,3/14/2018,91
924,2,6/13/2018,LH82/LAMA,Y336,5.8437756,0.893251577,3/14/2018,91
925,2,6/13/2018,LH82/LAMA,Y337,5.757734934,0.894252786,3/14/2018,91
926,2,6/13/2018,LH82/LAMA,Y338,6.638528026,0.893849383,3/14/2018,91
927,2,6/13/2018,LH82/LAMA,Y339,6.040717506,0.90058778,3/14/2018,91
928,2,6/13/2018,LH82/LAMA,Y340,5.859418647,0.89483512,3/14/2018,91
929,2,6/13/2018,LH82/LAMA,Y341,7.775695041,0.894503015,3/14/2018,91
930,2,6/13/2018,LH82/LAMA,Y342,5.81154585,0.892644689,3/14/2018,91
931,2,6/13/2018,LH82/LAMA,Y343,5.166772555,0.892302168,3/14/2018,91
932,2,6/13/2018,LH82/LAMA,Y344,6.975493414,0.893606951,3/14/2018,91
933,2,6/13/2018,LH82/LAMA,Y345,7.12371063,0.892261711,3/14/2018,91
934,2,6/13/2018,Tx740/NC356,Y346,6.568960552,1.092086874,3/14/2018,91
935,2,6/13/2018,Tx740/NC356,Y347,4.363578299,1.092070161,3/14/2018,91
936,2,6/13/2018,Tx740/NC356,Y348,7.043445543,1.095441851,3/14/2018,91
937,2,6/13/2018,Tx740/NC356,Y349,5.748316943,1.092338759,3/14/2018,91
938,2,6/13/2018,Tx740/NC356,Y351,5.302485506,1.098954731,3/14/2018,91
939,2,6/13/2018,Tx740/NC356,Y352,5.554776542,1.092191498,3/14/2018,91
940,2,6/13/2018,Tx740/NC356,Y353,7.491089637,1.094670387,3/14/2018,91
941,2,6/13/2018,Tx740/NC356,Y354,3.360295146,1.223264153,3/14/2018,91
942,2,6/13/2018,Tx740/NC356,Y355,9.101447683,1.101819707,3/14/2018,91
943,2,6/13/2018,Tx740/NC356,Y356,6.051265818,1.093101146,3/14/2018,91
944,2,6/13/2018,Tx740/NC356,Y357,5.954756703,1.092923159,3/14/2018,91
945,2,6/13/2018,Tx740/NC356,Y359,4.511845673,1.093478026,3/14/2018,91
946,2,6/13/2018,Tx740/NC356,Y360,8.668495302,1.091602651,3/14/2018,91
947,2,6/13/2018,Tx740/NC356,Y361,6.687263155,1.099893284,3/14/2018,91
948,2,6/13/2018,Tx740/NC356,Y362,3.087765387,1.092009202,3/14/2018,91
949,2,6/13/2018,Tx740/NC356,Y363,3.166935362,1.095701078,3/14/2018,91
950,2,6/13/2018,Tx740/NC356,Y364,2.962842987,1.094397314,3/14/2018,91
951,2,6/13/2018,Tx740/NC356,Y365,8.975272254,1.09089624,3/14/2018,91
952,2,6/13/2018,Tx740/NC356,Y366,6.008189658,1.093316399,3/14/2018,91
953,2,6/13/2018,Tx740/NC356,Y367,17.13809324,1.093288002,3/14/2018,91
954,2,6/13/2018,Tx740/NC356,Y368,8.074355367,1.095096677,3/14/2018,91
955,2,6/13/2018,Tx740/NC356,Y369,4.726505161,1.094156152,3/14/2018,91
956,2,6/13/2018,Tx740/NC356,Y370,5.811033465,1.096737109,3/14/2018,91
957,2,6/13/2018,Tx740/NC356,Y371,4.865324629,1.095356063,3/14/2018,91
958,2,6/13/2018,Tx740/NC356,Y372,9.982524816,1.095618126,3/14/2018,91
959,2,6/13/2018,Tx740/NC356,Y373,5.162568705,1.09587288,3/14/2018,91
960,2,6/13/2018,Tx740/NC356,Y374,3.630800287,1.093871203,3/14/2018,91
961,2,6/13/2018,Tx740/NC356,Y375,2.83655263,1.092118457,3/14/2018,91
962,2,6/13/2018,Tx740/NC356,Y376,3.735238798,1.100547936,3/14/2018,91
963,2,6/13/2018,Tx740/NC356,Y377,6.523741115,1.09283587,3/14/2018,91
964,2,6/13/2018,Tx740/NC356,Y378,4.431217465,1.093196844,3/14/2018,91
965,2,6/13/2018,Tx740/NC356,Y379,3.859004167,1.091173982,3/14/2018,91
966,2,6/13/2018,Tx740/NC356,Y380,8.602507654,1.09114746,3/14/2018,91
967,2,6/13/2018,Tx740/NC356,Y381,4.683233182,1.091629127,3/14/2018,91
968,2,6/13/2018,Tx740/NC356,Y382,7.506137379,1.092686915,3/14/2018,91
969,2,6/13/2018,Tx740/NC356,Y383,8.702244169,1.095630636,3/14/2018,91
970,2,6/13/2018,Tx740/NC356,Y384,3.703012564,1.094026079,3/14/2018,91
971,2,6/13/2018,Tx740/NC356,Y385,6.636838817,1.097487513,3/14/2018,91
972,2,6/13/2018,Tx740/NC356,Y386,5.847075204,1.093529573,3/14/2018,91
973,2,6/13/2018,Tx740/NC356,Y387,5.392715945,1.092232548,3/14/2018,91
974,2,6/13/2018,Tx740/NC356,Y388,6.009076609,1.096760349,3/14/2018,91
975,2,6/13/2018,Tx740/NC356,Y389,5.015218738,1.092567122,3/14/2018,91
976,2,6/13/2018,Tx740/NC356,Y390,4.872998176,1.097198342,3/14/2018,91
977,2,6/13/2018,Tx740/NC356,Y391,12.15024551,1.094332693,3/14/2018,91
978,2,6/13/2018,Tx740/NC356,Y392,7.886254733,1.094783936,3/14/2018,91
979,2,6/13/2018,Tx740/NC356,Y393,8.975293654,1.09485795,3/14/2018,91
980,2,6/13/2018,Tx740/NC356,Y394,7.0871546,1.096258414,3/14/2018,91
981,2,6/13/2018,Tx740/NC356,Y395,6.218499515,1.094273092,3/14/2018,91
982,2,6/13/2018,Tx740/NC356,Y396,6.043466231,1.092054934,3/14/2018,91
983,2,6/13/2018,Tx740/NC356,Y397,6.880928145,1.096236072,3/14/2018,91
984,2,6/13/2018,Tx740/NC356,Y398,5.757965463,1.096948215,3/14/2018,91
985,2,6/13/2018,Tx740/NC356,Y400,5.254373046,1.092714724,3/14/2018,91
986,2,6/13/2018,Tx740/NC356,Y401,2.591585894,1.093231761,3/14/2018,91
987,2,6/13/2018,Tx740/NC356,Y402,7.716548896,1.091287102,3/14/2018,91
988,2,6/13/2018,Tx740/NC356,Y403,9.017028676,1.097764337,3/14/2018,91
989,2,6/13/2018,Tx740/NC356,Y404,3.710612311,1.093542979,3/14/2018,91
990,2,6/13/2018,Tx740/NC356,Y405,4.422308968,1.09223728,3/14/2018,91
991,2,6/13/2018,Tx740/NC356,Y406,9.898423247,1.094110521,3/14/2018,91
992,2,6/13/2018,Tx740/NC356,Y407,3.844760887,1.094261611,3/14/2018,91
993,2,6/13/2018,Tx740/NC356,Y408,6.462974248,1.094506885,3/14/2018,91
994,2,6/13/2018,Tx740/NC356,Y409,6.985936702,1.091048982,3/14/2018,91
995,2,6/13/2018,Tx740/NC356,Y410,5.739094436,1.091096588,3/14/2018,91
996,2,6/13/2018,Tx740/NC356,Y411,8.722955362,1.094489094,3/14/2018,91
997,2,6/13/2018,Tx740/NC356,Y412,4.715839319,1.09773648,3/14/2018,91
998,2,6/13/2018,Tx740/NC356,Y414,8.593405317,1.093752378,3/14/2018,91
999,2,6/13/2018,Tx740/NC356,Y415,4.655814519,1.093925069,3/14/2018,91
1000,2,6/13/2018,Tx740/NC356,Y416,7.747100903,1.091340554,3/14/2018,91
1001,2,6/13/2018,Tx740/NC356,Y417,3.508088166,1.094613508,3/14/2018,91
1002,2,6/13/2018,Tx740/NC356,Y419,4.113890309,1.094495262,3/14/2018,91
1003,2,6/13/2018,Tx740/NC356,Y420,8.774425395,1.094277922,3/14/2018,91
1004,2,6/13/2018,Tx740/NC356,Y421,6.719890191,1.091978277,3/14/2018,91
1005,2,6/13/2018,Tx740/NC356,Y423,9.772677338,1.092087894,3/14/2018,91
1006,2,6/13/2018,Tx740/NC356,Y424,6.705866063,1.09376199,3/14/2018,91
1007,2,6/13/2018,Tx740/NC356,Y425,0.975351309,1.094550332,3/14/2018,91
1008,2,6/13/2018,Tx740/NC356,Y426,5.715620099,1.090481846,3/14/2018,91
1009,2,6/13/2018,Tx740/NC356,Y427,5.609510795,1.095015201,3/14/2018,91
1010,2,6/13/2018,Tx740/NC356,Y428,3.846250536,1.093861304,3/14/2018,91
1011,2,6/13/2018,Tx740/NC356,Y429,3.986361071,1.094246172,3/14/2018,91
1012,2,6/13/2018,Tx740/NC356,Y430,4.64044545,1.090347445,3/14/2018,91
1013,2,6/13/2018,Tx740/NC356,Y431,5.147927857,1.093526916,3/14/2018,91
1014,2,6/13/2018,Tx740/NC356,Y432,4.871762595,1.097807362,3/14/2018,91
1015,2,6/13/2018,Tx740/NC356,Y434,6.096106686,1.095946311,3/14/2018,91
1016,2,6/13/2018,Tx740/NC356,Y435,8.705815848,1.096296339,3/14/2018,91
1017,2,6/13/2018,Tx740/NC356,Y436,6.26805069,1.096460458,3/14/2018,91
1018,2,6/13/2018,Tx740/NC356,Y437,5.870095375,1.092266665,3/14/2018,91
1019,2,6/13/2018,Tx740/NC356,Y438,4.085726603,1.093172406,3/14/2018,91
1020,2,6/13/2018,Tx740/NC356,Y439,2.704748098,1.095122729,3/14/2018,91
1021,2,6/13/2018,Tx740/NC356,Y440,5.61643309,1.092342729,3/14/2018,91
1022,2,6/13/2018,Tx740/NC356,Y441,6.088744599,1.097924826,3/14/2018,91
1023,2,6/13/2018,Tx740/NC356,Y442,5.563491699,1.093708711,3/14/2018,91
1024,2,6/13/2018,Tx740/NC356,Y443,7.186850855,1.093419207,3/14/2018,91
1025,2,6/13/2018,Tx740/NC356,Y444,4.757272528,1.094988479,3/14/2018,91
1026,2,6/13/2018,Tx740/NC356,Y445,3.875731389,1.093015945,3/14/2018,91
1027,2,6/13/2018,Tx740/NC356,Y446,5.628685246,1.092837193,3/14/2018,91
1028,2,6/13/2018,Tx740/NC356,Y449,6.288331624,1.093325639,3/14/2018,91
1029,2,6/13/2018,Tx740/NC356,Y450,4.793579839,1.090949131,3/14/2018,91
1030,2,6/13/2018,Tx740/NC356,Y451,6.113886019,1.094021415,3/14/2018,91
1031,2,6/13/2018,Tx740/NC356,Y452,9.778923575,1.093950978,3/14/2018,91
1032,2,6/13/2018,Tx740/NC356,Y453,5.23895524,1.094243089,3/14/2018,91
1033,2,6/13/2018,Tx740/NC356,Y454,5.6311322,1.094301826,3/14/2018,91
1034,2,6/13/2018,Tx740/NC356,Y455,3.842321086,1.094331515,3/14/2018,91
1035,3,6/22/2018,Ki3/NC356,Y001,9.711899032,2.209605217,3/14/2018,100
1036,3,6/22/2018,Ki3/NC356,Y002,5.961766693,2.208193731,3/14/2018,100
1037,3,6/22/2018,Ki3/NC356,Y003,10.22050527,2.220342714,3/14/2018,100
1038,3,6/22/2018,Ki3/NC356,Y004,10.78699154,2.207236857,3/14/2018,100
1039,3,6/22/2018,Ki3/NC356,Y005,9.813288855,2.21210642,3/14/2018,100
1040,3,6/22/2018,Ki3/NC356,Y006,14.19281754,2.197518243,3/14/2018,100
1041,3,6/22/2018,Ki3/NC356,Y007,14.02403828,2.213195445,3/14/2018,100
1042,3,6/22/2018,Ki3/NC356,Y008,7.070910682,2.211026073,3/14/2018,100
1043,3,6/22/2018,Ki3/NC356,Y009,14.1251021,2.207042255,3/14/2018,100
1044,3,6/22/2018,Ki3/NC356,Y010,11.6557822,2.212428834,3/14/2018,100
1045,3,6/22/2018,Ki3/NC356,Y011,9.509094321,2.197310657,3/14/2018,100
1046,3,6/22/2018,Ki3/NC356,Y012,9.442162665,2.202068241,3/14/2018,100
1047,3,6/22/2018,Ki3/NC356,Y013,8.951613005,2.198704182,3/14/2018,100
1048,3,6/22/2018,Ki3/NC356,Y014,8.015517997,2.209674357,3/14/2018,100
1049,3,6/22/2018,Ki3/NC356,Y015,7.107688745,2.199469715,3/14/2018,100
1050,3,6/22/2018,Ki3/NC356,Y016,7.833976395,2.204523719,3/14/2018,100
1051,3,6/22/2018,Ki3/NC356,Y017,7.488724861,2.207716306,3/14/2018,100
1052,3,6/22/2018,Ki3/NC356,Y018,8.788514866,2.397792678,3/14/2018,100
1053,3,6/22/2018,Ki3/NC356,Y019,11.45042332,2.207322154,3/14/2018,100
1054,3,6/22/2018,Ki3/NC356,Y020,10.20343689,2.212992641,3/14/2018,100
1055,3,6/22/2018,Ki3/NC356,Y021,9.62548026,2.202912561,3/14/2018,100
1056,3,6/22/2018,Ki3/NC356,Y022,10.91016024,2.208003832,3/14/2018,100
1057,3,6/22/2018,Ki3/NC356,Y023,10.03931415,2.216583423,3/14/2018,100
1058,3,6/22/2018,Ki3/NC356,Y024,9.491725465,2.210640428,3/14/2018,100
1059,3,6/22/2018,Ki3/NC356,Y025,7.348712302,2.213508087,3/14/2018,100
1060,3,6/22/2018,Ki3/NC356,Y026,17.84056507,2.210633152,3/14/2018,100
1061,3,6/22/2018,Ki3/NC356,Y027,7.527196633,2.217082449,3/14/2018,100
1062,3,6/22/2018,Ki3/NC356,Y028,15.23078157,2.213359168,3/14/2018,100
1063,3,6/22/2018,Ki3/NC356,Y029,11.26982006,2.202258362,3/14/2018,100
1064,3,6/22/2018,Ki3/NC356,Y030,7.463015858,2.211438797,3/14/2018,100
1065,3,6/22/2018,Ki3/NC356,Y031,8.422378795,2.209161892,3/14/2018,100
1066,3,6/22/2018,Ki3/NC356,Y032,13.47456574,2.210552226,3/14/2018,100
1067,3,6/22/2018,Ki3/NC356,Y033,9.742544848,2.210750372,3/14/2018,100
1068,3,6/22/2018,Ki3/NC356,Y034,10.18366786,2.211596429,3/14/2018,100
1069,3,6/22/2018,Ki3/NC356,Y035,10.5419249,2.204044501,3/14/2018,100
1070,3,6/22/2018,Ki3/NC356,Y036,8.974436009,2.216206249,3/14/2018,100
1071,3,6/22/2018,Ki3/NC356,Y037,10.03059863,2.200374766,3/14/2018,100
1072,3,6/22/2018,Ki3/NC356,Y038,13.71822012,2.200014572,3/14/2018,100
1073,3,6/22/2018,Ki3/NC356,Y039,15.24803825,2.216776204,3/14/2018,100
1074,3,6/22/2018,Ki3/NC356,Y040,8.474247048,2.205746745,3/14/2018,100
1075,3,6/22/2018,Ki3/NC356,Y041,11.29673995,2.203595626,3/14/2018,100
1076,3,6/22/2018,Ki3/NC356,Y042,8.070923797,2.222103957,3/14/2018,100
1077,3,6/22/2018,Ki3/NC356,Y043,7.706315453,2.214687527,3/14/2018,100
1078,3,6/22/2018,Ki3/NC356,Y044,9.952472116,2.208453556,3/14/2018,100
1079,3,6/22/2018,Ki3/NC356,Y045,7.118180335,2.208579895,3/14/2018,100
1080,3,6/22/2018,Ki3/NC356,Y046,11.21030391,2.212379526,3/14/2018,100
1081,3,6/22/2018,Ki3/NC356,Y047,23.27500512,2.204616608,3/14/2018,100
1082,3,6/22/2018,Ki3/NC356,Y048,7.054904149,2.209195922,3/14/2018,100
1083,3,6/22/2018,Ki3/NC356,Y049,7.998797032,2.20198152,3/14/2018,100
1084,3,6/22/2018,Ki3/NC356,Y050,10.03947036,2.200616075,3/14/2018,100
1085,3,6/22/2018,Ki3/NC356,Y051,10.04429595,2.20395435,3/14/2018,100
1086,3,6/22/2018,Ki3/NC356,Y052,9.332275269,2.212791699,3/14/2018,100
1087,3,6/22/2018,Ki3/NC356,Y053,8.159752167,2.202890843,3/14/2018,100
1088,3,6/22/2018,Ki3/NC356,Y054,8.36433917,2.201563661,3/14/2018,100
1089,3,6/22/2018,Ki3/NC356,Y055,8.223278784,2.410301965,3/14/2018,100
1090,3,6/22/2018,Ki3/NC356,Y056,8.756697375,2.200622595,3/14/2018,100
1091,3,6/22/2018,Ki3/NC356,Y057,11.68877707,2.208834061,3/14/2018,100
1092,3,6/22/2018,Ki3/NC356,Y058,8.278206991,2.200845285,3/14/2018,100
1093,3,6/22/2018,Ki3/NC356,Y059,10.84320025,2.206444017,3/14/2018,100
1094,3,6/22/2018,Ki3/NC356,Y060,13.07009224,2.211336175,3/14/2018,100
1095,3,6/22/2018,Ki3/NC356,Y061,9.340900123,2.213057885,3/14/2018,100
1096,3,6/22/2018,Ki3/NC356,Y062,8.320595837,2.211059852,3/14/2018,100
1097,3,6/22/2018,Ki3/NC356,Y063,8.609541773,2.213381419,3/14/2018,100
1098,3,6/22/2018,Ki3/NC356,Y064,9.511225511,2.210829444,3/14/2018,100
1099,3,6/22/2018,Ki3/NC356,Y065,9.087015281,2.21574365,3/14/2018,100
1100,3,6/22/2018,Ki3/NC356,Y066,9.852667471,2.210014322,3/14/2018,100
1101,3,6/22/2018,Ki3/NC356,Y067,8.72569016,2.20636778,3/14/2018,100
1102,3,6/22/2018,Ki3/NC356,Y068,7.423203731,2.20711386,3/14/2018,100
1103,3,6/22/2018,Ki3/NC356,Y069,8.966291481,2.214819921,3/14/2018,100
1104,3,6/22/2018,Ki3/NC356,Y070,7.905642428,2.203127778,3/14/2018,100
1105,3,6/22/2018,Ki3/NC356,Y071,9.979795025,2.22143088,3/14/2018,100
1106,3,6/22/2018,Ki3/NC356,Y072,7.965881693,2.201263523,3/14/2018,100
1107,3,6/22/2018,Ki3/NC356,Y073,8.473261549,2.210916534,3/14/2018,100
1108,3,6/22/2018,Ki3/NC356,Y074,8.823100507,2.219737346,3/14/2018,100
1109,3,6/22/2018,Ki3/NC356,Y075,9.909004838,2.201257977,3/14/2018,100
1110,3,6/22/2018,Ki3/NC356,Y076,7.675212425,2.202970809,3/14/2018,100
1111,3,6/22/2018,Ki3/NC356,Y077,9.336758954,2.199718706,3/14/2018,100
1112,3,6/22/2018,Ki3/NC356,Y078,8.845099742,2.215165778,3/14/2018,100
1113,3,6/22/2018,Ki3/NC356,Y079,10.01544374,2.215320035,3/14/2018,100
1114,3,6/22/2018,Ki3/NC356,Y080,6.613436661,2.206414084,3/14/2018,100
1115,3,6/22/2018,Ki3/NC356,Y081,10.85345151,2.20212038,3/14/2018,100
1116,3,6/22/2018,Ki3/NC356,Y082,9.621623296,2.215477875,3/14/2018,100
1117,3,6/22/2018,Ki3/NC356,Y083,8.88357071,2.208097265,3/14/2018,100
1118,3,6/22/2018,Ki3/NC356,Y084,11.8278269,2.199690718,3/14/2018,100
1119,3,6/22/2018,Ki3/NC356,Y085,10.84307483,2.204558753,3/14/2018,100
1120,3,6/22/2018,Ki3/NC356,Y086,9.558979627,2.215547287,3/14/2018,100
1121,3,6/22/2018,Ki3/NC356,Y087,9.88150171,2.215071274,3/14/2018,100
1122,3,6/22/2018,Ki3/NC356,Y088,18.27491646,2.204650497,3/14/2018,100
1123,3,6/22/2018,Ki3/NC356,Y089,10.22136718,2.214863415,3/14/2018,100
1124,3,6/22/2018,Ki3/NC356,Y090,24.78059437,2.198056692,3/14/2018,100
1125,3,6/22/2018,Ki3/NC356,Y091,24.05483781,2.212046784,3/14/2018,100
1126,3,6/22/2018,Ki3/NC356,Y092,13.40477774,2.207179753,3/14/2018,100
1127,3,6/22/2018,Ki3/NC356,Y093,11.20213559,2.203576336,3/14/2018,100
1128,3,6/22/2018,Ki3/NC356,Y094,8.233447303,2.215441835,3/14/2018,100
1129,3,6/22/2018,Ki3/NC356,Y095,5.903321121,2.216609802,3/14/2018,100
1130,3,6/22/2018,Ki3/NC356,Y096,23.0039732,2.198474418,3/14/2018,100
1131,3,6/22/2018,Ki3/NC356,Y097,11.39132193,2.21639289,3/14/2018,100
1132,3,6/22/2018,Ki3/NC356,Y098,7.431474078,2.213573152,3/14/2018,100
1133,3,6/22/2018,Ki3/NC356,Y099,10.46060648,2.201984773,3/14/2018,100
1134,3,6/22/2018,Ki3/NC356,Y100,5.185916576,2.210222766,3/14/2018,100
1135,3,6/22/2018,Ki3/NC356,Y101,10.50608676,2.205172379,3/14/2018,100
1136,3,6/22/2018,Ki3/NC356,Y102,9.666786588,2.213046721,3/14/2018,100
1137,3,6/22/2018,Ki3/NC356,Y103,13.55994827,2.200352304,3/14/2018,100
1138,3,6/22/2018,Ki3/NC356,Y105,9.000043258,2.193388667,3/14/2018,100
1139,3,6/22/2018,Ki3/NC356,Y106,9.171240409,2.218164789,3/14/2018,100
1140,3,6/22/2018,Ki3/NC356,Y107,10.00649778,2.208967226,3/14/2018,100
1141,3,6/22/2018,Ki3/NC356,Y108,9.800486172,2.214158537,3/14/2018,100
1142,3,6/22/2018,Ki3/NC356,Y109,9.557227053,2.206127682,3/14/2018,100
1143,3,6/22/2018,Ki3/NC356,Y110,8.123065523,2.212924276,3/14/2018,100
1144,3,6/22/2018,Ki3/NC356,Y111,10.29063396,2.20560762,3/14/2018,100
1145,3,6/22/2018,Ki3/NC356,Y112,10.2194166,2.220216738,3/14/2018,100
1146,3,6/22/2018,Ki3/NC356,Y113,15.56875712,2.20869671,3/14/2018,100
1147,3,6/22/2018,Ki3/NC356,Y114,9.704810351,2.202987106,3/14/2018,100
1148,3,6/22/2018,Ki3/NC356,Y115,6.814676813,2.210839545,3/14/2018,100
1149,3,6/22/2018,Ki3/NC356,Y116,7.92500221,2.201674063,3/14/2018,100
1150,3,6/22/2018,Ki3/NC356,Y117,14.61241897,2.210846664,3/14/2018,100
1151,3,6/22/2018,Ki3/NC356,Y118,10.45211073,2.213173108,3/14/2018,100
1152,3,6/22/2018,Ki3/NC356,Y119,6.893292554,2.2155622,3/14/2018,100
1153,3,6/22/2018,Ki3/NC356,Y120,9.146508364,2.216790717,3/14/2018,100
1154,3,6/22/2018,Ki3/NC356,Y121,9.519554701,2.211458019,3/14/2018,100
1155,3,6/22/2018,Ki3/NC356,Y122,9.287194471,2.209041611,3/14/2018,100
1156,3,6/22/2018,Ki3/NC356,Y123,13.90132105,2.205642389,3/14/2018,100
1157,3,6/22/2018,Ki3/NC356,Y124,8.720983893,2.206695035,3/14/2018,100
1158,3,6/22/2018,Ki3/NC356,Y125,10.26908111,2.208266073,3/14/2018,100
1159,3,6/22/2018,Ki3/NC356,Y126,8.443087651,2.206533336,3/14/2018,100
1160,3,6/22/2018,Ki3/NC356,Y127,9.389111389,2.214612438,3/14/2018,100
1161,3,6/22/2018,Ki3/NC356,Y128,7.764682471,2.21998318,3/14/2018,100
1162,3,6/22/2018,Ki3/NC356,Y129,8.461789459,2.201305342,3/14/2018,100
1163,3,6/22/2018,Ki3/NC356,Y130,8.216879605,2.215123189,3/14/2018,100
1164,3,6/22/2018,Ki3/NC356,Y131,7.573802917,2.194852174,3/14/2018,100
1165,3,6/22/2018,Ki3/NC356,Y132,16.22937031,2.19154884,3/14/2018,100
1166,3,6/22/2018,Ki3/NC356,Y133,6.411873331,2.216083183,3/14/2018,100
1167,3,6/22/2018,Ki3/NC356,Y134,5.727136066,2.216390928,3/14/2018,100
1168,3,6/22/2018,Ki3/NC356,Y135,9.241837206,2.217025074,3/14/2018,100
1169,3,6/22/2018,Ki3/NC356,Y136,6.800326621,2.211948797,3/14/2018,100
1170,3,6/22/2018,Ki3/NC356,Y137,9.78939087,2.210265424,3/14/2018,100
1171,3,6/22/2018,Ki3/NC356,Y138,12.44352294,2.209906795,3/14/2018,100
1172,3,6/22/2018,Ki3/NC356,Y139,7.249749473,2.213240249,3/14/2018,100
1173,3,6/22/2018,Ki3/NC356,Y140,12.97831289,2.208925161,3/14/2018,100
1174,3,6/22/2018,Ki3/NC356,Y141,9.052625468,2.218019944,3/14/2018,100
1175,3,6/22/2018,Ki3/NC356,Y142,11.38805487,2.20327309,3/14/2018,100
1176,3,6/22/2018,Ki3/NC356,Y143,10.23854746,2.208421166,3/14/2018,100
1177,3,6/22/2018,Ki3/NC356,Y144,12.25547315,2.213450813,3/14/2018,100
1178,3,6/22/2018,Ki3/NC356,Y145,9.347390752,2.215736407,3/14/2018,100
1179,3,6/22/2018,Ki3/NC356,Y146,6.583423858,2.197806369,3/14/2018,100
1180,3,6/22/2018,Ki3/NC356,Y147,8.089312637,2.209523896,3/14/2018,100
1181,3,6/22/2018,Ki3/NC356,Y148,7.427989065,2.208029941,3/14/2018,100
1182,3,6/22/2018,Ki3/NC356,Y149,11.14970112,2.212627751,3/14/2018,100
1183,3,6/22/2018,Ki3/NC356,Y150,9.408044212,2.204280333,3/14/2018,100
1184,3,6/22/2018,Ki3/NC356,Y151,8.185301339,2.205630971,3/14/2018,100
1185,3,6/22/2018,Ki3/NC356,Y152,7.263803615,2.215412584,3/14/2018,100
1186,3,6/22/2018,Ki3/NC356,Y153,12.17321161,2.210941536,3/14/2018,100
1187,3,6/22/2018,Ki3/NC356,Y154,10.85099668,2.219596974,3/14/2018,100
1188,3,6/22/2018,Ki3/NC356,Y155,11.35559202,2.213637284,3/14/2018,100
1189,3,6/22/2018,Ki3/NC356,Y156,9.181674679,2.202692268,3/14/2018,100
1190,3,6/22/2018,Ki3/NC356,Y157,10.49203471,2.212634005,3/14/2018,100
1191,3,6/22/2018,Ki3/NC356,Y158,6.14673201,2.200037605,3/14/2018,100
1192,3,6/22/2018,Ki3/NC356,Y159,10.60620022,2.205231913,3/14/2018,100
1193,3,6/22/2018,Ki3/NC356,Y160,10.63875954,2.210020332,3/14/2018,100
1194,3,6/22/2018,Ki3/NC356,Y161,10.65008956,2.211646479,3/14/2018,100
1195,3,6/22/2018,Ki3/NC356,Y162,7.819358172,2.213947163,3/14/2018,100
1196,3,6/22/2018,Ki3/NC356,Y163,12.28123318,2.209484097,3/14/2018,100
1197,3,6/22/2018,Ki3/NC356,Y164,8.784540497,2.215788246,3/14/2018,100
1198,3,6/22/2018,Ki3/NC356,Y165,7.698221223,2.213865458,3/14/2018,100
1199,3,6/22/2018,Ki3/NC356,Y166,6.373892567,2.206957678,3/14/2018,100
1200,3,6/22/2018,Ki3/NC356,Y167,15.10752776,2.208671804,3/14/2018,100
1201,3,6/22/2018,Ki3/NC356,Y456,5.374137571,2.399101037,3/14/2018,100
1202,3,6/22/2018,Ki3/NC356,Y457,7.989717177,2.215689653,3/14/2018,100
1203,3,6/22/2018,Ki3/NC356,Y458,13.16668658,2.210753745,3/14/2018,100
1204,3,6/22/2018,Ki3/NC356,Y459,6.788095131,2.199188226,3/14/2018,100
1205,3,6/22/2018,Ki3/NC356,Y460,8.733274388,2.212545756,3/14/2018,100
1206,3,6/22/2018,Ki3/NC356,Y461,13.23846063,2.207237928,3/14/2018,100
1207,3,6/22/2018,Ki3/NC356,Y462,8.706228637,2.212335383,3/14/2018,100
1208,3,6/22/2018,Ki3/NC356,Y463,6.880654663,2.20438701,3/14/2018,100
1209,3,6/22/2018,Ki3/NC356,Y464,13.04755094,2.2150069,3/14/2018,100
1210,3,6/22/2018,Ki3/NC356,Y465,12.38612976,2.214536747,3/14/2018,100
1211,3,6/22/2018,Ki3/NC356,Y466,9.394735726,2.212657784,3/14/2018,100
1212,3,6/22/2018,Ki3/NC356,Y467,10.88778168,2.221247757,3/14/2018,100
1213,3,6/22/2018,Ki3/NC356,Y468,7.341246151,2.207897063,3/14/2018,100
1214,3,6/22/2018,Ki3/NC356,Y469,12.01484516,2.203289917,3/14/2018,100
1215,3,6/22/2018,Ki3/NC356,Y470,5.840806529,2.203362741,3/14/2018,100
1216,3,6/22/2018,Ki3/NC356,Y471,7.327397863,2.210815301,3/14/2018,100
1217,3,6/22/2018,Ki3/NC356,Y472,10.16304359,2.209107528,3/14/2018,100
1218,3,6/22/2018,Ki3/NC356,Y473,10.50320006,2.208984132,3/14/2018,100
1219,3,6/22/2018,Ki3/NC356,Y474,7.166018271,2.211779883,3/14/2018,100
1220,3,6/22/2018,Ki3/NC356,Y475,10.59689726,2.209882969,3/14/2018,100
1221,3,6/22/2018,Ki3/NC356,Y476,9.36159097,2.204544207,3/14/2018,100
1222,3,6/22/2018,Ki3/NC356,Y477,8.595467928,2.20355341,3/14/2018,100
1223,3,6/22/2018,Ki3/NC356,Y478,7.336283422,2.201916722,3/14/2018,100
1224,3,6/22/2018,Ki3/NC356,Y479,8.462499814,2.208642508,3/14/2018,100
1225,3,6/22/2018,Ki3/NC356,Y480,7.169734681,2.21142928,3/14/2018,100
1226,3,6/22/2018,Ki3/NC356,Y481,8.155864194,2.209199836,3/14/2018,100
1227,3,6/22/2018,Ki3/NC356,Y482,8.813531594,2.211369973,3/14/2018,100
1228,3,6/22/2018,Ki3/NC356,Y483,9.762135345,2.208727321,3/14/2018,100
1229,3,6/22/2018,Ki3/NC356,Y484,10.47867707,2.207564036,3/14/2018,100
1230,3,6/22/2018,Ki3/NC356,Y485,11.08981835,2.207862029,3/14/2018,100
1231,3,6/22/2018,Ki3/NC356,Y486,9.842105838,2.219436782,3/14/2018,100
1232,3,6/22/2018,Ki3/NC356,Y487,7.587353321,2.203036392,3/14/2018,100
1233,3,6/22/2018,Ki3/NC356,Y488,11.62693509,2.20672297,3/14/2018,100
1234,3,6/22/2018,Ki3/NC356,Y489,8.647168485,2.209359501,3/14/2018,100
1235,3,6/22/2018,Ki3/NC356,Y490,10.70439733,2.208318986,3/14/2018,100
1236,3,6/22/2018,Ki3/NC356,Y491,9.158511329,2.199386002,3/14/2018,100
1237,3,6/22/2018,Ki3/NC356,Y492,6.612335959,2.212262215,3/14/2018,100
1238,3,6/22/2018,Ki3/NC356,Y493,12.374234,2.209409066,3/14/2018,100
1239,3,6/22/2018,Ki3/NC356,Y494,8.751551257,2.210131767,3/14/2018,100
1240,3,6/22/2018,Ki3/NC356,Y495,10.65542264,2.209639699,3/14/2018,100
1241,3,6/22/2018,Ki3/NC356,Y496,8.892224064,2.209189885,3/14/2018,100
1242,3,6/22/2018,Ki3/NC356,Y497,9.56557714,2.204991677,3/14/2018,100
1243,3,6/22/2018,Ki3/NC356,Y498,9.232506332,2.210532448,3/14/2018,100
1244,3,6/22/2018,Ki3/NC356,Y499,9.311312659,2.208525716,3/14/2018,100
1245,3,6/22/2018,Ki3/NC356,Y500,9.001316177,2.206415663,3/14/2018,100
1246,3,6/22/2018,Ki3/NC356,Y501,6.850155672,2.208664705,3/14/2018,100
1247,3,6/22/2018,Ki3/NC356,Y502,7.980270688,2.224772411,3/14/2018,100
1248,3,6/22/2018,Ki3/NC356,Y503,10.97818897,2.213250461,3/14/2018,100
1249,3,6/22/2018,Ki3/NC356,Y504,9.850787073,2.207809079,3/14/2018,100
1250,3,6/22/2018,Ki3/NC356,Y505,9.666807622,2.20527108,3/14/2018,100
1251,3,6/22/2018,Ki3/NC356,Y506,10.05477035,2.208659964,3/14/2018,100
1252,3,6/22/2018,Ki3/NC356,Y507,9.659373945,2.214983998,3/14/2018,100
1253,3,6/22/2018,Ki3/NC356,Y508,8.51186173,2.205867855,3/14/2018,100
1254,3,6/22/2018,Ki3/NC356,Y509,10.99365518,2.209669981,3/14/2018,100
1255,3,6/22/2018,Ki3/NC356,Y510,7.38105209,2.216225186,3/14/2018,100
1256,3,6/22/2018,Ki3/NC356,Y511,15.94889697,2.210865283,3/14/2018,100
1257,3,6/22/2018,Ki3/NC356,Y512,12.65993915,2.2146308,3/14/2018,100
1258,3,6/22/2018,Ki3/NC356,Y513,8.195520742,2.205314622,3/14/2018,100
1259,3,6/22/2018,Ki3/NC356,Y514,7.49972296,2.219023747,3/14/2018,100
1260,3,6/22/2018,Ki3/NC356,Y515,12.07838767,2.202798443,3/14/2018,100
1261,3,6/22/2018,Ki3/NC356,Y516,7.60991714,2.218070245,3/14/2018,100
1262,3,6/22/2018,Ki3/NC356,Y517,7.431539449,2.210015366,3/14/2018,100
1263,3,6/22/2018,Ki3/NC356,Y518,9.101088883,2.208159472,3/14/2018,100
1264,3,6/22/2018,Ki3/NC356,Y519,15.34124292,2.209669194,3/14/2018,100
1265,3,6/22/2018,Ki3/NC356,Y520,10.24342769,2.208908328,3/14/2018,100
1266,3,6/22/2018,Ki3/NC356,Y521,9.471411009,2.212735385,3/14/2018,100
1267,3,6/22/2018,Ki3/NC356,Y522,6.605498472,2.208649234,3/14/2018,100
1268,3,6/22/2018,Ki3/NC356,Y523,10.15255471,2.209391791,3/14/2018,100
1269,3,6/22/2018,Ki3/NC356,Y524,10.45253174,2.209262705,3/14/2018,100
1270,3,6/22/2018,Ki3/NC356,Y525,7.073294423,2.200983058,3/14/2018,100
1271,3,6/22/2018,Ki3/NC356,Y526,9.673397694,2.204137661,3/14/2018,100
1272,3,6/22/2018,Ki3/NC356,Y527,10.71221816,2.211257441,3/14/2018,100
1273,3,6/22/2018,LH82/LAMA,Y168,11.64891541,2.352419082,3/14/2018,100
1274,3,6/22/2018,LH82/LAMA,Y169,7.741706235,2.17919021,3/14/2018,100
1275,3,6/22/2018,LH82/LAMA,Y170,6.754075827,2.171758431,3/14/2018,100
1276,3,6/22/2018,LH82/LAMA,Y171,11.33108546,2.171189134,3/14/2018,100
1277,3,6/22/2018,LH82/LAMA,Y172,7.535601464,2.182532584,3/14/2018,100
1278,3,6/22/2018,LH82/LAMA,Y173,6.533517359,2.17406715,3/14/2018,100
1279,3,6/22/2018,LH82/LAMA,Y174,18.84832355,2.181955189,3/14/2018,100
1280,3,6/22/2018,LH82/LAMA,Y175,7.243278535,2.170192163,3/14/2018,100
1281,3,6/22/2018,LH82/LAMA,Y176,10.09468119,2.174773138,3/14/2018,100
1282,3,6/22/2018,LH82/LAMA,Y177,9.574582559,2.357775623,3/14/2018,100
1283,3,6/22/2018,LH82/LAMA,Y178,10.79502311,2.189897872,3/14/2018,100
1284,3,6/22/2018,LH82/LAMA,Y179,6.135335312,2.181818752,3/14/2018,100
1285,3,6/22/2018,LH82/LAMA,Y180,7.7991282,2.174552322,3/14/2018,100
1286,3,6/22/2018,LH82/LAMA,Y181,6.824939178,2.182558851,3/14/2018,100
1287,3,6/22/2018,LH82/LAMA,Y182,8.926883294,2.19732564,3/14/2018,100
1288,3,6/22/2018,LH82/LAMA,Y183,8.216546211,2.15700125,3/14/2018,100
1289,3,6/22/2018,LH82/LAMA,Y184,7.546267958,2.16251431,3/14/2018,100
1290,3,6/22/2018,LH82/LAMA,Y185,6.219880361,2.176787537,3/14/2018,100
1291,3,6/22/2018,LH82/LAMA,Y186,7.047983132,2.181058205,3/14/2018,100
1292,3,6/22/2018,LH82/LAMA,Y187,11.22285479,2.173463999,3/14/2018,100
1293,3,6/22/2018,LH82/LAMA,Y188,6.812530363,2.189206882,3/14/2018,100
1294,3,6/22/2018,LH82/LAMA,Y189,12.15362916,2.164671504,3/14/2018,100
1295,3,6/22/2018,LH82/LAMA,Y190,8.389125414,2.151098268,3/14/2018,100
1296,3,6/22/2018,LH82/LAMA,Y191,11.17141242,2.173561113,3/14/2018,100
1297,3,6/22/2018,LH82/LAMA,Y192,7.624776033,2.178545349,3/14/2018,100
1298,3,6/22/2018,LH82/LAMA,Y193,8.608370812,2.156931476,3/14/2018,100
1299,3,6/22/2018,LH82/LAMA,Y194,6.92065329,2.172338992,3/14/2018,100
1300,3,6/22/2018,LH82/LAMA,Y195,6.643106681,2.185623862,3/14/2018,100
1301,3,6/22/2018,LH82/LAMA,Y196,7.775670791,2.163338495,3/14/2018,100
1302,3,6/22/2018,LH82/LAMA,Y197,7.893518574,2.172719391,3/14/2018,100
1303,3,6/22/2018,LH82/LAMA,Y198,8.836689897,2.173598809,3/14/2018,100
1304,3,6/22/2018,LH82/LAMA,Y199,9.063696095,2.175839137,3/14/2018,100
1305,3,6/22/2018,LH82/LAMA,Y200,6.748182702,2.161330927,3/14/2018,100
1306,3,6/22/2018,LH82/LAMA,Y201,7.929933595,2.158346968,3/14/2018,100
1307,3,6/22/2018,LH82/LAMA,Y202,8.611005575,2.160878726,3/14/2018,100
1308,3,6/22/2018,LH82/LAMA,Y203,10.74176469,2.178262092,3/14/2018,100
1309,3,6/22/2018,LH82/LAMA,Y204,8.688624236,2.170002284,3/14/2018,100
1310,3,6/22/2018,LH82/LAMA,Y205,8.422591684,2.170193276,3/14/2018,100
1311,3,6/22/2018,LH82/LAMA,Y206,7.049403464,2.174495666,3/14/2018,100
1312,3,6/22/2018,LH82/LAMA,Y207,7.776073469,2.180296078,3/14/2018,100
1313,3,6/22/2018,LH82/LAMA,Y208,7.753520946,2.180912338,3/14/2018,100
1314,3,6/22/2018,LH82/LAMA,Y209,6.868602559,2.167959864,3/14/2018,100
1315,3,6/22/2018,LH82/LAMA,Y210,9.062368799,2.169714598,3/14/2018,100
1316,3,6/22/2018,LH82/LAMA,Y211,8.659180996,2.183054163,3/14/2018,100
1317,3,6/22/2018,LH82/LAMA,Y212,10.35085164,2.186280099,3/14/2018,100
1318,3,6/22/2018,LH82/LAMA,Y213,7.455768431,2.166149016,3/14/2018,100
1319,3,6/22/2018,LH82/LAMA,Y214,7.489537821,2.178889549,3/14/2018,100
1320,3,6/22/2018,LH82/LAMA,Y215,7.947696305,2.158195874,3/14/2018,100
1321,3,6/22/2018,LH82/LAMA,Y216,6.994966116,2.172330732,3/14/2018,100
1322,3,6/22/2018,LH82/LAMA,Y217,9.125742837,2.158103631,3/14/2018,100
1323,3,6/22/2018,LH82/LAMA,Y218,7.603063826,2.177890384,3/14/2018,100
1324,3,6/22/2018,LH82/LAMA,Y219,9.167960451,2.184288471,3/14/2018,100
1325,3,6/22/2018,LH82/LAMA,Y220,6.107058588,2.182720337,3/14/2018,100
1326,3,6/22/2018,LH82/LAMA,Y221,9.35180343,2.163020257,3/14/2018,100
1327,3,6/22/2018,LH82/LAMA,Y222,7.788380136,2.192377363,3/14/2018,100
1328,3,6/22/2018,LH82/LAMA,Y223,7.933947544,2.16546551,3/14/2018,100
1329,3,6/22/2018,LH82/LAMA,Y224,9.414612438,2.175000005,3/14/2018,100
1330,3,6/22/2018,LH82/LAMA,Y225,5.640202456,2.176877086,3/14/2018,100
1331,3,6/22/2018,LH82/LAMA,Y226,6.954528068,2.175954534,3/14/2018,100
1332,3,6/22/2018,LH82/LAMA,Y227,8.025154064,2.158575081,3/14/2018,100
1333,3,6/22/2018,LH82/LAMA,Y228,8.667170184,2.166065795,3/14/2018,100
1334,3,6/22/2018,LH82/LAMA,Y229,10.40906374,2.182406103,3/14/2018,100
1335,3,6/22/2018,LH82/LAMA,Y230,9.879901004,2.155486852,3/14/2018,100
1336,3,6/22/2018,LH82/LAMA,Y231,16.68523307,2.16976258,3/14/2018,100
1337,3,6/22/2018,LH82/LAMA,Y232,10.4875014,2.178065269,3/14/2018,100
1338,3,6/22/2018,LH82/LAMA,Y233,7.165601342,2.18809515,3/14/2018,100
1339,3,6/22/2018,LH82/LAMA,Y234,10.96307178,2.179775501,3/14/2018,100
1340,3,6/22/2018,LH82/LAMA,Y235,8.910394198,2.169800898,3/14/2018,100
1341,3,6/22/2018,LH82/LAMA,Y236,6.577809519,2.156630235,3/14/2018,100
1342,3,6/22/2018,LH82/LAMA,Y237,7.907103129,2.17043411,3/14/2018,100
1343,3,6/22/2018,LH82/LAMA,Y238,8.632245349,2.160260011,3/14/2018,100
1344,3,6/22/2018,LH82/LAMA,Y239,8.815880953,2.184238553,3/14/2018,100
1345,3,6/22/2018,LH82/LAMA,Y240,6.65407275,2.178215966,3/14/2018,100
1346,3,6/22/2018,LH82/LAMA,Y241,8.433283932,2.175719261,3/14/2018,100
1347,3,6/22/2018,LH82/LAMA,Y242,9.628282867,2.164469027,3/14/2018,100
1348,3,6/22/2018,LH82/LAMA,Y243,11.33878869,2.175089718,3/14/2018,100
1349,3,6/22/2018,LH82/LAMA,Y244,6.206069565,2.177349805,3/14/2018,100
1350,3,6/22/2018,LH82/LAMA,Y245,11.37220273,2.170073726,3/14/2018,100
1351,3,6/22/2018,LH82/LAMA,Y246,6.190756669,2.348775602,3/14/2018,100
1352,3,6/22/2018,LH82/LAMA,Y247,7.588924841,2.178421914,3/14/2018,100
1353,3,6/22/2018,LH82/LAMA,Y248,8.161284736,2.17683285,3/14/2018,100
1354,3,6/22/2018,LH82/LAMA,Y249,10.30789528,2.150786194,3/14/2018,100
1355,3,6/22/2018,LH82/LAMA,Y250,9.178711025,2.172027267,3/14/2018,100
1356,3,6/22/2018,LH82/LAMA,Y251,9.696402961,2.166664663,3/14/2018,100
1357,3,6/22/2018,LH82/LAMA,Y252,7.51811858,2.184300733,3/14/2018,100
1358,3,6/22/2018,LH82/LAMA,Y253,11.27067742,2.181976814,3/14/2018,100
1359,3,6/22/2018,LH82/LAMA,Y254,9.038076431,2.17349521,3/14/2018,100
1360,3,6/22/2018,LH82/LAMA,Y255,9.463903758,2.172906458,3/14/2018,100
1361,3,6/22/2018,LH82/LAMA,Y256,7.137369649,2.1616541,3/14/2018,100
1362,3,6/22/2018,LH82/LAMA,Y257,7.23029304,2.180267942,3/14/2018,100
1363,3,6/22/2018,LH82/LAMA,Y258,6.428834489,2.180896849,3/14/2018,100
1364,3,6/22/2018,LH82/LAMA,Y259,7.193531376,2.184475526,3/14/2018,100
1365,3,6/22/2018,LH82/LAMA,Y260,9.385821121,2.173701107,3/14/2018,100
1366,3,6/22/2018,LH82/LAMA,Y261,8.764692772,2.16932086,3/14/2018,100
1367,3,6/22/2018,LH82/LAMA,Y262,8.8064815,2.185197179,3/14/2018,100
1368,3,6/22/2018,LH82/LAMA,Y263,5.567785477,2.163714986,3/14/2018,100
1369,3,6/22/2018,LH82/LAMA,Y264,6.543544582,2.184548437,3/14/2018,100
1370,3,6/22/2018,LH82/LAMA,Y265,10.94969318,2.186180733,3/14/2018,100
1371,3,6/22/2018,LH82/LAMA,Y266,10.90338124,2.185456231,3/14/2018,100
1372,3,6/22/2018,LH82/LAMA,Y267,9.406930108,2.185444565,3/14/2018,100
1373,3,6/22/2018,LH82/LAMA,Y268,7.34612375,2.17224533,3/14/2018,100
1374,3,6/22/2018,LH82/LAMA,Y269,9.362071782,2.180525369,3/14/2018,100
1375,3,6/22/2018,LH82/LAMA,Y270,9.675086005,2.186115208,3/14/2018,100
1376,3,6/22/2018,LH82/LAMA,Y271,15.0939124,2.175323713,3/14/2018,100
1377,3,6/22/2018,LH82/LAMA,Y272,9.381720116,2.17117912,3/14/2018,100
1378,3,6/22/2018,LH82/LAMA,Y273,7.249050249,2.164462695,3/14/2018,100
1379,3,6/22/2018,LH82/LAMA,Y274,8.438993597,2.160080088,3/14/2018,100
1380,3,6/22/2018,LH82/LAMA,Y275,10.82791843,2.19945662,3/14/2018,100
1381,3,6/22/2018,LH82/LAMA,Y276,8.102465407,2.183488993,3/14/2018,100
1382,3,6/22/2018,LH82/LAMA,Y277,7.220824306,2.57175654,3/14/2018,100
1383,3,6/22/2018,LH82/LAMA,Y278,9.098527635,2.16800465,3/14/2018,100
1384,3,6/22/2018,LH82/LAMA,Y279,9.796616297,2.168948663,3/14/2018,100
1385,3,6/22/2018,LH82/LAMA,Y280,9.669190768,2.178352604,3/14/2018,100
1386,3,6/22/2018,LH82/LAMA,Y281,10.25103515,2.164318805,3/14/2018,100
1387,3,6/22/2018,LH82/LAMA,Y282,26.07866058,2.178323702,3/14/2018,100
1388,3,6/22/2018,LH82/LAMA,Y283,14.35884655,2.159695462,3/14/2018,100
1389,3,6/22/2018,LH82/LAMA,Y284,7.247445518,2.172756229,3/14/2018,100
1390,3,6/22/2018,LH82/LAMA,Y285,7.79356804,2.182616249,3/14/2018,100
1391,3,6/22/2018,LH82/LAMA,Y286,5.592132101,2.180844975,3/14/2018,100
1392,3,6/22/2018,LH82/LAMA,Y287,10.76048304,2.183647216,3/14/2018,100
1393,3,6/22/2018,LH82/LAMA,Y288,7.667194206,2.16359069,3/14/2018,100
1394,3,6/22/2018,LH82/LAMA,Y289,6.256032681,2.182427211,3/14/2018,100
1395,3,6/22/2018,LH82/LAMA,Y290,8.41382663,2.351366328,3/14/2018,100
1396,3,6/22/2018,LH82/LAMA,Y291,7.804166743,2.184304344,3/14/2018,100
1397,3,6/22/2018,LH82/LAMA,Y292,8.317539184,2.184187853,3/14/2018,100
1398,3,6/22/2018,LH82/LAMA,Y293,6.864814355,2.172301001,3/14/2018,100
1399,3,6/22/2018,LH82/LAMA,Y294,8.200325533,2.185142276,3/14/2018,100
1400,3,6/22/2018,LH82/LAMA,Y295,12.53774388,2.18702978,3/14/2018,100
1401,3,6/22/2018,LH82/LAMA,Y296,7.04722395,2.169793328,3/14/2018,100
1402,3,6/22/2018,LH82/LAMA,Y297,7.221745407,2.167091159,3/14/2018,100
1403,3,6/22/2018,LH82/LAMA,Y298,6.65830176,2.162506393,3/14/2018,100
1404,3,6/22/2018,LH82/LAMA,Y299,5.663086712,2.16945934,3/14/2018,100
1405,3,6/22/2018,LH82/LAMA,Y300,8.627556565,2.175628938,3/14/2018,100
1406,3,6/22/2018,LH82/LAMA,Y301,11.48699119,2.174694994,3/14/2018,100
1407,3,6/22/2018,LH82/LAMA,Y302,8.811857334,2.176418888,3/14/2018,100
1408,3,6/22/2018,LH82/LAMA,Y303,7.972928411,2.173494067,3/14/2018,100
1409,3,6/22/2018,LH82/LAMA,Y304,16.91004052,2.176802526,3/14/2018,100
1410,3,6/22/2018,LH82/LAMA,Y305,9.528724524,2.161059055,3/14/2018,100
1411,3,6/22/2018,LH82/LAMA,Y306,7.233283715,2.164110157,3/14/2018,100
1412,3,6/22/2018,LH82/LAMA,Y307,7.47611418,2.170897342,3/14/2018,100
1413,3,6/22/2018,LH82/LAMA,Y308,9.685158922,2.168441724,3/14/2018,100
1414,3,6/22/2018,LH82/LAMA,Y309,7.859105362,2.183925172,3/14/2018,100
1415,3,6/22/2018,LH82/LAMA,Y310,8.652303666,2.179234247,3/14/2018,100
1416,3,6/22/2018,LH82/LAMA,Y311,5.348005022,2.186380379,3/14/2018,100
1417,3,6/22/2018,LH82/LAMA,Y312,6.455951605,2.355794558,3/14/2018,100
1418,3,6/22/2018,LH82/LAMA,Y313,5.487005717,2.585572956,3/14/2018,100
1419,3,6/22/2018,LH82/LAMA,Y314,8.995633383,2.35818418,3/14/2018,100
1420,3,6/22/2018,LH82/LAMA,Y315,13.83803302,2.183668493,3/14/2018,100
1421,3,6/22/2018,LH82/LAMA,Y316,10.78165955,2.189049149,3/14/2018,100
1422,3,6/22/2018,LH82/LAMA,Y317,7.676703488,2.350381011,3/14/2018,100
1423,3,6/22/2018,LH82/LAMA,Y318,7.825811587,2.161599706,3/14/2018,100
1424,3,6/22/2018,LH82/LAMA,Y319,9.6604684,2.170571849,3/14/2018,100
1425,3,6/22/2018,LH82/LAMA,Y320,7.595868407,2.193482406,3/14/2018,100
1426,3,6/22/2018,LH82/LAMA,Y321,7.75600392,2.170536989,3/14/2018,100
1427,3,6/22/2018,LH82/LAMA,Y322,6.970934105,2.170778757,3/14/2018,100
1428,3,6/22/2018,LH82/LAMA,Y323,7.742906897,2.190410359,3/14/2018,100
1429,3,6/22/2018,LH82/LAMA,Y324,6.3766243,2.161300188,3/14/2018,100
1430,3,6/22/2018,LH82/LAMA,Y325,7.170280248,2.182968143,3/14/2018,100
1431,3,6/22/2018,LH82/LAMA,Y326,6.812436537,2.170705995,3/14/2018,100
1432,3,6/22/2018,LH82/LAMA,Y327,8.326172525,2.183576003,3/14/2018,100
1433,3,6/22/2018,LH82/LAMA,Y328,9.567224741,2.169052142,3/14/2018,100
1434,3,6/22/2018,LH82/LAMA,Y329,11.27423502,2.172054862,3/14/2018,100
1435,3,6/22/2018,LH82/LAMA,Y330,10.2756666,2.180237595,3/14/2018,100
1436,3,6/22/2018,LH82/LAMA,Y331,8.905876844,2.161140956,3/14/2018,100
1437,3,6/22/2018,LH82/LAMA,Y332,7.782907069,2.181063144,3/14/2018,100
1438,3,6/22/2018,LH82/LAMA,Y333,6.409539495,2.181070242,3/14/2018,100
1439,3,6/22/2018,LH82/LAMA,Y334,9.776833827,2.160292135,3/14/2018,100
1440,3,6/22/2018,LH82/LAMA,Y335,13.34794466,2.351646327,3/14/2018,100
1441,3,6/22/2018,LH82/LAMA,Y336,9.511392488,2.175937707,3/14/2018,100
1442,3,6/22/2018,LH82/LAMA,Y337,8.883673811,2.190472664,3/14/2018,100
1443,3,6/22/2018,LH82/LAMA,Y338,9.559023831,2.175962349,3/14/2018,100
1444,3,6/22/2018,LH82/LAMA,Y339,8.061222244,2.189571832,3/14/2018,100
1445,3,6/22/2018,LH82/LAMA,Y340,8.040911671,2.170765535,3/14/2018,100
1446,3,6/22/2018,LH82/LAMA,Y341,11.94530584,2.183987151,3/14/2018,100
1447,3,6/22/2018,LH82/LAMA,Y342,9.235926721,2.164850136,3/14/2018,100
1448,3,6/22/2018,LH82/LAMA,Y343,6.312297075,2.177764509,3/14/2018,100
1449,3,6/22/2018,LH82/LAMA,Y344,11.96778658,2.173173004,3/14/2018,100
1450,3,6/22/2018,LH82/LAMA,Y345,14.40866938,2.170772693,3/14/2018,100
1451,3,6/22/2018,Tx740/NC356,Y346,8.819825261,2.311350892,3/14/2018,100
1452,3,6/22/2018,Tx740/NC356,Y347,6.516235356,2.326622753,3/14/2018,100
1453,3,6/22/2018,Tx740/NC356,Y348,10.46196215,2.355765388,3/14/2018,100
1454,3,6/22/2018,Tx740/NC356,Y349,9.396626175,2.339550425,3/14/2018,100
1455,3,6/22/2018,Tx740/NC356,Y351,7.416389505,2.341631606,3/14/2018,100
1456,3,6/22/2018,Tx740/NC356,Y352,8.909102742,2.334251377,3/14/2018,100
1457,3,6/22/2018,Tx740/NC356,Y353,9.395013568,2.332119777,3/14/2018,100
1458,3,6/22/2018,Tx740/NC356,Y354,6.255336517,2.539062879,3/14/2018,100
1459,3,6/22/2018,Tx740/NC356,Y355,11.99710986,2.350769697,3/14/2018,100
1460,3,6/22/2018,Tx740/NC356,Y356,8.045263951,2.328254282,3/14/2018,100
1461,3,6/22/2018,Tx740/NC356,Y357,8.073977001,2.312813799,3/14/2018,100
1462,3,6/22/2018,Tx740/NC356,Y359,7.116398399,2.352825009,3/14/2018,100
1463,3,6/22/2018,Tx740/NC356,Y360,12.08296776,2.319694553,3/14/2018,100
1464,3,6/22/2018,Tx740/NC356,Y361,14.38549964,2.346823433,3/14/2018,100
1465,3,6/22/2018,Tx740/NC356,Y362,5.378143275,2.3302966,3/14/2018,100
1466,3,6/22/2018,Tx740/NC356,Y363,5.983210238,2.355084787,3/14/2018,100
1467,3,6/22/2018,Tx740/NC356,Y364,5.213185142,2.341980174,3/14/2018,100
1468,3,6/22/2018,Tx740/NC356,Y365,11.4503274,2.335693952,3/14/2018,100
1469,3,6/22/2018,Tx740/NC356,Y366,8.011116364,2.351473027,3/14/2018,100
1470,3,6/22/2018,Tx740/NC356,Y367,20.21264067,2.329024255,3/14/2018,100
1471,3,6/22/2018,Tx740/NC356,Y368,10.06438998,2.352230244,3/14/2018,100
1472,3,6/22/2018,Tx740/NC356,Y369,7.184800247,2.353933328,3/14/2018,100
1473,3,6/22/2018,Tx740/NC356,Y370,8.506331286,2.366325236,3/14/2018,100
1474,3,6/22/2018,Tx740/NC356,Y371,8.44520639,2.340236367,3/14/2018,100
1475,3,6/22/2018,Tx740/NC356,Y372,12.76097738,2.353182216,3/14/2018,100
1476,3,6/22/2018,Tx740/NC356,Y373,7.795118508,2.311725388,3/14/2018,100
1477,3,6/22/2018,Tx740/NC356,Y374,5.994620402,2.338854656,3/14/2018,100
1478,3,6/22/2018,Tx740/NC356,Y375,5.702438243,2.324728596,3/14/2018,100
1479,3,6/22/2018,Tx740/NC356,Y376,6.428094908,2.371536757,3/14/2018,100
1480,3,6/22/2018,Tx740/NC356,Y377,10.85611135,2.348512854,3/14/2018,100
1481,3,6/22/2018,Tx740/NC356,Y378,6.874043744,2.32693491,3/14/2018,100
1482,3,6/22/2018,Tx740/NC356,Y379,8.619815985,2.343807557,3/14/2018,100
1483,3,6/22/2018,Tx740/NC356,Y380,15.40589572,2.325647951,3/14/2018,100
1484,3,6/22/2018,Tx740/NC356,Y381,8.190199787,2.333816393,3/14/2018,100
1485,3,6/22/2018,Tx740/NC356,Y382,8.894973512,2.334658629,3/14/2018,100
1486,3,6/22/2018,Tx740/NC356,Y383,13.98253131,2.33060833,3/14/2018,100
1487,3,6/22/2018,Tx740/NC356,Y384,6.009469437,2.33989073,3/14/2018,100
1488,3,6/22/2018,Tx740/NC356,Y385,9.736315022,2.341762438,3/14/2018,100
1489,3,6/22/2018,Tx740/NC356,Y386,10.42372632,2.328209538,3/14/2018,100
1490,3,6/22/2018,Tx740/NC356,Y387,7.204839052,2.333883356,3/14/2018,100
1491,3,6/22/2018,Tx740/NC356,Y388,9.062309558,2.347111478,3/14/2018,100
1492,3,6/22/2018,Tx740/NC356,Y389,8.098963303,2.349562345,3/14/2018,100
1493,3,6/22/2018,Tx740/NC356,Y390,8.018832066,2.329335407,3/14/2018,100
1494,3,6/22/2018,Tx740/NC356,Y391,16.77632088,2.356450378,3/14/2018,100
1495,3,6/22/2018,Tx740/NC356,Y392,14.31591069,2.346004588,3/14/2018,100
1496,3,6/22/2018,Tx740/NC356,Y393,12.6651042,2.351207875,3/14/2018,100
1497,3,6/22/2018,Tx740/NC356,Y394,9.462395344,2.33049971,3/14/2018,100
1498,3,6/22/2018,Tx740/NC356,Y395,7.835299543,2.320441392,3/14/2018,100
1499,3,6/22/2018,Tx740/NC356,Y396,10.14261812,2.352604138,3/14/2018,100
1500,3,6/22/2018,Tx740/NC356,Y397,16.3977473,2.347284606,3/14/2018,100
1501,3,6/22/2018,Tx740/NC356,Y398,7.630525012,2.335823449,3/14/2018,100
1502,3,6/22/2018,Tx740/NC356,Y400,7.089130683,2.337592698,3/14/2018,100
1503,3,6/22/2018,Tx740/NC356,Y401,4.883081357,2.315980288,3/14/2018,100
1504,3,6/22/2018,Tx740/NC356,Y402,11.08974265,2.343316524,3/14/2018,100
1505,3,6/22/2018,Tx740/NC356,Y403,12.04824678,2.343816277,3/14/2018,100
1506,3,6/22/2018,Tx740/NC356,Y404,6.363678833,2.355794919,3/14/2018,100
1507,3,6/22/2018,Tx740/NC356,Y405,8.458827143,2.331153448,3/14/2018,100
1508,3,6/22/2018,Tx740/NC356,Y406,12.05730006,2.360879547,3/14/2018,100
1509,3,6/22/2018,Tx740/NC356,Y407,7.423154906,2.343959507,3/14/2018,100
1510,3,6/22/2018,Tx740/NC356,Y408,9.017012489,2.33072074,3/14/2018,100
1511,3,6/22/2018,Tx740/NC356,Y409,8.627336257,2.318172247,3/14/2018,100
1512,3,6/22/2018,Tx740/NC356,Y410,8.765016222,2.33513727,3/14/2018,100
1513,3,6/22/2018,Tx740/NC356,Y411,10.45376596,2.333970671,3/14/2018,100
1514,3,6/22/2018,Tx740/NC356,Y412,7.556571178,2.346073961,3/14/2018,100
1515,3,6/22/2018,Tx740/NC356,Y414,22.07666713,2.346301315,3/14/2018,100
1516,3,6/22/2018,Tx740/NC356,Y415,7.127645142,2.360432596,3/14/2018,100
1517,3,6/22/2018,Tx740/NC356,Y416,14.35356132,2.315977235,3/14/2018,100
1518,3,6/22/2018,Tx740/NC356,Y417,6.710153494,2.334248401,3/14/2018,100
1519,3,6/22/2018,Tx740/NC356,Y419,7.505026038,2.350100864,3/14/2018,100
1520,3,6/22/2018,Tx740/NC356,Y420,11.83166144,2.309282695,3/14/2018,100
1521,3,6/22/2018,Tx740/NC356,Y421,10.11360096,2.333433282,3/14/2018,100
1522,3,6/22/2018,Tx740/NC356,Y423,11.48706671,2.323129895,3/14/2018,100
1523,3,6/22/2018,Tx740/NC356,Y424,10.08926624,2.331511317,3/14/2018,100
1524,3,6/22/2018,Tx740/NC356,Y425,4.630437644,2.369287793,3/14/2018,100
1525,3,6/22/2018,Tx740/NC356,Y426,8.032112971,2.318073805,3/14/2018,100
1526,3,6/22/2018,Tx740/NC356,Y427,9.361327749,2.332904345,3/14/2018,100
1527,3,6/22/2018,Tx740/NC356,Y428,6.052493278,2.326582874,3/14/2018,100
1528,3,6/22/2018,Tx740/NC356,Y429,6.118114103,2.346664571,3/14/2018,100
1529,3,6/22/2018,Tx740/NC356,Y430,9.828279145,2.310064701,3/14/2018,100
1530,3,6/22/2018,Tx740/NC356,Y431,8.037581784,2.339808957,3/14/2018,100
1531,3,6/22/2018,Tx740/NC356,Y432,6.881959834,2.358815183,3/14/2018,100
1532,3,6/22/2018,Tx740/NC356,Y434,9.114808949,2.322227764,3/14/2018,100
1533,3,6/22/2018,Tx740/NC356,Y435,15.40450825,2.335597917,3/14/2018,100
1534,3,6/22/2018,Tx740/NC356,Y436,8.335925526,2.355719298,3/14/2018,100
1535,3,6/22/2018,Tx740/NC356,Y437,7.784189515,2.332335662,3/14/2018,100
1536,3,6/22/2018,Tx740/NC356,Y438,7.2585571,2.325091287,3/14/2018,100
1537,3,6/22/2018,Tx740/NC356,Y439,5.049064258,2.32623073,3/14/2018,100
1538,3,6/22/2018,Tx740/NC356,Y440,8.735771745,2.339585643,3/14/2018,100
1539,3,6/22/2018,Tx740/NC356,Y441,7.853243952,2.319371781,3/14/2018,100
1540,3,6/22/2018,Tx740/NC356,Y442,8.431441381,2.331777548,3/14/2018,100
1541,3,6/22/2018,Tx740/NC356,Y443,8.862960325,2.325082638,3/14/2018,100
1542,3,6/22/2018,Tx740/NC356,Y444,8.117791715,2.358346769,3/14/2018,100
1543,3,6/22/2018,Tx740/NC356,Y445,7.084364577,2.347551,3/14/2018,100
1544,3,6/22/2018,Tx740/NC356,Y446,16.69581233,2.333930814,3/14/2018,100
1545,3,6/22/2018,Tx740/NC356,Y449,9.068136864,2.340124385,3/14/2018,100
1546,3,6/22/2018,Tx740/NC356,Y450,8.057683623,2.337926971,3/14/2018,100
1547,3,6/22/2018,Tx740/NC356,Y451,7.965875541,2.347736571,3/14/2018,100
1548,3,6/22/2018,Tx740/NC356,Y452,14.24687496,2.323409753,3/14/2018,100
1549,3,6/22/2018,Tx740/NC356,Y453,9.075234134,2.347586961,3/14/2018,100
1550,3,6/22/2018,Tx740/NC356,Y454,8.730208567,2.346095488,3/14/2018,100
1551,3,6/22/2018,Tx740/NC356,Y455,5.665922414,2.32431377,3/14/2018,100
1552,4,7/3/2018,Ki3/NC356,Y001,56.16747775,5.114597957,3/14/2018,111
1553,4,7/3/2018,Ki3/NC356,Y002,19.57807269,5.110713419,3/14/2018,111
1554,4,7/3/2018,Ki3/NC356,Y003,39.50946279,5.131394886,3/14/2018,111
1555,4,7/3/2018,Ki3/NC356,Y004,45.16257488,5.106077495,3/14/2018,111
1556,4,7/3/2018,Ki3/NC356,Y005,36.61316295,5.118290304,3/14/2018,111
1557,4,7/3/2018,Ki3/NC356,Y006,31.42355572,5.082780828,3/14/2018,111
1558,4,7/3/2018,Ki3/NC356,Y007,40.33561221,5.117289252,3/14/2018,111
1559,4,7/3/2018,Ki3/NC356,Y008,22.98612413,5.115541277,3/14/2018,111
1560,4,7/3/2018,Ki3/NC356,Y009,37.35975452,5.10845277,3/14/2018,111
1561,4,7/3/2018,Ki3/NC356,Y010,33.18931411,5.118971312,3/14/2018,111
1562,4,7/3/2018,Ki3/NC356,Y011,39.48254979,5.086530647,3/14/2018,111
1563,4,7/3/2018,Ki3/NC356,Y012,37.00822552,5.094625902,3/14/2018,111
1564,4,7/3/2018,Ki3/NC356,Y013,34.2389249,5.086982057,3/14/2018,111
1565,4,7/3/2018,Ki3/NC356,Y014,30.51383126,5.114850018,3/14/2018,111
1566,4,7/3/2018,Ki3/NC356,Y015,28.19922068,5.09118947,3/14/2018,111
1567,4,7/3/2018,Ki3/NC356,Y016,35.46352741,5.102556936,3/14/2018,111
1568,4,7/3/2018,Ki3/NC356,Y017,26.48880172,5.106201176,3/14/2018,111
1569,4,7/3/2018,Ki3/NC356,Y018,32.09637285,5.6955044,3/14/2018,111
1570,4,7/3/2018,Ki3/NC356,Y019,33.12762325,5.115603953,3/14/2018,111
1571,4,7/3/2018,Ki3/NC356,Y020,51.2610616,5.121519771,3/14/2018,111
1572,4,7/3/2018,Ki3/NC356,Y021,28.70192141,5.098411866,3/14/2018,111
1573,4,7/3/2018,Ki3/NC356,Y022,29.85254814,5.110575861,3/14/2018,111
1574,4,7/3/2018,Ki3/NC356,Y023,19.42697677,5.128041347,3/14/2018,111
1575,4,7/3/2018,Ki3/NC356,Y024,27.08359235,5.113223452,3/14/2018,111
1576,4,7/3/2018,Ki3/NC356,Y025,30.33373545,5.124952544,3/14/2018,111
1577,4,7/3/2018,Ki3/NC356,Y026,51.65295994,5.119754403,3/14/2018,111
1578,4,7/3/2018,Ki3/NC356,Y027,22.10492831,5.131950029,3/14/2018,111
1579,4,7/3/2018,Ki3/NC356,Y028,57.00568013,5.122761209,3/14/2018,111
1580,4,7/3/2018,Ki3/NC356,Y029,38.5727934,5.09778256,3/14/2018,111
1581,4,7/3/2018,Ki3/NC356,Y030,32.80486817,5.125793726,3/14/2018,111
1582,4,7/3/2018,Ki3/NC356,Y031,33.93292222,5.112133884,3/14/2018,111
1583,4,7/3/2018,Ki3/NC356,Y032,35.95896992,5.113542769,3/14/2018,111
1584,4,7/3/2018,Ki3/NC356,Y033,39.92681047,5.115937392,3/14/2018,111
1585,4,7/3/2018,Ki3/NC356,Y034,37.5223505,5.124366346,3/14/2018,111
1586,4,7/3/2018,Ki3/NC356,Y035,35.8805025,5.098167417,3/14/2018,111
1587,4,7/3/2018,Ki3/NC356,Y036,32.05333707,5.124294881,3/14/2018,111
1588,4,7/3/2018,Ki3/NC356,Y037,35.51835116,5.093983142,3/14/2018,111
1589,4,7/3/2018,Ki3/NC356,Y038,44.85250806,5.090264361,3/14/2018,111
1590,4,7/3/2018,Ki3/NC356,Y039,55.04112567,5.127636924,3/14/2018,111
1591,4,7/3/2018,Ki3/NC356,Y040,18.83270407,5.103148008,3/14/2018,111
1592,4,7/3/2018,Ki3/NC356,Y041,29.50209629,5.096901895,3/14/2018,111
1593,4,7/3/2018,Ki3/NC356,Y042,33.08290966,5.150140372,3/14/2018,111
1594,4,7/3/2018,Ki3/NC356,Y043,37.00475343,5.12508192,3/14/2018,111
1595,4,7/3/2018,Ki3/NC356,Y044,31.26584459,5.108380935,3/14/2018,111
1596,4,7/3/2018,Ki3/NC356,Y045,20.8813466,5.115494299,3/14/2018,111
1597,4,7/3/2018,Ki3/NC356,Y046,31.73675196,5.121397834,3/14/2018,111
1598,4,7/3/2018,Ki3/NC356,Y047,58.36749493,5.105236857,3/14/2018,111
1599,4,7/3/2018,Ki3/NC356,Y048,18.98542587,5.120537664,3/14/2018,111
1600,4,7/3/2018,Ki3/NC356,Y049,22.56159334,5.095615858,3/14/2018,111
1601,4,7/3/2018,Ki3/NC356,Y050,31.15971032,5.098515441,3/14/2018,111
1602,4,7/3/2018,Ki3/NC356,Y051,37.30482073,5.101852192,3/14/2018,111
1603,4,7/3/2018,Ki3/NC356,Y052,42.89251388,5.122608121,3/14/2018,111
1604,4,7/3/2018,Ki3/NC356,Y053,26.9778168,5.093754905,3/14/2018,111
1605,4,7/3/2018,Ki3/NC356,Y054,24.58243339,5.098707941,3/14/2018,111
1606,4,7/3/2018,Ki3/NC356,Y055,29.41425205,5.728037279,3/14/2018,111
1607,4,7/3/2018,Ki3/NC356,Y056,25.31275659,5.092692788,3/14/2018,111
1608,4,7/3/2018,Ki3/NC356,Y057,36.83179823,5.114289305,3/14/2018,111
1609,4,7/3/2018,Ki3/NC356,Y058,22.4533695,5.095554661,3/14/2018,111
1610,4,7/3/2018,Ki3/NC356,Y059,46.18599164,5.111018673,3/14/2018,111
1611,4,7/3/2018,Ki3/NC356,Y060,35.00160955,5.123334578,3/14/2018,111
1612,4,7/3/2018,Ki3/NC356,Y061,39.46392034,5.115373617,3/14/2018,111
1613,4,7/3/2018,Ki3/NC356,Y062,25.39812593,5.121790399,3/14/2018,111
1614,4,7/3/2018,Ki3/NC356,Y063,31.63595604,5.120657602,3/14/2018,111
1615,4,7/3/2018,Ki3/NC356,Y064,29.04495313,5.120503366,3/14/2018,111
1616,4,7/3/2018,Ki3/NC356,Y065,33.85464784,5.125572924,3/14/2018,111
1617,4,7/3/2018,Ki3/NC356,Y066,34.59992214,5.116615035,3/14/2018,111
1618,4,7/3/2018,Ki3/NC356,Y067,24.7570023,5.111296537,3/14/2018,111
1619,4,7/3/2018,Ki3/NC356,Y068,24.53927818,5.105180575,3/14/2018,111
1620,4,7/3/2018,Ki3/NC356,Y069,22.18734266,5.127968623,3/14/2018,111
1621,4,7/3/2018,Ki3/NC356,Y070,26.77557775,5.094377808,3/14/2018,111
1622,4,7/3/2018,Ki3/NC356,Y071,32.79666087,5.148592191,3/14/2018,111
1623,4,7/3/2018,Ki3/NC356,Y072,20.7151645,5.094747729,3/14/2018,111
1624,4,7/3/2018,Ki3/NC356,Y073,23.71032434,5.113761281,3/14/2018,111
1625,4,7/3/2018,Ki3/NC356,Y074,25.76728523,5.131679125,3/14/2018,111
1626,4,7/3/2018,Ki3/NC356,Y075,69.48086452,5.0909984,3/14/2018,111
1627,4,7/3/2018,Ki3/NC356,Y076,41.69659993,5.091746642,3/14/2018,111
1628,4,7/3/2018,Ki3/NC356,Y077,25.73266461,5.096580576,3/14/2018,111
1629,4,7/3/2018,Ki3/NC356,Y078,26.78371016,5.125078692,3/14/2018,111
1630,4,7/3/2018,Ki3/NC356,Y079,47.45265267,5.128974604,3/14/2018,111
1631,4,7/3/2018,Ki3/NC356,Y080,27.46145262,5.107083503,3/14/2018,111
1632,4,7/3/2018,Ki3/NC356,Y081,55.77941297,5.093029615,3/14/2018,111
1633,4,7/3/2018,Ki3/NC356,Y082,34.44054566,5.127300397,3/14/2018,111
1634,4,7/3/2018,Ki3/NC356,Y083,40.34661944,5.114560592,3/14/2018,111
1635,4,7/3/2018,Ki3/NC356,Y084,39.69954872,5.092428819,3/14/2018,111
1636,4,7/3/2018,Ki3/NC356,Y085,41.75232526,5.099122885,3/14/2018,111
1637,4,7/3/2018,Ki3/NC356,Y086,26.46189198,5.129177777,3/14/2018,111
1638,4,7/3/2018,Ki3/NC356,Y087,48.21636754,5.129653182,3/14/2018,111
1639,4,7/3/2018,Ki3/NC356,Y088,68.04203158,5.104869647,3/14/2018,111
1640,4,7/3/2018,Ki3/NC356,Y089,36.15779687,5.128117925,3/14/2018,111
1641,4,7/3/2018,Ki3/NC356,Y090,72.86101134,5.089206074,3/14/2018,111
1642,4,7/3/2018,Ki3/NC356,Y091,70.11254477,5.118483985,3/14/2018,111
1643,4,7/3/2018,Ki3/NC356,Y092,38.18390444,5.10979955,3/14/2018,111
1644,4,7/3/2018,Ki3/NC356,Y093,41.24646768,5.093908047,3/14/2018,111
1645,4,7/3/2018,Ki3/NC356,Y094,37.91415453,5.128065083,3/14/2018,111
1646,4,7/3/2018,Ki3/NC356,Y095,19.78857291,5.131040174,3/14/2018,111
1647,4,7/3/2018,Ki3/NC356,Y096,67.78606474,5.083531889,3/14/2018,111
1648,4,7/3/2018,Ki3/NC356,Y097,34.77946985,5.13026199,3/14/2018,111
1649,4,7/3/2018,Ki3/NC356,Y098,24.77185141,5.129082796,3/14/2018,111
1650,4,7/3/2018,Ki3/NC356,Y099,43.78976399,5.09533318,3/14/2018,111
1651,4,7/3/2018,Ki3/NC356,Y100,28.07449491,5.115455592,3/14/2018,111
1652,4,7/3/2018,Ki3/NC356,Y101,34.52107825,5.113144363,3/14/2018,111
1653,4,7/3/2018,Ki3/NC356,Y102,35.87491176,5.123604103,3/14/2018,111
1654,4,7/3/2018,Ki3/NC356,Y103,45.75490199,5.091012938,3/14/2018,111
1655,4,7/3/2018,Ki3/NC356,Y105,37.40144395,5.077790879,3/14/2018,111
1656,4,7/3/2018,Ki3/NC356,Y106,59.72219217,5.145862662,3/14/2018,111
1657,4,7/3/2018,Ki3/NC356,Y107,32.69641734,5.106367917,3/14/2018,111
1658,4,7/3/2018,Ki3/NC356,Y108,27.01560563,5.13122544,3/14/2018,111
1659,4,7/3/2018,Ki3/NC356,Y109,26.12737075,5.100546623,3/14/2018,111
1660,4,7/3/2018,Ki3/NC356,Y110,22.67239593,5.124219427,3/14/2018,111
1661,4,7/3/2018,Ki3/NC356,Y111,34.64121142,5.102327753,3/14/2018,111
1662,4,7/3/2018,Ki3/NC356,Y112,32.70997069,5.139168896,3/14/2018,111
1663,4,7/3/2018,Ki3/NC356,Y113,45.38452741,5.107124068,3/14/2018,111
1664,4,7/3/2018,Ki3/NC356,Y114,30.14877283,5.097843782,3/14/2018,111
1665,4,7/3/2018,Ki3/NC356,Y115,23.70088412,5.116907928,3/14/2018,111
1666,4,7/3/2018,Ki3/NC356,Y116,25.55131262,5.097420599,3/14/2018,111
1667,4,7/3/2018,Ki3/NC356,Y117,47.52304401,5.116197175,3/14/2018,111
1668,4,7/3/2018,Ki3/NC356,Y118,32.07307451,5.120372534,3/14/2018,111
1669,4,7/3/2018,Ki3/NC356,Y119,18.89953229,5.125362446,3/14/2018,111
1670,4,7/3/2018,Ki3/NC356,Y120,25.91916273,5.123917604,3/14/2018,111
1671,4,7/3/2018,Ki3/NC356,Y121,39.32549576,5.114272085,3/14/2018,111
1672,4,7/3/2018,Ki3/NC356,Y122,23.33218128,5.113636925,3/14/2018,111
1673,4,7/3/2018,Ki3/NC356,Y123,33.99783963,5.103816864,3/14/2018,111
1674,4,7/3/2018,Ki3/NC356,Y124,32.30813053,5.108492162,3/14/2018,111
1675,4,7/3/2018,Ki3/NC356,Y125,33.46706259,5.107878967,3/14/2018,111
1676,4,7/3/2018,Ki3/NC356,Y126,27.97150203,5.106571309,3/14/2018,111
1677,4,7/3/2018,Ki3/NC356,Y127,24.81116176,5.122545476,3/14/2018,111
1678,4,7/3/2018,Ki3/NC356,Y128,28.64374567,5.13628052,3/14/2018,111
1679,4,7/3/2018,Ki3/NC356,Y129,25.26875567,5.09157751,3/14/2018,111
1680,4,7/3/2018,Ki3/NC356,Y130,21.39208895,5.1268209,3/14/2018,111
1681,4,7/3/2018,Ki3/NC356,Y131,25.40321201,5.077597327,3/14/2018,111
1682,4,7/3/2018,Ki3/NC356,Y132,47.14599568,5.078953373,3/14/2018,111
1683,4,7/3/2018,Ki3/NC356,Y133,24.15471774,5.128249947,3/14/2018,111
1684,4,7/3/2018,Ki3/NC356,Y134,15.49950937,5.129379728,3/14/2018,111
1685,4,7/3/2018,Ki3/NC356,Y135,20.51381973,5.133546726,3/14/2018,111
1686,4,7/3/2018,Ki3/NC356,Y136,37.8377331,5.123776831,3/14/2018,111
1687,4,7/3/2018,Ki3/NC356,Y137,23.68143253,5.11233592,3/14/2018,111
1688,4,7/3/2018,Ki3/NC356,Y138,46.20929339,5.114142524,3/14/2018,111
1689,4,7/3/2018,Ki3/NC356,Y139,21.15563175,5.122769048,3/14/2018,111
1690,4,7/3/2018,Ki3/NC356,Y140,39.06713694,5.112868316,3/14/2018,111
1691,4,7/3/2018,Ki3/NC356,Y141,38.18431488,5.133000738,3/14/2018,111
1692,4,7/3/2018,Ki3/NC356,Y142,46.51712902,5.10356846,3/14/2018,111
1693,4,7/3/2018,Ki3/NC356,Y143,32.50374638,5.112519851,3/14/2018,111
1694,4,7/3/2018,Ki3/NC356,Y144,38.20620535,5.12833484,3/14/2018,111
1695,4,7/3/2018,Ki3/NC356,Y145,23.88816798,5.134230252,3/14/2018,111
1696,4,7/3/2018,Ki3/NC356,Y146,23.12776551,5.084087833,3/14/2018,111
1697,4,7/3/2018,Ki3/NC356,Y147,26.00910385,5.105738405,3/14/2018,111
1698,4,7/3/2018,Ki3/NC356,Y148,29.42935862,5.102936548,3/14/2018,111
1699,4,7/3/2018,Ki3/NC356,Y149,38.43382523,5.122152879,3/14/2018,111
1700,4,7/3/2018,Ki3/NC356,Y150,39.74883303,5.104183805,3/14/2018,111
1701,4,7/3/2018,Ki3/NC356,Y151,23.66926592,5.104743563,3/14/2018,111
1702,4,7/3/2018,Ki3/NC356,Y152,21.37956865,5.130345134,3/14/2018,111
1703,4,7/3/2018,Ki3/NC356,Y153,37.70517925,5.111703872,3/14/2018,111
1704,4,7/3/2018,Ki3/NC356,Y154,38.44353957,5.136650037,3/14/2018,111
1705,4,7/3/2018,Ki3/NC356,Y155,35.20648072,5.119437849,3/14/2018,111
1706,4,7/3/2018,Ki3/NC356,Y156,28.64372098,5.094089853,3/14/2018,111
1707,4,7/3/2018,Ki3/NC356,Y157,32.26465675,5.120246034,3/14/2018,111
1708,4,7/3/2018,Ki3/NC356,Y158,36.97742734,5.089180718,3/14/2018,111
1709,4,7/3/2018,Ki3/NC356,Y159,28.79905939,5.105708251,3/14/2018,111
1710,4,7/3/2018,Ki3/NC356,Y160,33.79430564,5.119621477,3/14/2018,111
1711,4,7/3/2018,Ki3/NC356,Y161,32.68331558,5.119291715,3/14/2018,111
1712,4,7/3/2018,Ki3/NC356,Y162,37.46027174,5.121337257,3/14/2018,111
1713,4,7/3/2018,Ki3/NC356,Y163,37.83511507,5.112223373,3/14/2018,111
1714,4,7/3/2018,Ki3/NC356,Y164,33.2640125,5.12925554,3/14/2018,111
1715,4,7/3/2018,Ki3/NC356,Y165,34.69147521,5.126227352,3/14/2018,111
1716,4,7/3/2018,Ki3/NC356,Y166,30.35921659,5.105732555,3/14/2018,111
1717,4,7/3/2018,Ki3/NC356,Y167,41.97451452,5.117972308,3/14/2018,111
1718,4,7/3/2018,Ki3/NC356,Y456,22.18271458,5.700654658,3/14/2018,111
1719,4,7/3/2018,Ki3/NC356,Y457,28.45773036,5.128977128,3/14/2018,111
1720,4,7/3/2018,Ki3/NC356,Y458,48.48807017,5.116596193,3/14/2018,111
1721,4,7/3/2018,Ki3/NC356,Y459,24.76935531,5.091399917,3/14/2018,111
1722,4,7/3/2018,Ki3/NC356,Y460,44.0264328,5.120995663,3/14/2018,111
1723,4,7/3/2018,Ki3/NC356,Y461,28.82601003,5.109117448,3/14/2018,111
1724,4,7/3/2018,Ki3/NC356,Y462,43.17570338,5.121606233,3/14/2018,111
1725,4,7/3/2018,Ki3/NC356,Y463,25.62237271,5.100210706,3/14/2018,111
1726,4,7/3/2018,Ki3/NC356,Y464,36.20894903,5.122657601,3/14/2018,111
1727,4,7/3/2018,Ki3/NC356,Y465,48.89600444,5.127216632,3/14/2018,111
1728,4,7/3/2018,Ki3/NC356,Y466,37.42587624,5.117231986,3/14/2018,111
1729,4,7/3/2018,Ki3/NC356,Y467,31.75410846,5.144616909,3/14/2018,111
1730,4,7/3/2018,Ki3/NC356,Y468,35.52171172,5.107558362,3/14/2018,111
1731,4,7/3/2018,Ki3/NC356,Y469,39.50806079,5.106644827,3/14/2018,111
1732,4,7/3/2018,Ki3/NC356,Y470,43.22303615,5.100669907,3/14/2018,111
1733,4,7/3/2018,Ki3/NC356,Y471,29.78805174,5.118664841,3/14/2018,111
1734,4,7/3/2018,Ki3/NC356,Y472,29.06104395,5.111365828,3/14/2018,111
1735,4,7/3/2018,Ki3/NC356,Y473,31.51644124,5.11323322,3/14/2018,111
1736,4,7/3/2018,Ki3/NC356,Y474,17.20570138,5.119138401,3/14/2018,111
1737,4,7/3/2018,Ki3/NC356,Y475,36.11380337,5.111749222,3/14/2018,111
1738,4,7/3/2018,Ki3/NC356,Y476,33.46870227,5.101061653,3/14/2018,111
1739,4,7/3/2018,Ki3/NC356,Y477,36.44620935,5.090655726,3/14/2018,111
1740,4,7/3/2018,Ki3/NC356,Y478,24.46813859,5.096504634,3/14/2018,111
1741,4,7/3/2018,Ki3/NC356,Y479,29.92742587,5.11645869,3/14/2018,111
1742,4,7/3/2018,Ki3/NC356,Y480,24.00351306,5.110135329,3/14/2018,111
1743,4,7/3/2018,Ki3/NC356,Y481,37.08840289,5.111333985,3/14/2018,111
1744,4,7/3/2018,Ki3/NC356,Y482,22.32456984,5.116508103,3/14/2018,111
1745,4,7/3/2018,Ki3/NC356,Y483,42.54344149,5.10972706,3/14/2018,111
1746,4,7/3/2018,Ki3/NC356,Y484,35.55479681,5.11232677,3/14/2018,111
1747,4,7/3/2018,Ki3/NC356,Y485,35.04924374,5.114094318,3/14/2018,111
1748,4,7/3/2018,Ki3/NC356,Y486,38.37155964,5.143918291,3/14/2018,111
1749,4,7/3/2018,Ki3/NC356,Y487,19.89119815,5.103657033,3/14/2018,111
1750,4,7/3/2018,Ki3/NC356,Y488,27.3151725,5.101610814,3/14/2018,111
1751,4,7/3/2018,Ki3/NC356,Y489,38.23965899,5.113434974,3/14/2018,111
1752,4,7/3/2018,Ki3/NC356,Y490,28.4035597,5.105819956,3/14/2018,111
1753,4,7/3/2018,Ki3/NC356,Y491,28.03580557,5.092520726,3/14/2018,111
1754,4,7/3/2018,Ki3/NC356,Y492,18.59507346,5.126175959,3/14/2018,111
1755,4,7/3/2018,Ki3/NC356,Y493,28.71985112,5.114992597,3/14/2018,111
1756,4,7/3/2018,Ki3/NC356,Y494,35.51260888,5.113753641,3/14/2018,111
1757,4,7/3/2018,Ki3/NC356,Y495,32.3934378,5.11384526,3/14/2018,111
1758,4,7/3/2018,Ki3/NC356,Y496,38.40613887,5.112247327,3/14/2018,111
1759,4,7/3/2018,Ki3/NC356,Y497,62.35927212,5.108285972,3/14/2018,111
1760,4,7/3/2018,Ki3/NC356,Y498,42.74625528,5.123456249,3/14/2018,111
1761,4,7/3/2018,Ki3/NC356,Y499,32.12576049,5.110081874,3/14/2018,111
1762,4,7/3/2018,Ki3/NC356,Y500,29.41429107,5.114274555,3/14/2018,111
1763,4,7/3/2018,Ki3/NC356,Y501,28.19038966,5.119030977,3/14/2018,111
1764,4,7/3/2018,Ki3/NC356,Y502,49.87982102,5.145304491,3/14/2018,111
1765,4,7/3/2018,Ki3/NC356,Y503,35.75283093,5.12100557,3/14/2018,111
1766,4,7/3/2018,Ki3/NC356,Y504,28.09390532,5.106008677,3/14/2018,111
1767,4,7/3/2018,Ki3/NC356,Y505,23.20263386,5.101442136,3/14/2018,111
1768,4,7/3/2018,Ki3/NC356,Y506,41.42297079,5.108255225,3/14/2018,111
1769,4,7/3/2018,Ki3/NC356,Y507,64.72379173,5.135760157,3/14/2018,111
1770,4,7/3/2018,Ki3/NC356,Y508,28.24345791,5.106094257,3/14/2018,111
1771,4,7/3/2018,Ki3/NC356,Y509,35.28005182,5.113139364,3/14/2018,111
1772,4,7/3/2018,Ki3/NC356,Y510,25.45832875,5.131729408,3/14/2018,111
1773,4,7/3/2018,Ki3/NC356,Y511,42.74154495,5.120040187,3/14/2018,111
1774,4,7/3/2018,Ki3/NC356,Y512,49.88650888,5.122670088,3/14/2018,111
1775,4,7/3/2018,Ki3/NC356,Y513,21.49933283,5.098605344,3/14/2018,111
1776,4,7/3/2018,Ki3/NC356,Y514,23.77165531,5.137619303,3/14/2018,111
1777,4,7/3/2018,Ki3/NC356,Y515,28.12828759,5.097925418,3/14/2018,111
1778,4,7/3/2018,Ki3/NC356,Y516,18.42093957,5.135585727,3/14/2018,111
1779,4,7/3/2018,Ki3/NC356,Y517,21.42064245,5.109537626,3/14/2018,111
1780,4,7/3/2018,Ki3/NC356,Y518,50.59577906,5.106751733,3/14/2018,111
1781,4,7/3/2018,Ki3/NC356,Y519,49.58458923,5.112672518,3/14/2018,111
1782,4,7/3/2018,Ki3/NC356,Y520,32.62131398,5.113262763,3/14/2018,111
1783,4,7/3/2018,Ki3/NC356,Y521,29.85357008,5.121240251,3/14/2018,111
1784,4,7/3/2018,Ki3/NC356,Y522,28.85652982,5.108138205,3/14/2018,111
1785,4,7/3/2018,Ki3/NC356,Y523,25.68743599,5.114570337,3/14/2018,111
1786,4,7/3/2018,Ki3/NC356,Y524,31.53799546,5.118073379,3/14/2018,111
1787,4,7/3/2018,Ki3/NC356,Y525,23.99370714,5.090810286,3/14/2018,111
1788,4,7/3/2018,Ki3/NC356,Y526,24.29106271,5.100140379,3/14/2018,111
1789,4,7/3/2018,Ki3/NC356,Y527,53.95772309,5.122717011,3/14/2018,111
1790,4,7/3/2018,LH82/LAMA,Y168,39.57202753,5.418958626,3/14/2018,111
1791,4,7/3/2018,LH82/LAMA,Y169,28.3888553,4.921991964,3/14/2018,111
1792,4,7/3/2018,LH82/LAMA,Y170,23.7131934,4.907359408,3/14/2018,111
1793,4,7/3/2018,LH82/LAMA,Y171,43.79770256,4.902310128,3/14/2018,111
1794,4,7/3/2018,LH82/LAMA,Y172,32.03243604,4.931927435,3/14/2018,111
1795,4,7/3/2018,LH82/LAMA,Y173,28.11714583,4.907988893,3/14/2018,111
1796,4,7/3/2018,LH82/LAMA,Y174,65.48300991,4.930912205,3/14/2018,111
1797,4,7/3/2018,LH82/LAMA,Y175,24.88239211,4.901495149,3/14/2018,111
1798,4,7/3/2018,LH82/LAMA,Y176,36.58977275,4.910236503,3/14/2018,111
1799,4,7/3/2018,LH82/LAMA,Y177,30.47775905,5.423363973,3/14/2018,111
1800,4,7/3/2018,LH82/LAMA,Y178,31.62854647,4.953775248,3/14/2018,111
1801,4,7/3/2018,LH82/LAMA,Y179,23.88443053,4.93182224,3/14/2018,111
1802,4,7/3/2018,LH82/LAMA,Y180,41.37463441,4.914143389,3/14/2018,111
1803,4,7/3/2018,LH82/LAMA,Y181,28.32921575,4.927646516,3/14/2018,111
1804,4,7/3/2018,LH82/LAMA,Y182,41.54334273,4.971879491,3/14/2018,111
1805,4,7/3/2018,LH82/LAMA,Y183,30.00501841,4.873185286,3/14/2018,111
1806,4,7/3/2018,LH82/LAMA,Y184,35.01394954,4.887327523,3/14/2018,111
1807,4,7/3/2018,LH82/LAMA,Y185,29.46193533,4.914496948,3/14/2018,111
1808,4,7/3/2018,LH82/LAMA,Y186,23.77973229,4.926190188,3/14/2018,111
1809,4,7/3/2018,LH82/LAMA,Y187,31.79467422,4.913612023,3/14/2018,111
1810,4,7/3/2018,LH82/LAMA,Y188,25.85530804,4.942219591,3/14/2018,111
1811,4,7/3/2018,LH82/LAMA,Y189,28.10226087,4.891842708,3/14/2018,111
1812,4,7/3/2018,LH82/LAMA,Y190,22.5989608,4.857767871,3/14/2018,111
1813,4,7/3/2018,LH82/LAMA,Y191,42.53027063,4.920774902,3/14/2018,111
1814,4,7/3/2018,LH82/LAMA,Y192,38.58922241,4.922036354,3/14/2018,111
1815,4,7/3/2018,LH82/LAMA,Y193,28.92297365,4.873084033,3/14/2018,111
1816,4,7/3/2018,LH82/LAMA,Y194,22.44854034,4.900264608,3/14/2018,111
1817,4,7/3/2018,LH82/LAMA,Y195,34.62754966,4.943058944,3/14/2018,111
1818,4,7/3/2018,LH82/LAMA,Y196,43.53297086,4.885469937,3/14/2018,111
1819,4,7/3/2018,LH82/LAMA,Y197,23.03790066,4.908270727,3/14/2018,111
1820,4,7/3/2018,LH82/LAMA,Y198,30.55088579,4.908251193,3/14/2018,111
1821,4,7/3/2018,LH82/LAMA,Y199,30.44783637,4.915312318,3/14/2018,111
1822,4,7/3/2018,LH82/LAMA,Y200,22.20454672,4.878673076,3/14/2018,111
1823,4,7/3/2018,LH82/LAMA,Y201,29.47482886,4.879201637,3/14/2018,111
1824,4,7/3/2018,LH82/LAMA,Y202,33.72009802,4.881003033,3/14/2018,111
1825,4,7/3/2018,LH82/LAMA,Y203,37.46368593,4.929446038,3/14/2018,111
1826,4,7/3/2018,LH82/LAMA,Y204,28.68305442,4.901721421,3/14/2018,111
1827,4,7/3/2018,LH82/LAMA,Y205,44.14476116,4.902249639,3/14/2018,111
1828,4,7/3/2018,LH82/LAMA,Y206,28.32506539,4.916681155,3/14/2018,111
1829,4,7/3/2018,LH82/LAMA,Y207,31.29273915,4.92652584,3/14/2018,111
1830,4,7/3/2018,LH82/LAMA,Y208,32.67592571,4.928958346,3/14/2018,111
1831,4,7/3/2018,LH82/LAMA,Y209,22.57984504,4.887716194,3/14/2018,111
1832,4,7/3/2018,LH82/LAMA,Y210,31.67933949,4.900983883,3/14/2018,111
1833,4,7/3/2018,LH82/LAMA,Y211,31.0183703,4.932189222,3/14/2018,111
1834,4,7/3/2018,LH82/LAMA,Y212,36.96194091,4.939770429,3/14/2018,111
1835,4,7/3/2018,LH82/LAMA,Y213,37.15883263,4.890166763,3/14/2018,111
1836,4,7/3/2018,LH82/LAMA,Y214,24.3639746,4.925524504,3/14/2018,111
1837,4,7/3/2018,LH82/LAMA,Y215,29.93110385,4.871948541,3/14/2018,111
1838,4,7/3/2018,LH82/LAMA,Y216,26.1531319,4.906621127,3/14/2018,111
1839,4,7/3/2018,LH82/LAMA,Y217,31.95238579,4.87647129,3/14/2018,111
1840,4,7/3/2018,LH82/LAMA,Y218,26.99794464,4.921343644,3/14/2018,111
1841,4,7/3/2018,LH82/LAMA,Y219,27.96274213,4.935601326,3/14/2018,111
1842,4,7/3/2018,LH82/LAMA,Y220,31.43099498,4.932550648,3/14/2018,111
1843,4,7/3/2018,LH82/LAMA,Y221,29.20761728,4.882220162,3/14/2018,111
1844,4,7/3/2018,LH82/LAMA,Y222,27.95717692,4.949882035,3/14/2018,111
1845,4,7/3/2018,LH82/LAMA,Y223,23.43232879,4.890885323,3/14/2018,111
1846,4,7/3/2018,LH82/LAMA,Y224,40.31867638,4.907859957,3/14/2018,111
1847,4,7/3/2018,LH82/LAMA,Y225,24.26169821,4.917352854,3/14/2018,111
1848,4,7/3/2018,LH82/LAMA,Y226,25.6449003,4.915580994,3/14/2018,111
1849,4,7/3/2018,LH82/LAMA,Y227,32.37111444,4.876891386,3/14/2018,111
1850,4,7/3/2018,LH82/LAMA,Y228,24.88497042,4.896641118,3/14/2018,111
1851,4,7/3/2018,LH82/LAMA,Y229,41.31267734,4.928708838,3/14/2018,111
1852,4,7/3/2018,LH82/LAMA,Y230,33.40934418,4.871687046,3/14/2018,111
1853,4,7/3/2018,LH82/LAMA,Y231,34.3592252,4.898749158,3/14/2018,111
1854,4,7/3/2018,LH82/LAMA,Y232,29.89899621,4.925095778,3/14/2018,111
1855,4,7/3/2018,LH82/LAMA,Y233,22.53806532,4.94330055,3/14/2018,111
1856,4,7/3/2018,LH82/LAMA,Y234,31.74898232,4.928493978,3/14/2018,111
1857,4,7/3/2018,LH82/LAMA,Y235,31.00655594,4.899254791,3/14/2018,111
1858,4,7/3/2018,LH82/LAMA,Y236,23.21892223,4.867934187,3/14/2018,111
1859,4,7/3/2018,LH82/LAMA,Y237,49.96805423,4.899281688,3/14/2018,111
1860,4,7/3/2018,LH82/LAMA,Y238,24.35011978,4.87851266,3/14/2018,111
1861,4,7/3/2018,LH82/LAMA,Y239,28.3668237,4.93867793,3/14/2018,111
1862,4,7/3/2018,LH82/LAMA,Y240,28.16997861,4.920847075,3/14/2018,111
1863,4,7/3/2018,LH82/LAMA,Y241,23.81475785,4.910842512,3/14/2018,111
1864,4,7/3/2018,LH82/LAMA,Y242,34.96266326,4.888263704,3/14/2018,111
1865,4,7/3/2018,LH82/LAMA,Y243,27.69800686,4.91483225,3/14/2018,111
1866,4,7/3/2018,LH82/LAMA,Y244,25.22895437,4.913359369,3/14/2018,111
1867,4,7/3/2018,LH82/LAMA,Y245,28.84556388,4.905851127,3/14/2018,111
1868,4,7/3/2018,LH82/LAMA,Y246,26.02193867,5.410094709,3/14/2018,111
1869,4,7/3/2018,LH82/LAMA,Y247,22.86034031,4.917286678,3/14/2018,111
1870,4,7/3/2018,LH82/LAMA,Y248,27.03596964,4.921530248,3/14/2018,111
1871,4,7/3/2018,LH82/LAMA,Y249,41.57627153,4.858921534,3/14/2018,111
1872,4,7/3/2018,LH82/LAMA,Y250,22.66912763,4.905029434,3/14/2018,111
1873,4,7/3/2018,LH82/LAMA,Y251,35.85487674,4.893399961,3/14/2018,111
1874,4,7/3/2018,LH82/LAMA,Y252,25.57619826,4.944504259,3/14/2018,111
1875,4,7/3/2018,LH82/LAMA,Y253,42.35713073,4.924004861,3/14/2018,111
1876,4,7/3/2018,LH82/LAMA,Y254,27.13568697,4.90559884,3/14/2018,111
1877,4,7/3/2018,LH82/LAMA,Y255,29.85160052,4.912220366,3/14/2018,111
1878,4,7/3/2018,LH82/LAMA,Y256,27.28598326,4.886251449,3/14/2018,111
1879,4,7/3/2018,LH82/LAMA,Y257,23.41529925,4.924146138,3/14/2018,111
1880,4,7/3/2018,LH82/LAMA,Y258,29.387118,4.929449269,3/14/2018,111
1881,4,7/3/2018,LH82/LAMA,Y259,40.45341807,4.937522536,3/14/2018,111
1882,4,7/3/2018,LH82/LAMA,Y260,45.13296018,4.912413691,3/14/2018,111
1883,4,7/3/2018,LH82/LAMA,Y261,29.11375276,4.901115088,3/14/2018,111
1884,4,7/3/2018,LH82/LAMA,Y262,26.61186775,4.933669636,3/14/2018,111
1885,4,7/3/2018,LH82/LAMA,Y263,20.32071595,4.883983384,3/14/2018,111
1886,4,7/3/2018,LH82/LAMA,Y264,23.09121939,4.933232764,3/14/2018,111
1887,4,7/3/2018,LH82/LAMA,Y265,39.94905175,4.944199838,3/14/2018,111
1888,4,7/3/2018,LH82/LAMA,Y266,33.93827198,4.940827903,3/14/2018,111
1889,4,7/3/2018,LH82/LAMA,Y267,32.68353842,4.940058044,3/14/2018,111
1890,4,7/3/2018,LH82/LAMA,Y268,26.4918097,4.90427742,3/14/2018,111
1891,4,7/3/2018,LH82/LAMA,Y269,25.59042216,4.927711092,3/14/2018,111
1892,4,7/3/2018,LH82/LAMA,Y270,27.06494552,4.939049521,3/14/2018,111
1893,4,7/3/2018,LH82/LAMA,Y271,40.1488805,4.91494009,3/14/2018,111
1894,4,7/3/2018,LH82/LAMA,Y272,25.51713599,4.900971113,3/14/2018,111
1895,4,7/3/2018,LH82/LAMA,Y273,28.36243057,4.887893149,3/14/2018,111
1896,4,7/3/2018,LH82/LAMA,Y274,29.2191957,4.883289882,3/14/2018,111
1897,4,7/3/2018,LH82/LAMA,Y275,31.04107961,4.963670637,3/14/2018,111
1898,4,7/3/2018,LH82/LAMA,Y276,25.75970129,4.932514284,3/14/2018,111
1899,4,7/3/2018,LH82/LAMA,Y277,27.82672173,6.094127493,3/14/2018,111
1900,4,7/3/2018,LH82/LAMA,Y278,25.618283,4.896255874,3/14/2018,111
1901,4,7/3/2018,LH82/LAMA,Y279,28.58720488,4.898248902,3/14/2018,111
1902,4,7/3/2018,LH82/LAMA,Y280,32.74976511,4.926462853,3/14/2018,111
1903,4,7/3/2018,LH82/LAMA,Y281,33.48061019,4.892669946,3/14/2018,111
1904,4,7/3/2018,LH82/LAMA,Y282,74.64519931,4.927293763,3/14/2018,111
1905,4,7/3/2018,LH82/LAMA,Y283,32.10483628,4.878875335,3/14/2018,111
1906,4,7/3/2018,LH82/LAMA,Y284,29.84588783,4.909241163,3/14/2018,111
1907,4,7/3/2018,LH82/LAMA,Y285,25.88598738,4.931634383,3/14/2018,111
1908,4,7/3/2018,LH82/LAMA,Y286,27.64719681,4.926354894,3/14/2018,111
1909,4,7/3/2018,LH82/LAMA,Y287,25.27331483,4.935408875,3/14/2018,111
1910,4,7/3/2018,LH82/LAMA,Y288,32.00211351,4.886979358,3/14/2018,111
1911,4,7/3/2018,LH82/LAMA,Y289,27.09573483,4.931854889,3/14/2018,111
1912,4,7/3/2018,LH82/LAMA,Y290,28.33670293,5.417054795,3/14/2018,111
1913,4,7/3/2018,LH82/LAMA,Y291,23.92312131,4.935078489,3/14/2018,111
1914,4,7/3/2018,LH82/LAMA,Y292,33.61323515,4.928047088,3/14/2018,111
1915,4,7/3/2018,LH82/LAMA,Y293,23.50526925,4.908990278,3/14/2018,111
1916,4,7/3/2018,LH82/LAMA,Y294,40.33223057,4.935036938,3/14/2018,111
1917,4,7/3/2018,LH82/LAMA,Y295,38.06945133,4.942848557,3/14/2018,111
1918,4,7/3/2018,LH82/LAMA,Y296,20.7762839,4.901767712,3/14/2018,111
1919,4,7/3/2018,LH82/LAMA,Y297,28.99623505,4.894042059,3/14/2018,111
1920,4,7/3/2018,LH82/LAMA,Y298,25.5159131,4.883478236,3/14/2018,111
1921,4,7/3/2018,LH82/LAMA,Y299,27.35905413,4.89211067,3/14/2018,111
1922,4,7/3/2018,LH82/LAMA,Y300,30.25409931,4.91476075,3/14/2018,111
1923,4,7/3/2018,LH82/LAMA,Y301,33.09451395,4.912628749,3/14/2018,111
1924,4,7/3/2018,LH82/LAMA,Y302,26.70973945,4.909627221,3/14/2018,111
1925,4,7/3/2018,LH82/LAMA,Y303,29.46499998,4.9147722,3/14/2018,111
1926,4,7/3/2018,LH82/LAMA,Y304,42.47723115,4.917703966,3/14/2018,111
1927,4,7/3/2018,LH82/LAMA,Y305,28.75552671,4.882009007,3/14/2018,111
1928,4,7/3/2018,LH82/LAMA,Y306,23.36755914,4.893703679,3/14/2018,111
1929,4,7/3/2018,LH82/LAMA,Y307,28.97981933,4.903554013,3/14/2018,111
1930,4,7/3/2018,LH82/LAMA,Y308,39.03614786,4.897801188,3/14/2018,111
1931,4,7/3/2018,LH82/LAMA,Y309,63.56059985,4.939837326,3/14/2018,111
1932,4,7/3/2018,LH82/LAMA,Y310,27.61636106,4.922769269,3/14/2018,111
1933,4,7/3/2018,LH82/LAMA,Y311,21.29614914,4.936001959,3/14/2018,111
1934,4,7/3/2018,LH82/LAMA,Y312,22.6465363,5.427468947,3/14/2018,111
1935,4,7/3/2018,LH82/LAMA,Y313,40.39624808,6.131922807,3/14/2018,111
1936,4,7/3/2018,LH82/LAMA,Y314,42.10348882,5.440950104,3/14/2018,111
1937,4,7/3/2018,LH82/LAMA,Y315,41.05311341,4.935095384,3/14/2018,111
1938,4,7/3/2018,LH82/LAMA,Y316,31.8360201,4.944209976,3/14/2018,111
1939,4,7/3/2018,LH82/LAMA,Y317,28.562372,5.411655416,3/14/2018,111
1940,4,7/3/2018,LH82/LAMA,Y318,28.21298785,4.883421758,3/14/2018,111
1941,4,7/3/2018,LH82/LAMA,Y319,36.69841253,4.903724911,3/14/2018,111
1942,4,7/3/2018,LH82/LAMA,Y320,26.25035564,4.965196329,3/14/2018,111
1943,4,7/3/2018,LH82/LAMA,Y321,28.74169212,4.902258394,3/14/2018,111
1944,4,7/3/2018,LH82/LAMA,Y322,29.16407587,4.901866318,3/14/2018,111
1945,4,7/3/2018,LH82/LAMA,Y323,28.96246606,4.945694593,3/14/2018,111
1946,4,7/3/2018,LH82/LAMA,Y324,30.82813401,4.882210402,3/14/2018,111
1947,4,7/3/2018,LH82/LAMA,Y325,27.42534775,4.932510439,3/14/2018,111
1948,4,7/3/2018,LH82/LAMA,Y326,28.59180421,4.907149585,3/14/2018,111
1949,4,7/3/2018,LH82/LAMA,Y327,31.57089033,4.935852025,3/14/2018,111
1950,4,7/3/2018,LH82/LAMA,Y328,36.19493078,4.901068477,3/14/2018,111
1951,4,7/3/2018,LH82/LAMA,Y329,36.96063095,4.896908612,3/14/2018,111
1952,4,7/3/2018,LH82/LAMA,Y330,29.0753553,4.921267289,3/14/2018,111
1953,4,7/3/2018,LH82/LAMA,Y331,32.01641749,4.87963086,3/14/2018,111
1954,4,7/3/2018,LH82/LAMA,Y332,28.98491892,4.921729147,3/14/2018,111
1955,4,7/3/2018,LH82/LAMA,Y333,18.29680528,4.928114735,3/14/2018,111
1956,4,7/3/2018,LH82/LAMA,Y334,26.21380788,4.875018046,3/14/2018,111
1957,4,7/3/2018,LH82/LAMA,Y335,28.33368223,5.421357134,3/14/2018,111
1958,4,7/3/2018,LH82/LAMA,Y336,38.58619066,4.916571846,3/14/2018,111
1959,4,7/3/2018,LH82/LAMA,Y337,29.98768416,4.959042723,3/14/2018,111
1960,4,7/3/2018,LH82/LAMA,Y338,29.98701121,4.911625973,3/14/2018,111
1961,4,7/3/2018,LH82/LAMA,Y339,23.40035541,4.945356121,3/14/2018,111
1962,4,7/3/2018,LH82/LAMA,Y340,31.51254994,4.902712742,3/14/2018,111
1963,4,7/3/2018,LH82/LAMA,Y341,33.56788352,4.927791259,3/14/2018,111
1964,4,7/3/2018,LH82/LAMA,Y342,39.29300607,4.888040189,3/14/2018,111
1965,4,7/3/2018,LH82/LAMA,Y343,23.28440679,4.918896353,3/14/2018,111
1966,4,7/3/2018,LH82/LAMA,Y344,37.27555722,4.912126841,3/14/2018,111
1967,4,7/3/2018,LH82/LAMA,Y345,35.75905873,4.902959752,3/14/2018,111
1968,4,7/3/2018,Tx740/NC356,Y346,33.69804015,5.137835686,3/14/2018,111
1969,4,7/3/2018,Tx740/NC356,Y347,30.68220941,5.170403871,3/14/2018,111
1970,4,7/3/2018,Tx740/NC356,Y348,47.29123641,5.230787289,3/14/2018,111
1971,4,7/3/2018,Tx740/NC356,Y349,30.05484989,5.194890345,3/14/2018,111
1972,4,7/3/2018,Tx740/NC356,Y351,29.60664904,5.204698589,3/14/2018,111
1973,4,7/3/2018,Tx740/NC356,Y352,29.37756856,5.187043393,3/14/2018,111
1974,4,7/3/2018,Tx740/NC356,Y353,35.17020156,5.184278177,3/14/2018,111
1975,4,7/3/2018,Tx740/NC356,Y354,25.39924398,5.744681256,3/14/2018,111
1976,4,7/3/2018,Tx740/NC356,Y355,31.60671218,5.225190834,3/14/2018,111
1977,4,7/3/2018,Tx740/NC356,Y356,24.77440381,5.172496977,3/14/2018,111
1978,4,7/3/2018,Tx740/NC356,Y357,29.0001265,5.139383799,3/14/2018,111
1979,4,7/3/2018,Tx740/NC356,Y359,30.43127449,5.232288091,3/14/2018,111
1980,4,7/3/2018,Tx740/NC356,Y360,47.9341016,5.15867785,3/14/2018,111
1981,4,7/3/2018,Tx740/NC356,Y361,44.99466212,5.225551318,3/14/2018,111
1982,4,7/3/2018,Tx740/NC356,Y362,29.76322302,5.174318333,3/14/2018,111
1983,4,7/3/2018,Tx740/NC356,Y363,34.83569736,5.233950929,3/14/2018,111
1984,4,7/3/2018,Tx740/NC356,Y364,26.5518103,5.205667585,3/14/2018,111
1985,4,7/3/2018,Tx740/NC356,Y365,27.5933048,5.189014402,3/14/2018,111
1986,4,7/3/2018,Tx740/NC356,Y366,34.21295364,5.225820105,3/14/2018,111
1987,4,7/3/2018,Tx740/NC356,Y367,61.54050235,5.173246357,3/14/2018,111
1988,4,7/3/2018,Tx740/NC356,Y368,45.13776421,5.234882102,3/14/2018,111
1989,4,7/3/2018,Tx740/NC356,Y369,30.88653495,5.233524558,3/14/2018,111
1990,4,7/3/2018,Tx740/NC356,Y370,30.73600763,5.264595482,3/14/2018,111
1991,4,7/3/2018,Tx740/NC356,Y371,37.73048023,5.19700996,3/14/2018,111
1992,4,7/3/2018,Tx740/NC356,Y372,42.45045247,5.228717757,3/14/2018,111
1993,4,7/3/2018,Tx740/NC356,Y373,26.12023043,5.144982217,3/14/2018,111
1994,4,7/3/2018,Tx740/NC356,Y374,30.39136453,5.197366765,3/14/2018,111
1995,4,7/3/2018,Tx740/NC356,Y375,32.36348328,5.173097233,3/14/2018,111
1996,4,7/3/2018,Tx740/NC356,Y376,22.38964553,5.283626393,3/14/2018,111
1997,4,7/3/2018,Tx740/NC356,Y377,33.88432749,5.21741934,3/14/2018,111
1998,4,7/3/2018,Tx740/NC356,Y378,23.60599546,5.172802109,3/14/2018,111
1999,4,7/3/2018,Tx740/NC356,Y379,40.63969579,5.214368702,3/14/2018,111
2000,4,7/3/2018,Tx740/NC356,Y380,66.74643619,5.164738076,3/14/2018,111
2001,4,7/3/2018,Tx740/NC356,Y381,30.94789606,5.185764016,3/14/2018,111
2002,4,7/3/2018,Tx740/NC356,Y382,26.72180041,5.18306877,3/14/2018,111
2003,4,7/3/2018,Tx740/NC356,Y383,48.35536384,5.183701711,3/14/2018,111
2004,4,7/3/2018,Tx740/NC356,Y384,25.30811919,5.203416674,3/14/2018,111
2005,4,7/3/2018,Tx740/NC356,Y385,33.04251867,5.204008981,3/14/2018,111
2006,4,7/3/2018,Tx740/NC356,Y386,43.81999713,5.173853918,3/14/2018,111
2007,4,7/3/2018,Tx740/NC356,Y387,26.47100246,5.18028504,3/14/2018,111
2008,4,7/3/2018,Tx740/NC356,Y388,33.53545184,5.211550407,3/14/2018,111
2009,4,7/3/2018,Tx740/NC356,Y389,36.66911939,5.222053591,3/14/2018,111
2010,4,7/3/2018,Tx740/NC356,Y390,43.65839939,5.163014402,3/14/2018,111
2011,4,7/3/2018,Tx740/NC356,Y391,46.0189942,5.236530237,3/14/2018,111
2012,4,7/3/2018,Tx740/NC356,Y392,63.30820273,5.218946723,3/14/2018,111
2013,4,7/3/2018,Tx740/NC356,Y393,35.52216255,5.230461434,3/14/2018,111
2014,4,7/3/2018,Tx740/NC356,Y394,28.59882515,5.177848732,3/14/2018,111
2015,4,7/3/2018,Tx740/NC356,Y395,35.19506812,5.158147125,3/14/2018,111
2016,4,7/3/2018,Tx740/NC356,Y396,39.63369062,5.22477411,3/14/2018,111
2017,4,7/3/2018,Tx740/NC356,Y397,39.93905982,5.215626284,3/14/2018,111
2018,4,7/3/2018,Tx740/NC356,Y398,28.43421788,5.198090429,3/14/2018,111
2019,4,7/3/2018,Tx740/NC356,Y400,29.64643074,5.199004308,3/14/2018,111
2020,4,7/3/2018,Tx740/NC356,Y401,46.26995782,5.146751717,3/14/2018,111
2021,4,7/3/2018,Tx740/NC356,Y402,44.02023964,5.207286156,3/14/2018,111
2022,4,7/3/2018,Tx740/NC356,Y403,45.53752572,5.205585464,3/14/2018,111
2023,4,7/3/2018,Tx740/NC356,Y404,41.82785509,5.236688917,3/14/2018,111
2024,4,7/3/2018,Tx740/NC356,Y405,44.37645889,5.175546504,3/14/2018,111
2025,4,7/3/2018,Tx740/NC356,Y406,31.74649414,5.253235993,3/14/2018,111
2026,4,7/3/2018,Tx740/NC356,Y407,24.06305347,5.20381878,3/14/2018,111
2027,4,7/3/2018,Tx740/NC356,Y408,30.28429827,5.180344045,3/14/2018,111
2028,4,7/3/2018,Tx740/NC356,Y409,31.20384285,5.153610458,3/14/2018,111
2029,4,7/3/2018,Tx740/NC356,Y410,35.68769948,5.189599723,3/14/2018,111
2030,4,7/3/2018,Tx740/NC356,Y411,36.43805569,5.188038319,3/14/2018,111
2031,4,7/3/2018,Tx740/NC356,Y412,21.76401144,5.213817368,3/14/2018,111
2032,4,7/3/2018,Tx740/NC356,Y414,62.92882357,5.213235164,3/14/2018,111
2033,4,7/3/2018,Tx740/NC356,Y415,23.8892942,5.249579806,3/14/2018,111
2034,4,7/3/2018,Tx740/NC356,Y416,34.70785228,5.142370922,3/14/2018,111
2035,4,7/3/2018,Tx740/NC356,Y417,33.76525985,5.187986243,3/14/2018,111
2036,4,7/3/2018,Tx740/NC356,Y419,33.13376724,5.227213014,3/14/2018,111
2037,4,7/3/2018,Tx740/NC356,Y420,28.54164188,5.139153729,3/14/2018,111
2038,4,7/3/2018,Tx740/NC356,Y421,49.14637241,5.183555919,3/14/2018,111
2039,4,7/3/2018,Tx740/NC356,Y423,38.45796178,5.157804624,3/14/2018,111
2040,4,7/3/2018,Tx740/NC356,Y424,38.31054087,5.184211399,3/14/2018,111
2041,4,7/3/2018,Tx740/NC356,Y425,59.39624704,5.265613524,3/14/2018,111
2042,4,7/3/2018,Tx740/NC356,Y426,57.29326272,5.157139823,3/14/2018,111
2043,4,7/3/2018,Tx740/NC356,Y427,40.90849241,5.186348062,3/14/2018,111
2044,4,7/3/2018,Tx740/NC356,Y428,29.76569746,5.171633198,3/14/2018,111
2045,4,7/3/2018,Tx740/NC356,Y429,21.87797405,5.20556686,3/14/2018,111
2046,4,7/3/2018,Tx740/NC356,Y430,31.52049884,5.131646793,3/14/2018,111
2047,4,7/3/2018,Tx740/NC356,Y431,33.08279593,5.199871752,3/14/2018,111
2048,4,7/3/2018,Tx740/NC356,Y432,37.43895925,5.246144016,3/14/2018,111
2049,4,7/3/2018,Tx740/NC356,Y434,33.92354274,5.166697571,3/14/2018,111
2050,4,7/3/2018,Tx740/NC356,Y435,43.00530219,5.186915702,3/14/2018,111
2051,4,7/3/2018,Tx740/NC356,Y436,29.67681461,5.240304928,3/14/2018,111
2052,4,7/3/2018,Tx740/NC356,Y437,29.0758263,5.179494244,3/14/2018,111
2053,4,7/3/2018,Tx740/NC356,Y438,23.82860217,5.165123055,3/14/2018,111
2054,4,7/3/2018,Tx740/NC356,Y439,28.63785638,5.172594536,3/14/2018,111
2055,4,7/3/2018,Tx740/NC356,Y440,29.38325841,5.198683921,3/14/2018,111
2056,4,7/3/2018,Tx740/NC356,Y441,24.49389355,5.160633735,3/14/2018,111
2057,4,7/3/2018,Tx740/NC356,Y442,32.7459643,5.183322324,3/14/2018,111
2058,4,7/3/2018,Tx740/NC356,Y443,30.29292841,5.168840076,3/14/2018,111
2059,4,7/3/2018,Tx740/NC356,Y444,27.15602015,5.245660977,3/14/2018,111
2060,4,7/3/2018,Tx740/NC356,Y445,27.71577552,5.219071182,3/14/2018,111
2061,4,7/3/2018,Tx740/NC356,Y446,54.3987272,5.18480738,3/14/2018,111
2062,4,7/3/2018,Tx740/NC356,Y449,23.28326826,5.198513185,3/14/2018,111
2063,4,7/3/2018,Tx740/NC356,Y450,37.67770615,5.19608112,3/14/2018,111
2064,4,7/3/2018,Tx740/NC356,Y451,30.85266663,5.219645797,3/14/2018,111
2065,4,7/3/2018,Tx740/NC356,Y452,30.3791674,5.163708403,3/14/2018,111
2066,4,7/3/2018,Tx740/NC356,Y453,43.47398537,5.212004784,3/14/2018,111
2067,4,7/3/2018,Tx740/NC356,Y454,27.99760369,5.204039368,3/14/2018,111
2068,4,7/3/2018,Tx740/NC356,Y455,19.98108537,5.166287875,3/14/2018,111
2069,5,7/20/2018,Ki3/NC356,Y001,82.55903692,5.510440779,3/14/2018,128
2070,5,7/20/2018,Ki3/NC356,Y002,76.63880799,5.506057089,3/14/2018,128
2071,5,7/20/2018,Ki3/NC356,Y003,72.65004328,5.536379356,3/14/2018,128
2072,5,7/20/2018,Ki3/NC356,Y004,80.15594569,5.48957417,3/14/2018,128
2073,5,7/20/2018,Ki3/NC356,Y005,72.25828578,5.50000783,3/14/2018,128
2074,5,7/20/2018,Ki3/NC356,Y006,50.13671266,5.49394396,3/14/2018,128
2075,5,7/20/2018,Ki3/NC356,Y007,87.91296921,5.511037171,3/14/2018,128
2076,5,7/20/2018,Ki3/NC356,Y008,67.15456361,5.502288271,3/14/2018,128
2077,5,7/20/2018,Ki3/NC356,Y009,82.78815531,5.499275253,3/14/2018,128
2078,5,7/20/2018,Ki3/NC356,Y010,86.19023634,5.497794677,3/14/2018,128
2079,5,7/20/2018,Ki3/NC356,Y011,81.47440817,5.484599066,3/14/2018,128
2080,5,7/20/2018,Ki3/NC356,Y012,88.26369133,5.49376281,3/14/2018,128
2081,5,7/20/2018,Ki3/NC356,Y013,51.81358623,5.49755907,3/14/2018,128
2082,5,7/20/2018,Ki3/NC356,Y014,62.78379931,5.506158817,3/14/2018,128
2083,5,7/20/2018,Ki3/NC356,Y015,94.05968695,5.491158943,3/14/2018,128
2084,5,7/20/2018,Ki3/NC356,Y016,67.27154217,5.496702093,3/14/2018,128
2085,5,7/20/2018,Ki3/NC356,Y017,41.75746857,5.50022218,3/14/2018,128
2086,5,7/20/2018,Ki3/NC356,Y018,80.98718486,6.179803389,3/14/2018,128
2087,5,7/20/2018,Ki3/NC356,Y019,87.92322088,5.505532671,3/14/2018,128
2088,5,7/20/2018,Ki3/NC356,Y020,96.6934177,5.497565781,3/14/2018,128
2089,5,7/20/2018,Ki3/NC356,Y021,73.4700093,5.484668762,3/14/2018,128
2090,5,7/20/2018,Ki3/NC356,Y022,71.64658256,5.494240683,3/14/2018,128
2091,5,7/20/2018,Ki3/NC356,Y023,29.91890373,5.495471804,3/14/2018,128
2092,5,7/20/2018,Ki3/NC356,Y024,75.60152698,5.512907283,3/14/2018,128
2093,5,7/20/2018,Ki3/NC356,Y025,80.05838577,5.507687336,3/14/2018,128
2094,5,7/20/2018,Ki3/NC356,Y026,86.46036367,5.498424859,3/14/2018,128
2095,5,7/20/2018,Ki3/NC356,Y027,63.64451241,5.501685831,3/14/2018,128
2096,5,7/20/2018,Ki3/NC356,Y028,90.88513773,5.499711767,3/14/2018,128
2097,5,7/20/2018,Ki3/NC356,Y029,87.89430304,5.493567961,3/14/2018,128
2098,5,7/20/2018,Ki3/NC356,Y030,78.66508053,5.516514056,3/14/2018,128
2099,5,7/20/2018,Ki3/NC356,Y031,78.80007503,5.510224106,3/14/2018,128
2100,5,7/20/2018,Ki3/NC356,Y032,87.80932977,5.506038402,3/14/2018,128
2101,5,7/20/2018,Ki3/NC356,Y033,83.48836465,5.500261244,3/14/2018,128
2102,5,7/20/2018,Ki3/NC356,Y034,86.98460738,5.513944358,3/14/2018,128
2103,5,7/20/2018,Ki3/NC356,Y035,87.3151225,5.513034229,3/14/2018,128
2104,5,7/20/2018,Ki3/NC356,Y036,79.55911091,5.514066116,3/14/2018,128
2105,5,7/20/2018,Ki3/NC356,Y037,91.17377171,5.489991171,3/14/2018,128
2106,5,7/20/2018,Ki3/NC356,Y038,90.05059783,5.493217311,3/14/2018,128
2107,5,7/20/2018,Ki3/NC356,Y039,86.54518999,5.50470329,3/14/2018,128
2108,5,7/20/2018,Ki3/NC356,Y040,46.1585051,5.507583746,3/14/2018,128
2109,5,7/20/2018,Ki3/NC356,Y041,87.05896158,5.495922723,3/14/2018,128
2110,5,7/20/2018,Ki3/NC356,Y042,67.45845165,5.519069136,3/14/2018,128
2111,5,7/20/2018,Ki3/NC356,Y043,77.29988153,5.515876315,3/14/2018,128
2112,5,7/20/2018,Ki3/NC356,Y044,82.62964409,5.489310729,3/14/2018,128
2113,5,7/20/2018,Ki3/NC356,Y045,66.31961095,5.504581776,3/14/2018,128
2114,5,7/20/2018,Ki3/NC356,Y046,82.01556681,5.493394446,3/14/2018,128
2115,5,7/20/2018,Ki3/NC356,Y047,87.36284709,5.497401936,3/14/2018,128
2116,5,7/20/2018,Ki3/NC356,Y048,51.0497427,5.502560467,3/14/2018,128
2117,5,7/20/2018,Ki3/NC356,Y049,60.88229757,5.493767698,3/14/2018,128
2118,5,7/20/2018,Ki3/NC356,Y050,63.85721398,5.503273872,3/14/2018,128
2119,5,7/20/2018,Ki3/NC356,Y051,83.71431075,5.497538846,3/14/2018,128
2120,5,7/20/2018,Ki3/NC356,Y052,75.13331575,5.501588811,3/14/2018,128
2121,5,7/20/2018,Ki3/NC356,Y053,71.69959844,5.507043395,3/14/2018,128
2122,5,7/20/2018,Ki3/NC356,Y054,82.39877418,5.511535297,3/14/2018,128
2123,5,7/20/2018,Ki3/NC356,Y055,91.0364542,6.21193211,3/14/2018,128
2124,5,7/20/2018,Ki3/NC356,Y056,39.63246403,5.497941204,3/14/2018,128
2125,5,7/20/2018,Ki3/NC356,Y057,84.86366856,5.502698207,3/14/2018,128
2126,5,7/20/2018,Ki3/NC356,Y058,63.42113935,5.514118285,3/14/2018,128
2127,5,7/20/2018,Ki3/NC356,Y059,72.92453363,5.492833119,3/14/2018,128
2128,5,7/20/2018,Ki3/NC356,Y060,88.38814278,5.504163634,3/14/2018,128
2129,5,7/20/2018,Ki3/NC356,Y061,64.9380006,5.530212576,3/14/2018,128
2130,5,7/20/2018,Ki3/NC356,Y062,69.43410871,5.51302796,3/14/2018,128
2131,5,7/20/2018,Ki3/NC356,Y063,64.19249763,5.501710346,3/14/2018,128
2132,5,7/20/2018,Ki3/NC356,Y064,69.69679714,5.522177389,3/14/2018,128
2133,5,7/20/2018,Ki3/NC356,Y065,75.95899384,5.505055411,3/14/2018,128
2134,5,7/20/2018,Ki3/NC356,Y066,80.95822444,5.497290212,3/14/2018,128
2135,5,7/20/2018,Ki3/NC356,Y067,67.95983504,5.512012354,3/14/2018,128
2136,5,7/20/2018,Ki3/NC356,Y068,63.33825135,5.50929876,3/14/2018,128
2137,5,7/20/2018,Ki3/NC356,Y069,66.75366641,5.526443317,3/14/2018,128
2138,5,7/20/2018,Ki3/NC356,Y070,70.76987897,5.502756857,3/14/2018,128
2139,5,7/20/2018,Ki3/NC356,Y071,61.08058202,5.508555826,3/14/2018,128
2140,5,7/20/2018,Ki3/NC356,Y072,51.81903132,5.489994413,3/14/2018,128
2141,5,7/20/2018,Ki3/NC356,Y073,62.99907729,5.496176375,3/14/2018,128
2142,5,7/20/2018,Ki3/NC356,Y074,57.82506362,5.514749733,3/14/2018,128
2143,5,7/20/2018,Ki3/NC356,Y075,95.67438949,5.494677014,3/14/2018,128
2144,5,7/20/2018,Ki3/NC356,Y076,77.40164987,5.49689638,3/14/2018,128
2145,5,7/20/2018,Ki3/NC356,Y077,61.27451543,5.498847886,3/14/2018,128
2146,5,7/20/2018,Ki3/NC356,Y078,86.29142687,5.530675189,3/14/2018,128
2147,5,7/20/2018,Ki3/NC356,Y079,85.69727674,5.505909877,3/14/2018,128
2148,5,7/20/2018,Ki3/NC356,Y080,80.91208366,5.494106708,3/14/2018,128
2149,5,7/20/2018,Ki3/NC356,Y081,82.76170056,5.492533786,3/14/2018,128
2150,5,7/20/2018,Ki3/NC356,Y082,70.58342164,5.524567854,3/14/2018,128
2151,5,7/20/2018,Ki3/NC356,Y083,82.99277581,5.509551694,3/14/2018,128
2152,5,7/20/2018,Ki3/NC356,Y084,80.16868939,5.490806568,3/14/2018,128
2153,5,7/20/2018,Ki3/NC356,Y085,89.79079134,5.508843609,3/14/2018,128
2154,5,7/20/2018,Ki3/NC356,Y086,55.80450156,5.536028572,3/14/2018,128
2155,5,7/20/2018,Ki3/NC356,Y087,79.99956681,5.510264604,3/14/2018,128
2156,5,7/20/2018,Ki3/NC356,Y088,88.38814161,5.490286451,3/14/2018,128
2157,5,7/20/2018,Ki3/NC356,Y089,77.60873922,5.513026401,3/14/2018,128
2158,5,7/20/2018,Ki3/NC356,Y090,91.35046096,5.493764664,3/14/2018,128
2159,5,7/20/2018,Ki3/NC356,Y091,92.66704932,5.50980319,3/14/2018,128
2160,5,7/20/2018,Ki3/NC356,Y092,87.5048482,5.497954556,3/14/2018,128
2161,5,7/20/2018,Ki3/NC356,Y093,86.28216935,5.512334759,3/14/2018,128
2162,5,7/20/2018,Ki3/NC356,Y094,72.09622156,5.502237189,3/14/2018,128
2163,5,7/20/2018,Ki3/NC356,Y095,82.77470842,5.541409726,3/14/2018,128
2164,5,7/20/2018,Ki3/NC356,Y096,86.75842447,5.490020456,3/14/2018,128
2165,5,7/20/2018,Ki3/NC356,Y097,75.02081124,5.529937204,3/14/2018,128
2166,5,7/20/2018,Ki3/NC356,Y098,70.08575326,5.511656989,3/14/2018,128
2167,5,7/20/2018,Ki3/NC356,Y099,81.07459741,5.4936066,3/14/2018,128
2168,5,7/20/2018,Ki3/NC356,Y100,70.09582191,5.505997147,3/14/2018,128
2169,5,7/20/2018,Ki3/NC356,Y101,53.69461708,5.512389319,3/14/2018,128
2170,5,7/20/2018,Ki3/NC356,Y102,88.624744,5.499150093,3/14/2018,128
2171,5,7/20/2018,Ki3/NC356,Y103,87.29876351,5.505004414,3/14/2018,128
2172,5,7/20/2018,Ki3/NC356,Y105,74.64287434,5.489265445,3/14/2018,128
2173,5,7/20/2018,Ki3/NC356,Y106,93.73608736,5.522714314,3/14/2018,128
2174,5,7/20/2018,Ki3/NC356,Y107,68.86279671,5.533239014,3/14/2018,128
2175,5,7/20/2018,Ki3/NC356,Y108,64.19075944,5.519675443,3/14/2018,128
2176,5,7/20/2018,Ki3/NC356,Y109,63.66155557,5.486439253,3/14/2018,128
2177,5,7/20/2018,Ki3/NC356,Y110,56.25323839,5.50333909,3/14/2018,128
2178,5,7/20/2018,Ki3/NC356,Y111,64.82022626,5.507982193,3/14/2018,128
2179,5,7/20/2018,Ki3/NC356,Y112,60.66038156,5.511842186,3/14/2018,128
2180,5,7/20/2018,Ki3/NC356,Y113,71.24390348,5.502855766,3/14/2018,128
2181,5,7/20/2018,Ki3/NC356,Y114,69.50162149,5.488807142,3/14/2018,128
2182,5,7/20/2018,Ki3/NC356,Y115,69.83970211,5.528483875,3/14/2018,128
2183,5,7/20/2018,Ki3/NC356,Y116,48.45381924,5.492875268,3/14/2018,128
2184,5,7/20/2018,Ki3/NC356,Y117,90.62046853,5.496133708,3/14/2018,128
2185,5,7/20/2018,Ki3/NC356,Y118,74.07941922,5.514227813,3/14/2018,128
2186,5,7/20/2018,Ki3/NC356,Y119,62.78028389,5.505628539,3/14/2018,128
2187,5,7/20/2018,Ki3/NC356,Y120,47.08947043,5.513331601,3/14/2018,128
2188,5,7/20/2018,Ki3/NC356,Y121,79.15483057,5.492145583,3/14/2018,128
2189,5,7/20/2018,Ki3/NC356,Y122,64.82291104,5.503390727,3/14/2018,128
2190,5,7/20/2018,Ki3/NC356,Y123,76.59231401,5.495217789,3/14/2018,128
2191,5,7/20/2018,Ki3/NC356,Y124,78.49703225,5.502763803,3/14/2018,128
2192,5,7/20/2018,Ki3/NC356,Y125,61.25322878,5.491386409,3/14/2018,128
2193,5,7/20/2018,Ki3/NC356,Y126,82.15996886,5.498297964,3/14/2018,128
2194,5,7/20/2018,Ki3/NC356,Y127,58.86546354,5.524864823,3/14/2018,128
2195,5,7/20/2018,Ki3/NC356,Y128,71.26229299,5.522075389,3/14/2018,128
2196,5,7/20/2018,Ki3/NC356,Y129,64.43773843,5.492396808,3/14/2018,128
2197,5,7/20/2018,Ki3/NC356,Y130,65.29209509,5.501138435,3/14/2018,128
2198,5,7/20/2018,Ki3/NC356,Y131,46.8332569,5.488996487,3/14/2018,128
2199,5,7/20/2018,Ki3/NC356,Y132,83.28665848,5.486943181,3/14/2018,128
2200,5,7/20/2018,Ki3/NC356,Y133,76.33350824,5.51346478,3/14/2018,128
2201,5,7/20/2018,Ki3/NC356,Y134,45.06121272,5.504725504,3/14/2018,128
2202,5,7/20/2018,Ki3/NC356,Y135,55.87295778,5.533488997,3/14/2018,128
2203,5,7/20/2018,Ki3/NC356,Y136,89.12867793,5.507179304,3/14/2018,128
2204,5,7/20/2018,Ki3/NC356,Y137,45.62147849,5.497638037,3/14/2018,128
2205,5,7/20/2018,Ki3/NC356,Y138,83.12270396,5.496581771,3/14/2018,128
2206,5,7/20/2018,Ki3/NC356,Y139,54.56342052,5.501555656,3/14/2018,128
2207,5,7/20/2018,Ki3/NC356,Y140,84.18965389,5.497314738,3/14/2018,128
2208,5,7/20/2018,Ki3/NC356,Y141,74.50469207,5.517537091,3/14/2018,128
2209,5,7/20/2018,Ki3/NC356,Y142,62.47317162,5.499987314,3/14/2018,128
2210,5,7/20/2018,Ki3/NC356,Y143,74.68820566,5.498827825,3/14/2018,128
2211,5,7/20/2018,Ki3/NC356,Y144,63.91430337,5.515843606,3/14/2018,128
2212,5,7/20/2018,Ki3/NC356,Y145,82.35877699,5.512145068,3/14/2018,128
2213,5,7/20/2018,Ki3/NC356,Y146,71.0583907,5.491517755,3/14/2018,128
2214,5,7/20/2018,Ki3/NC356,Y147,80.56918448,5.509339037,3/14/2018,128
2215,5,7/20/2018,Ki3/NC356,Y148,83.80525306,5.498999412,3/14/2018,128
2216,5,7/20/2018,Ki3/NC356,Y149,66.91572033,5.49688088,3/14/2018,128
2217,5,7/20/2018,Ki3/NC356,Y150,84.22991684,5.492185314,3/14/2018,128
2218,5,7/20/2018,Ki3/NC356,Y151,46.4413544,5.500784309,3/14/2018,128
2219,5,7/20/2018,Ki3/NC356,Y152,42.30847917,5.508542087,3/14/2018,128
2220,5,7/20/2018,Ki3/NC356,Y153,81.90638355,5.496774897,3/14/2018,128
2221,5,7/20/2018,Ki3/NC356,Y154,87.48768498,5.520733359,3/14/2018,128
2222,5,7/20/2018,Ki3/NC356,Y155,79.19293523,5.513229177,3/14/2018,128
2223,5,7/20/2018,Ki3/NC356,Y156,58.8528138,5.488205733,3/14/2018,128
2224,5,7/20/2018,Ki3/NC356,Y157,74.43471453,5.494470784,3/14/2018,128
2225,5,7/20/2018,Ki3/NC356,Y158,87.62656237,5.496230395,3/14/2018,128
2226,5,7/20/2018,Ki3/NC356,Y159,77.69809005,5.487061961,3/14/2018,128
2227,5,7/20/2018,Ki3/NC356,Y160,84.26368375,5.504645716,3/14/2018,128
2228,5,7/20/2018,Ki3/NC356,Y161,81.20685603,5.504744913,3/14/2018,128
2229,5,7/20/2018,Ki3/NC356,Y162,72.62600682,5.517406467,3/14/2018,128
2230,5,7/20/2018,Ki3/NC356,Y163,67.66032061,5.495122316,3/14/2018,128
2231,5,7/20/2018,Ki3/NC356,Y164,68.41290991,5.503178251,3/14/2018,128
2232,5,7/20/2018,Ki3/NC356,Y165,73.44895834,5.496937654,3/14/2018,128
2233,5,7/20/2018,Ki3/NC356,Y166,73.41531685,5.504119535,3/14/2018,128
2234,5,7/20/2018,Ki3/NC356,Y167,75.08822519,5.518592829,3/14/2018,128
2235,5,7/20/2018,Ki3/NC356,Y456,65.98900645,6.187285034,3/14/2018,128
2236,5,7/20/2018,Ki3/NC356,Y457,73.85198563,5.496803952,3/14/2018,128
2237,5,7/20/2018,Ki3/NC356,Y458,89.45574633,5.490900331,3/14/2018,128
2238,5,7/20/2018,Ki3/NC356,Y459,55.85518247,5.505924923,3/14/2018,128
2239,5,7/20/2018,Ki3/NC356,Y460,83.96813557,5.503432446,3/14/2018,128
2240,5,7/20/2018,Ki3/NC356,Y461,50.81866589,5.488285505,3/14/2018,128
2241,5,7/20/2018,Ki3/NC356,Y462,75.05495651,5.508842741,3/14/2018,128
2242,5,7/20/2018,Ki3/NC356,Y463,79.54286706,5.500781777,3/14/2018,128
2243,5,7/20/2018,Ki3/NC356,Y464,85.99236152,5.509655734,3/14/2018,128
2244,5,7/20/2018,Ki3/NC356,Y465,74.55319937,5.499368718,3/14/2018,128
2245,5,7/20/2018,Ki3/NC356,Y466,86.52472782,5.510868091,3/14/2018,128
2246,5,7/20/2018,Ki3/NC356,Y467,63.56022484,5.511042238,3/14/2018,128
2247,5,7/20/2018,Ki3/NC356,Y468,53.68251237,5.511242323,3/14/2018,128
2248,5,7/20/2018,Ki3/NC356,Y469,87.75768822,5.501693826,3/14/2018,128
2249,5,7/20/2018,Ki3/NC356,Y470,91.08638953,5.518441239,3/14/2018,128
2250,5,7/20/2018,Ki3/NC356,Y471,66.22756227,5.507888213,3/14/2018,128
2251,5,7/20/2018,Ki3/NC356,Y472,55.96980514,5.492804939,3/14/2018,128
2252,5,7/20/2018,Ki3/NC356,Y473,81.48778349,5.487122161,3/14/2018,128
2253,5,7/20/2018,Ki3/NC356,Y474,35.93108474,5.507042906,3/14/2018,128
2254,5,7/20/2018,Ki3/NC356,Y475,79.46835054,5.509629534,3/14/2018,128
2255,5,7/20/2018,Ki3/NC356,Y476,71.44992592,5.492428373,3/14/2018,128
2256,5,7/20/2018,Ki3/NC356,Y477,89.37664628,5.504705511,3/14/2018,128
2257,5,7/20/2018,Ki3/NC356,Y478,69.17262213,5.497055005,3/14/2018,128
2258,5,7/20/2018,Ki3/NC356,Y479,72.99138511,5.505081122,3/14/2018,128
2259,5,7/20/2018,Ki3/NC356,Y480,62.26339362,5.520067797,3/14/2018,128
2260,5,7/20/2018,Ki3/NC356,Y481,70.23490651,5.499939713,3/14/2018,128
2261,5,7/20/2018,Ki3/NC356,Y482,46.75949153,5.514261852,3/14/2018,128
2262,5,7/20/2018,Ki3/NC356,Y483,87.55728772,5.505896821,3/14/2018,128
2263,5,7/20/2018,Ki3/NC356,Y484,88.51990789,5.509654531,3/14/2018,128
2264,5,7/20/2018,Ki3/NC356,Y485,64.0759952,5.513131209,3/14/2018,128
2265,5,7/20/2018,Ki3/NC356,Y486,69.00009613,5.518249426,3/14/2018,128
2266,5,7/20/2018,Ki3/NC356,Y487,39.39466386,5.509164657,3/14/2018,128
2267,5,7/20/2018,Ki3/NC356,Y488,79.05113143,5.495339154,3/14/2018,128
2268,5,7/20/2018,Ki3/NC356,Y489,68.52955454,5.498769627,3/14/2018,128
2269,5,7/20/2018,Ki3/NC356,Y490,66.7951151,5.509452927,3/14/2018,128
2270,5,7/20/2018,Ki3/NC356,Y491,61.24894407,5.495900587,3/14/2018,128
2271,5,7/20/2018,Ki3/NC356,Y492,86.9139623,5.50819533,3/14/2018,128
2272,5,7/20/2018,Ki3/NC356,Y493,84.74354236,5.491657536,3/14/2018,128
2273,5,7/20/2018,Ki3/NC356,Y494,71.57942452,5.495662125,3/14/2018,128
2274,5,7/20/2018,Ki3/NC356,Y495,80.42562385,5.51718936,3/14/2018,128
2275,5,7/20/2018,Ki3/NC356,Y496,81.74360703,5.495604183,3/14/2018,128
2276,5,7/20/2018,Ki3/NC356,Y497,91.48697488,5.505410823,3/14/2018,128
2277,5,7/20/2018,Ki3/NC356,Y498,71.14354902,5.523718924,3/14/2018,128
2278,5,7/20/2018,Ki3/NC356,Y499,83.26453796,5.491390804,3/14/2018,128
2279,5,7/20/2018,Ki3/NC356,Y500,79.7040027,5.506960657,3/14/2018,128
2280,5,7/20/2018,Ki3/NC356,Y501,66.67789397,5.506569298,3/14/2018,128
2281,5,7/20/2018,Ki3/NC356,Y502,74.34181095,5.523123665,3/14/2018,128
2282,5,7/20/2018,Ki3/NC356,Y503,72.0591632,5.494887651,3/14/2018,128
2283,5,7/20/2018,Ki3/NC356,Y504,69.76541879,5.491013853,3/14/2018,128
2284,5,7/20/2018,Ki3/NC356,Y505,75.75894241,5.501262406,3/14/2018,128
2285,5,7/20/2018,Ki3/NC356,Y506,72.17944982,5.519386041,3/14/2018,128
2286,5,7/20/2018,Ki3/NC356,Y507,88.32077025,5.527355398,3/14/2018,128
2287,5,7/20/2018,Ki3/NC356,Y508,73.11897012,5.494011292,3/14/2018,128
2288,5,7/20/2018,Ki3/NC356,Y509,83.42611525,5.492590314,3/14/2018,128
2289,5,7/20/2018,Ki3/NC356,Y510,67.53080046,5.517216635,3/14/2018,128
2290,5,7/20/2018,Ki3/NC356,Y511,81.70973314,5.496977188,3/14/2018,128
2291,5,7/20/2018,Ki3/NC356,Y512,72.52110373,5.510692681,3/14/2018,128
2292,5,7/20/2018,Ki3/NC356,Y513,50.83910574,5.504786944,3/14/2018,128
2293,5,7/20/2018,Ki3/NC356,Y514,53.75432246,5.505748616,3/14/2018,128
2294,5,7/20/2018,Ki3/NC356,Y515,87.93156635,5.493589602,3/14/2018,128
2295,5,7/20/2018,Ki3/NC356,Y516,71.57205618,5.513042702,3/14/2018,128
2296,5,7/20/2018,Ki3/NC356,Y517,74.40431286,5.491488299,3/14/2018,128
2297,5,7/20/2018,Ki3/NC356,Y518,80.30007217,5.496890811,3/14/2018,128
2298,5,7/20/2018,Ki3/NC356,Y519,81.63237356,5.515329376,3/14/2018,128
2299,5,7/20/2018,Ki3/NC356,Y520,78.74661001,5.502174514,3/14/2018,128
2300,5,7/20/2018,Ki3/NC356,Y521,75.65830536,5.50918343,3/14/2018,128
2301,5,7/20/2018,Ki3/NC356,Y522,84.54663228,5.505881047,3/14/2018,128
2302,5,7/20/2018,Ki3/NC356,Y523,63.91134436,5.491928359,3/14/2018,128
2303,5,7/20/2018,Ki3/NC356,Y524,77.88773898,5.504535205,3/14/2018,128
2304,5,7/20/2018,Ki3/NC356,Y525,75.12919884,5.491095209,3/14/2018,128
2305,5,7/20/2018,Ki3/NC356,Y526,48.94693463,5.497939431,3/14/2018,128
2306,5,7/20/2018,Ki3/NC356,Y527,85.03236194,5.505281011,3/14/2018,128
2307,5,7/20/2018,LH82/LAMA,Y168,84.19667296,4.849311492,3/14/2018,128
2308,5,7/20/2018,LH82/LAMA,Y169,77.53667146,4.507142264,3/14/2018,128
2309,5,7/20/2018,LH82/LAMA,Y170,76.71733402,4.507528317,3/14/2018,128
2310,5,7/20/2018,LH82/LAMA,Y171,86.53444108,4.502515362,3/14/2018,128
2311,5,7/20/2018,LH82/LAMA,Y172,82.32818508,4.504634732,3/14/2018,128
2312,5,7/20/2018,LH82/LAMA,Y173,81.85498806,4.504536617,3/14/2018,128
2313,5,7/20/2018,LH82/LAMA,Y174,85.69826068,4.517421017,3/14/2018,128
2314,5,7/20/2018,LH82/LAMA,Y175,82.99758024,4.492254891,3/14/2018,128
2315,5,7/20/2018,LH82/LAMA,Y176,87.69042675,4.506665913,3/14/2018,128
2316,5,7/20/2018,LH82/LAMA,Y177,83.21703012,4.863989049,3/14/2018,128
2317,5,7/20/2018,LH82/LAMA,Y178,81.11179933,4.531251672,3/14/2018,128
2318,5,7/20/2018,LH82/LAMA,Y179,75.3570173,4.517227182,3/14/2018,128
2319,5,7/20/2018,LH82/LAMA,Y180,87.54941421,4.507908169,3/14/2018,128
2320,5,7/20/2018,LH82/LAMA,Y181,82.24777496,4.516143448,3/14/2018,128
2321,5,7/20/2018,LH82/LAMA,Y182,81.52385648,4.520404926,3/14/2018,128
2322,5,7/20/2018,LH82/LAMA,Y183,86.29800453,4.49357495,3/14/2018,128
2323,5,7/20/2018,LH82/LAMA,Y184,86.58929374,4.496848942,3/14/2018,128
2324,5,7/20/2018,LH82/LAMA,Y185,85.25111932,4.496915718,3/14/2018,128
2325,5,7/20/2018,LH82/LAMA,Y186,68.45404999,4.497810872,3/14/2018,128
2326,5,7/20/2018,LH82/LAMA,Y187,79.2932956,4.499062973,3/14/2018,128
2327,5,7/20/2018,LH82/LAMA,Y188,84.17157399,4.522989375,3/14/2018,128
2328,5,7/20/2018,LH82/LAMA,Y189,72.05690131,4.490455341,3/14/2018,128
2329,5,7/20/2018,LH82/LAMA,Y190,71.89837289,4.483061751,3/14/2018,128
2330,5,7/20/2018,LH82/LAMA,Y191,85.44845094,4.516722406,3/14/2018,128
2331,5,7/20/2018,LH82/LAMA,Y192,86.60078299,4.499373581,3/14/2018,128
2332,5,7/20/2018,LH82/LAMA,Y193,83.84312355,4.485142239,3/14/2018,128
2333,5,7/20/2018,LH82/LAMA,Y194,81.65479917,4.502531315,3/14/2018,128
2334,5,7/20/2018,LH82/LAMA,Y195,86.05080375,4.515987617,3/14/2018,128
2335,5,7/20/2018,LH82/LAMA,Y196,88.68136271,4.490142116,3/14/2018,128
2336,5,7/20/2018,LH82/LAMA,Y197,79.73032962,4.491078773,3/14/2018,128
2337,5,7/20/2018,LH82/LAMA,Y198,84.52127276,4.491447481,3/14/2018,128
2338,5,7/20/2018,LH82/LAMA,Y199,83.64439463,4.507001728,3/14/2018,128
2339,5,7/20/2018,LH82/LAMA,Y200,70.65364591,4.486027733,3/14/2018,128
2340,5,7/20/2018,LH82/LAMA,Y201,78.78030132,4.498374602,3/14/2018,128
2341,5,7/20/2018,LH82/LAMA,Y202,84.91225579,4.494958042,3/14/2018,128
2342,5,7/20/2018,LH82/LAMA,Y203,86.79872501,4.519525786,3/14/2018,128
2343,5,7/20/2018,LH82/LAMA,Y204,77.67597765,4.494082649,3/14/2018,128
2344,5,7/20/2018,LH82/LAMA,Y205,85.14988079,4.493733875,3/14/2018,128
2345,5,7/20/2018,LH82/LAMA,Y206,76.54389739,4.498992781,3/14/2018,128
2346,5,7/20/2018,LH82/LAMA,Y207,84.77547331,4.507978723,3/14/2018,128
2347,5,7/20/2018,LH82/LAMA,Y208,86.07639164,4.525366699,3/14/2018,128
2348,5,7/20/2018,LH82/LAMA,Y209,79.83661235,4.504279338,3/14/2018,128
2349,5,7/20/2018,LH82/LAMA,Y210,79.34801544,4.490669736,3/14/2018,128
2350,5,7/20/2018,LH82/LAMA,Y211,86.50930375,4.497757483,3/14/2018,128
2351,5,7/20/2018,LH82/LAMA,Y212,86.19124587,4.5025158,3/14/2018,128
2352,5,7/20/2018,LH82/LAMA,Y213,83.94448958,4.492213254,3/14/2018,128
2353,5,7/20/2018,LH82/LAMA,Y214,61.51564634,4.509252625,3/14/2018,128
2354,5,7/20/2018,LH82/LAMA,Y215,85.27051564,4.488159111,3/14/2018,128
2355,5,7/20/2018,LH82/LAMA,Y216,73.6310456,4.496652771,3/14/2018,128
2356,5,7/20/2018,LH82/LAMA,Y217,85.23802677,4.489632459,3/14/2018,128
2357,5,7/20/2018,LH82/LAMA,Y218,81.40181405,4.510358256,3/14/2018,128
2358,5,7/20/2018,LH82/LAMA,Y219,78.62424271,4.508642589,3/14/2018,128
2359,5,7/20/2018,LH82/LAMA,Y220,83.94068197,4.513650983,3/14/2018,128
2360,5,7/20/2018,LH82/LAMA,Y221,84.23561849,4.489140523,3/14/2018,128
2361,5,7/20/2018,LH82/LAMA,Y222,76.61134987,4.532676867,3/14/2018,128
2362,5,7/20/2018,LH82/LAMA,Y223,81.20388071,4.492550102,3/14/2018,128
2363,5,7/20/2018,LH82/LAMA,Y224,88.19562882,4.493244693,3/14/2018,128
2364,5,7/20/2018,LH82/LAMA,Y225,82.89163074,4.504700986,3/14/2018,128
2365,5,7/20/2018,LH82/LAMA,Y226,84.16296794,4.496968828,3/14/2018,128
2366,5,7/20/2018,LH82/LAMA,Y227,87.47330516,4.486191822,3/14/2018,128
2367,5,7/20/2018,LH82/LAMA,Y228,75.97494384,4.494848056,3/14/2018,128
2368,5,7/20/2018,LH82/LAMA,Y229,85.02729961,4.511809186,3/14/2018,128
2369,5,7/20/2018,LH82/LAMA,Y230,86.28897913,4.487859709,3/14/2018,128
2370,5,7/20/2018,LH82/LAMA,Y231,80.55608555,4.502435607,3/14/2018,128
2371,5,7/20/2018,LH82/LAMA,Y232,83.47768744,4.519357213,3/14/2018,128
2372,5,7/20/2018,LH82/LAMA,Y233,79.39818859,4.522480671,3/14/2018,128
2373,5,7/20/2018,LH82/LAMA,Y234,86.19295934,4.510412327,3/14/2018,128
2374,5,7/20/2018,LH82/LAMA,Y235,83.68799561,4.515933445,3/14/2018,128
2375,5,7/20/2018,LH82/LAMA,Y236,71.40892757,4.500908505,3/14/2018,128
2376,5,7/20/2018,LH82/LAMA,Y237,85.65124799,4.499264907,3/14/2018,128
2377,5,7/20/2018,LH82/LAMA,Y238,76.00483778,4.493826706,3/14/2018,128
2378,5,7/20/2018,LH82/LAMA,Y239,85.6024181,4.510848337,3/14/2018,128
2379,5,7/20/2018,LH82/LAMA,Y240,76.28866219,4.501231966,3/14/2018,128
2380,5,7/20/2018,LH82/LAMA,Y241,82.21869443,4.530921471,3/14/2018,128
2381,5,7/20/2018,LH82/LAMA,Y242,86.87148862,4.493355967,3/14/2018,128
2382,5,7/20/2018,LH82/LAMA,Y243,66.5627272,4.503669096,3/14/2018,128
2383,5,7/20/2018,LH82/LAMA,Y244,78.68027189,4.512336823,3/14/2018,128
2384,5,7/20/2018,LH82/LAMA,Y245,83.26389928,4.505887019,3/14/2018,128
2385,5,7/20/2018,LH82/LAMA,Y246,84.86055648,4.849288445,3/14/2018,128
2386,5,7/20/2018,LH82/LAMA,Y247,84.3287482,4.517537537,3/14/2018,128
2387,5,7/20/2018,LH82/LAMA,Y248,85.90784041,4.506226979,3/14/2018,128
2388,5,7/20/2018,LH82/LAMA,Y249,85.73760976,4.489812668,3/14/2018,128
2389,5,7/20/2018,LH82/LAMA,Y250,73.28881154,4.495477653,3/14/2018,128
2390,5,7/20/2018,LH82/LAMA,Y251,88.62072574,4.495690267,3/14/2018,128
2391,5,7/20/2018,LH82/LAMA,Y252,84.06806579,4.517730196,3/14/2018,128
2392,5,7/20/2018,LH82/LAMA,Y253,87.59317508,4.515298684,3/14/2018,128
2393,5,7/20/2018,LH82/LAMA,Y254,85.83685779,4.505837147,3/14/2018,128
2394,5,7/20/2018,LH82/LAMA,Y255,85.73805601,4.504690665,3/14/2018,128
2395,5,7/20/2018,LH82/LAMA,Y256,84.62608143,4.50816462,3/14/2018,128
2396,5,7/20/2018,LH82/LAMA,Y257,76.02949102,4.511757391,3/14/2018,128
2397,5,7/20/2018,LH82/LAMA,Y258,85.75440285,4.506336246,3/14/2018,128
2398,5,7/20/2018,LH82/LAMA,Y259,84.83857205,4.510072645,3/14/2018,128
2399,5,7/20/2018,LH82/LAMA,Y260,86.15252741,4.497557457,3/14/2018,128
2400,5,7/20/2018,LH82/LAMA,Y261,81.72444969,4.501601441,3/14/2018,128
2401,5,7/20/2018,LH82/LAMA,Y262,80.89000825,4.521350261,3/14/2018,128
2402,5,7/20/2018,LH82/LAMA,Y263,75.05083071,4.497286933,3/14/2018,128
2403,5,7/20/2018,LH82/LAMA,Y264,76.79128895,4.505220094,3/14/2018,128
2404,5,7/20/2018,LH82/LAMA,Y265,82.39030526,4.521465308,3/14/2018,128
2405,5,7/20/2018,LH82/LAMA,Y266,84.52233229,4.50284127,3/14/2018,128
2406,5,7/20/2018,LH82/LAMA,Y267,78.15327345,4.521852077,3/14/2018,128
2407,5,7/20/2018,LH82/LAMA,Y268,78.57723058,4.509982467,3/14/2018,128
2408,5,7/20/2018,LH82/LAMA,Y269,80.70964183,4.507289741,3/14/2018,128
2409,5,7/20/2018,LH82/LAMA,Y270,81.42413732,4.513517838,3/14/2018,128
2410,5,7/20/2018,LH82/LAMA,Y271,87.1875981,4.494802952,3/14/2018,128
2411,5,7/20/2018,LH82/LAMA,Y272,80.06828672,4.499223172,3/14/2018,128
2412,5,7/20/2018,LH82/LAMA,Y273,82.18495243,4.491196623,3/14/2018,128
2413,5,7/20/2018,LH82/LAMA,Y274,82.44556685,4.501332986,3/14/2018,128
2414,5,7/20/2018,LH82/LAMA,Y275,82.64637719,4.552198093,3/14/2018,128
2415,5,7/20/2018,LH82/LAMA,Y276,73.15135595,4.500239406,3/14/2018,128
2416,5,7/20/2018,LH82/LAMA,Y277,87.32346457,5.28845459,3/14/2018,128
2417,5,7/20/2018,LH82/LAMA,Y278,75.96572736,4.519154884,3/14/2018,128
2418,5,7/20/2018,LH82/LAMA,Y279,81.0979735,4.493311779,3/14/2018,128
2419,5,7/20/2018,LH82/LAMA,Y280,79.50652205,4.50330309,3/14/2018,128
2420,5,7/20/2018,LH82/LAMA,Y281,84.476333,4.511280748,3/14/2018,128
2421,5,7/20/2018,LH82/LAMA,Y282,87.35614406,4.509945105,3/14/2018,128
2422,5,7/20/2018,LH82/LAMA,Y283,84.29780425,4.48922893,3/14/2018,128
2423,5,7/20/2018,LH82/LAMA,Y284,78.41232323,4.500934343,3/14/2018,128
2424,5,7/20/2018,LH82/LAMA,Y285,84.90398964,4.518836847,3/14/2018,128
2425,5,7/20/2018,LH82/LAMA,Y286,81.5213424,4.498615705,3/14/2018,128
2426,5,7/20/2018,LH82/LAMA,Y287,81.07758887,4.514016027,3/14/2018,128
2427,5,7/20/2018,LH82/LAMA,Y288,85.14959343,4.48920757,3/14/2018,128
2428,5,7/20/2018,LH82/LAMA,Y289,81.50950764,4.523361422,3/14/2018,128
2429,5,7/20/2018,LH82/LAMA,Y290,83.20932877,4.861556336,3/14/2018,128
2430,5,7/20/2018,LH82/LAMA,Y291,70.19634281,4.509621949,3/14/2018,128
2431,5,7/20/2018,LH82/LAMA,Y292,75.97534605,4.497973465,3/14/2018,128
2432,5,7/20/2018,LH82/LAMA,Y293,82.37852083,4.498457528,3/14/2018,128
2433,5,7/20/2018,LH82/LAMA,Y294,85.48322666,4.516429324,3/14/2018,128
2434,5,7/20/2018,LH82/LAMA,Y295,86.57565578,4.508080897,3/14/2018,128
2435,5,7/20/2018,LH82/LAMA,Y296,71.82649105,4.506314471,3/14/2018,128
2436,5,7/20/2018,LH82/LAMA,Y297,83.81203404,4.501512058,3/14/2018,128
2437,5,7/20/2018,LH82/LAMA,Y298,75.7201406,4.497485159,3/14/2018,128
2438,5,7/20/2018,LH82/LAMA,Y299,86.62320683,4.513820485,3/14/2018,128
2439,5,7/20/2018,LH82/LAMA,Y300,77.70695497,4.498717963,3/14/2018,128
2440,5,7/20/2018,LH82/LAMA,Y301,84.02713712,4.509935262,3/14/2018,128
2441,5,7/20/2018,LH82/LAMA,Y302,79.07302477,4.510211679,3/14/2018,128
2442,5,7/20/2018,LH82/LAMA,Y303,82.70999031,4.513568076,3/14/2018,128
2443,5,7/20/2018,LH82/LAMA,Y304,87.68931604,4.49992336,3/14/2018,128
2444,5,7/20/2018,LH82/LAMA,Y305,82.93474569,4.496490438,3/14/2018,128
2445,5,7/20/2018,LH82/LAMA,Y306,85.67990907,4.511556025,3/14/2018,128
2446,5,7/20/2018,LH82/LAMA,Y307,70.16816427,4.507225517,3/14/2018,128
2447,5,7/20/2018,LH82/LAMA,Y308,82.10175464,4.499724226,3/14/2018,128
2448,5,7/20/2018,LH82/LAMA,Y309,85.86452283,4.518576565,3/14/2018,128
2449,5,7/20/2018,LH82/LAMA,Y310,79.18014191,4.510765948,3/14/2018,128
2450,5,7/20/2018,LH82/LAMA,Y311,77.69881272,4.526549046,3/14/2018,128
2451,5,7/20/2018,LH82/LAMA,Y312,83.58900117,4.858793227,3/14/2018,128
2452,5,7/20/2018,LH82/LAMA,Y313,84.18443542,5.317412594,3/14/2018,128
2453,5,7/20/2018,LH82/LAMA,Y314,85.31840278,4.857716311,3/14/2018,128
2454,5,7/20/2018,LH82/LAMA,Y315,80.55552018,4.503258203,3/14/2018,128
2455,5,7/20/2018,LH82/LAMA,Y316,82.53680446,4.513927363,3/14/2018,128
2456,5,7/20/2018,LH82/LAMA,Y317,81.99929264,4.848661395,3/14/2018,128
2457,5,7/20/2018,LH82/LAMA,Y318,85.22388351,4.500621032,3/14/2018,128
2458,5,7/20/2018,LH82/LAMA,Y319,87.76040544,4.493232438,3/14/2018,128
2459,5,7/20/2018,LH82/LAMA,Y320,79.29949622,4.532419012,3/14/2018,128
2460,5,7/20/2018,LH82/LAMA,Y321,80.72674045,4.499357759,3/14/2018,128
2461,5,7/20/2018,LH82/LAMA,Y322,82.54375619,4.50669483,3/14/2018,128
2462,5,7/20/2018,LH82/LAMA,Y323,81.76243019,4.509049438,3/14/2018,128
2463,5,7/20/2018,LH82/LAMA,Y324,85.26379192,4.489519548,3/14/2018,128
2464,5,7/20/2018,LH82/LAMA,Y325,70.66014678,4.516816231,3/14/2018,128
2465,5,7/20/2018,LH82/LAMA,Y326,80.63595851,4.498438895,3/14/2018,128
2466,5,7/20/2018,LH82/LAMA,Y327,83.53509028,4.504212748,3/14/2018,128
2467,5,7/20/2018,LH82/LAMA,Y328,82.90140529,4.497510293,3/14/2018,128
2468,5,7/20/2018,LH82/LAMA,Y329,82.70131953,4.503175791,3/14/2018,128
2469,5,7/20/2018,LH82/LAMA,Y330,81.5486628,4.514487138,3/14/2018,128
2470,5,7/20/2018,LH82/LAMA,Y331,84.82492768,4.490368502,3/14/2018,128
2471,5,7/20/2018,LH82/LAMA,Y332,84.26475316,4.507437423,3/14/2018,128
2472,5,7/20/2018,LH82/LAMA,Y333,72.72457839,4.518540428,3/14/2018,128
2473,5,7/20/2018,LH82/LAMA,Y334,70.28078133,4.497230577,3/14/2018,128
2474,5,7/20/2018,LH82/LAMA,Y335,74.46164518,4.862266507,3/14/2018,128
2475,5,7/20/2018,LH82/LAMA,Y336,88.14978076,4.502289788,3/14/2018,128
2476,5,7/20/2018,LH82/LAMA,Y337,85.5251294,4.534287847,3/14/2018,128
2477,5,7/20/2018,LH82/LAMA,Y338,80.54239893,4.499037342,3/14/2018,128
2478,5,7/20/2018,LH82/LAMA,Y339,71.21479119,4.552712744,3/14/2018,128
2479,5,7/20/2018,LH82/LAMA,Y340,84.86081133,4.501947068,3/14/2018,128
2480,5,7/20/2018,LH82/LAMA,Y341,84.48849807,4.532602122,3/14/2018,128
2481,5,7/20/2018,LH82/LAMA,Y342,89.04453871,4.488093213,3/14/2018,128
2482,5,7/20/2018,LH82/LAMA,Y343,79.14946856,4.491402817,3/14/2018,128
2483,5,7/20/2018,LH82/LAMA,Y344,84.51835704,4.509514699,3/14/2018,128
2484,5,7/20/2018,LH82/LAMA,Y345,81.07477211,4.495812136,3/14/2018,128
2485,5,7/20/2018,Tx740/NC356,Y346,87.13419992,5.410024099,3/14/2018,128
2486,5,7/20/2018,Tx740/NC356,Y347,58.91397502,5.423917935,3/14/2018,128
2487,5,7/20/2018,Tx740/NC356,Y348,88.22482241,5.472710824,3/14/2018,128
2488,5,7/20/2018,Tx740/NC356,Y349,66.79478168,5.423314531,3/14/2018,128
2489,5,7/20/2018,Tx740/NC356,Y351,80.60980995,5.440715246,3/14/2018,128
2490,5,7/20/2018,Tx740/NC356,Y352,59.73023149,5.416396269,3/14/2018,128
2491,5,7/20/2018,Tx740/NC356,Y353,92.60887207,5.437095605,3/14/2018,128
2492,5,7/20/2018,Tx740/NC356,Y354,55.44838989,6.072697453,3/14/2018,128
2493,5,7/20/2018,Tx740/NC356,Y355,70.47300516,5.498508293,3/14/2018,128
2494,5,7/20/2018,Tx740/NC356,Y356,66.36375461,5.422582544,3/14/2018,128
2495,5,7/20/2018,Tx740/NC356,Y357,76.36321021,5.408815006,3/14/2018,128
2496,5,7/20/2018,Tx740/NC356,Y359,58.4711699,5.444436579,3/14/2018,128
2497,5,7/20/2018,Tx740/NC356,Y360,80.64798996,5.425070781,3/14/2018,128
2498,5,7/20/2018,Tx740/NC356,Y361,88.20944368,5.461566992,3/14/2018,128
2499,5,7/20/2018,Tx740/NC356,Y362,80.93635561,5.424451039,3/14/2018,128
2500,5,7/20/2018,Tx740/NC356,Y363,62.18806985,5.44306338,3/14/2018,128
2501,5,7/20/2018,Tx740/NC356,Y364,78.02895625,5.464035992,3/14/2018,128
2502,5,7/20/2018,Tx740/NC356,Y365,77.74850469,5.433310484,3/14/2018,128
2503,5,7/20/2018,Tx740/NC356,Y366,79.78363926,5.462974664,3/14/2018,128
2504,5,7/20/2018,Tx740/NC356,Y367,89.03451877,5.442656911,3/14/2018,128
2505,5,7/20/2018,Tx740/NC356,Y368,75.61055505,5.447101464,3/14/2018,128
2506,5,7/20/2018,Tx740/NC356,Y369,83.75693488,5.451087385,3/14/2018,128
2507,5,7/20/2018,Tx740/NC356,Y370,77.47616344,5.461130065,3/14/2018,128
2508,5,7/20/2018,Tx740/NC356,Y371,74.1333419,5.422003693,3/14/2018,128
2509,5,7/20/2018,Tx740/NC356,Y372,81.70803456,5.457294727,3/14/2018,128
2510,5,7/20/2018,Tx740/NC356,Y373,59.53182755,5.422462484,3/14/2018,128
2511,5,7/20/2018,Tx740/NC356,Y374,77.11365883,5.449070027,3/14/2018,128
2512,5,7/20/2018,Tx740/NC356,Y375,84.641949,5.429080469,3/14/2018,128
2513,5,7/20/2018,Tx740/NC356,Y376,82.56990524,5.493074525,3/14/2018,128
2514,5,7/20/2018,Tx740/NC356,Y377,83.80012951,5.434632622,3/14/2018,128
2515,5,7/20/2018,Tx740/NC356,Y378,65.3212226,5.423414244,3/14/2018,128
2516,5,7/20/2018,Tx740/NC356,Y379,82.94147626,5.44378526,3/14/2018,128
2517,5,7/20/2018,Tx740/NC356,Y380,87.98976948,5.408732199,3/14/2018,128
2518,5,7/20/2018,Tx740/NC356,Y381,83.45959197,5.417821246,3/14/2018,128
2519,5,7/20/2018,Tx740/NC356,Y382,69.67562968,5.42725341,3/14/2018,128
2520,5,7/20/2018,Tx740/NC356,Y383,82.16314359,5.442265173,3/14/2018,128
2521,5,7/20/2018,Tx740/NC356,Y384,62.68198648,5.452089101,3/14/2018,128
2522,5,7/20/2018,Tx740/NC356,Y385,61.24121744,5.486952991,3/14/2018,128
2523,5,7/20/2018,Tx740/NC356,Y386,82.18530973,5.438310502,3/14/2018,128
2524,5,7/20/2018,Tx740/NC356,Y387,64.75436853,5.418221675,3/14/2018,128
2525,5,7/20/2018,Tx740/NC356,Y388,67.71379234,5.471254352,3/14/2018,128
2526,5,7/20/2018,Tx740/NC356,Y389,85.84573764,5.457122102,3/14/2018,128
2527,5,7/20/2018,Tx740/NC356,Y390,73.25009715,5.458435554,3/14/2018,128
2528,5,7/20/2018,Tx740/NC356,Y391,70.39287276,5.459319964,3/14/2018,128
2529,5,7/20/2018,Tx740/NC356,Y392,90.465505,5.460292623,3/14/2018,128
2530,5,7/20/2018,Tx740/NC356,Y393,81.41518736,5.473011191,3/14/2018,128
2531,5,7/20/2018,Tx740/NC356,Y394,58.3007966,5.454209394,3/14/2018,128
2532,5,7/20/2018,Tx740/NC356,Y395,69.72554627,5.41754038,3/14/2018,128
2533,5,7/20/2018,Tx740/NC356,Y396,76.1062316,5.447520295,3/14/2018,128
2534,5,7/20/2018,Tx740/NC356,Y397,82.40006274,5.4630565,3/14/2018,128
2535,5,7/20/2018,Tx740/NC356,Y398,69.56369292,5.446235683,3/14/2018,128
2536,5,7/20/2018,Tx740/NC356,Y400,77.45981345,5.453304097,3/14/2018,128
2537,5,7/20/2018,Tx740/NC356,Y401,95.03224082,5.413716804,3/14/2018,128
2538,5,7/20/2018,Tx740/NC356,Y402,89.13307179,5.43128935,3/14/2018,128
2539,5,7/20/2018,Tx740/NC356,Y403,86.50991975,5.506462828,3/14/2018,128
2540,5,7/20/2018,Tx740/NC356,Y404,91.72405108,5.450926946,3/14/2018,128
2541,5,7/20/2018,Tx740/NC356,Y405,84.32432087,5.422862961,3/14/2018,128
2542,5,7/20/2018,Tx740/NC356,Y406,61.98514898,5.458560944,3/14/2018,128
2543,5,7/20/2018,Tx740/NC356,Y407,56.02255496,5.454901372,3/14/2018,128
2544,5,7/20/2018,Tx740/NC356,Y408,77.65304817,5.413906833,3/14/2018,128
2545,5,7/20/2018,Tx740/NC356,Y409,74.71780892,5.417622529,3/14/2018,128
2546,5,7/20/2018,Tx740/NC356,Y410,88.55285554,5.434691734,3/14/2018,128
2547,5,7/20/2018,Tx740/NC356,Y411,66.01458956,5.437089638,3/14/2018,128
2548,5,7/20/2018,Tx740/NC356,Y412,88.64990789,5.454569599,3/14/2018,128
2549,5,7/20/2018,Tx740/NC356,Y414,91.88832373,5.45436859,3/14/2018,128
2550,5,7/20/2018,Tx740/NC356,Y415,67.80652894,5.455611847,3/14/2018,128
2551,5,7/20/2018,Tx740/NC356,Y416,86.20985098,5.424854206,3/14/2018,128
2552,5,7/20/2018,Tx740/NC356,Y417,71.89165283,5.426477125,3/14/2018,128
2553,5,7/20/2018,Tx740/NC356,Y419,89.51326808,5.462650357,3/14/2018,128
2554,5,7/20/2018,Tx740/NC356,Y420,67.07617264,5.420044043,3/14/2018,128
2555,5,7/20/2018,Tx740/NC356,Y421,87.52101484,5.428658174,3/14/2018,128
2556,5,7/20/2018,Tx740/NC356,Y423,76.43719658,5.434442079,3/14/2018,128
2557,5,7/20/2018,Tx740/NC356,Y424,89.84607731,5.437549731,3/14/2018,128
2558,5,7/20/2018,Tx740/NC356,Y425,90.76574696,5.478738983,3/14/2018,128
2559,5,7/20/2018,Tx740/NC356,Y426,87.73732598,5.415989372,3/14/2018,128
2560,5,7/20/2018,Tx740/NC356,Y427,86.00818059,5.441881534,3/14/2018,128
2561,5,7/20/2018,Tx740/NC356,Y428,89.53450225,5.409957308,3/14/2018,128
2562,5,7/20/2018,Tx740/NC356,Y429,60.19603219,5.446092583,3/14/2018,128
2563,5,7/20/2018,Tx740/NC356,Y430,91.84052932,5.40446321,3/14/2018,128
2564,5,7/20/2018,Tx740/NC356,Y431,90.83010982,5.438985842,3/14/2018,128
2565,5,7/20/2018,Tx740/NC356,Y432,86.9486212,5.485520547,3/14/2018,128
2566,5,7/20/2018,Tx740/NC356,Y434,80.90833692,5.433832221,3/14/2018,128
2567,5,7/20/2018,Tx740/NC356,Y435,88.44832916,5.423885797,3/14/2018,128
2568,5,7/20/2018,Tx740/NC356,Y436,83.91370891,5.483493343,3/14/2018,128
2569,5,7/20/2018,Tx740/NC356,Y437,82.80414633,5.432314255,3/14/2018,128
2570,5,7/20/2018,Tx740/NC356,Y438,53.16012072,5.417540996,3/14/2018,128
2571,5,7/20/2018,Tx740/NC356,Y439,49.42480987,5.442105178,3/14/2018,128
2572,5,7/20/2018,Tx740/NC356,Y440,65.88559691,5.427590245,3/14/2018,128
2573,5,7/20/2018,Tx740/NC356,Y441,61.23373737,5.464890344,3/14/2018,128
2574,5,7/20/2018,Tx740/NC356,Y442,65.47773107,5.440247909,3/14/2018,128
2575,5,7/20/2018,Tx740/NC356,Y443,92.82230002,5.423935988,3/14/2018,128
2576,5,7/20/2018,Tx740/NC356,Y444,76.39262304,5.450606593,3/14/2018,128
2577,5,7/20/2018,Tx740/NC356,Y445,62.61202607,5.445852047,3/14/2018,128
2578,5,7/20/2018,Tx740/NC356,Y446,79.2133561,5.4245125,3/14/2018,128
2579,5,7/20/2018,Tx740/NC356,Y449,58.03519126,5.448077223,3/14/2018,128
2580,5,7/20/2018,Tx740/NC356,Y450,84.31007796,5.422253472,3/14/2018,128
2581,5,7/20/2018,Tx740/NC356,Y451,75.86490525,5.435369165,3/14/2018,128
2582,5,7/20/2018,Tx740/NC356,Y452,72.19120726,5.413297236,3/14/2018,128
2583,5,7/20/2018,Tx740/NC356,Y453,83.43675373,5.425689461,3/14/2018,128
2584,5,7/20/2018,Tx740/NC356,Y454,87.27134843,5.459049829,3/14/2018,128
2585,5,7/20/2018,Tx740/NC356,Y455,59.07537901,5.41266211,3/14/2018,128
