"","ExR_43","ExR_57","ExR_62","ExR_65","ExR_69","ExR_72","ExR_76","ExR_79","ExR_83","NGRDI_43","NGRDI_57","NGRDI_62","NGRDI_65","NGRDI_69","NGRDI_72","NGRDI_76","NGRDI_79","NGRDI_83"
"Y001",0.138336971436615,0.108435597295102,0.106333294652948,0.09295768390609,0.0362879230447818,0.0570047248258276,0.0692403031755761,0.0799460293507182,0.0755138468776418,0.027009007345249,0.0600828304623664,0.0661116499781473,0.075805661609408,0.140271149243425,0.126169685497798,0.082057272573896,0.0767186336273382,0.084758760544584
"Y002",0.136233149425319,0.117255756214505,0.11199057495969,0.101606241293438,0.0408926102651145,0.0645276701043445,0.0608065957400647,0.0655652812536563,0.0606040743742879,0.0288328464142398,0.0527030404278904,0.0615362641641291,0.0688086548911669,0.132710930709411,0.119464455833706,0.0844732348803556,0.0833530837948385,0.0893112499030605
"Y003",0.133495410461465,0.115159156639506,0.106527519429811,0.100374217874519,0.0544777018636448,0.0748643328316079,0.0784177068182813,0.0907232747175444,0.0857869646917853,0.0272975479174574,0.0519621943469062,0.0614362359231911,0.0669406723991168,0.11914732023848,0.109714849009969,0.0682584771141849,0.0601876651868897,0.0645771607322626
"Y004",0.14046880909129,0.10804203376279,0.0979629037917272,0.0877015604872803,0.0220191278383883,0.0518268502795839,0.0520337531254997,0.0616357462721375,0.0587982611751034,0.0268349793801503,0.05801770371384,0.0715550576643221,0.0804917254509089,0.15275672349844,0.128438007006781,0.0976773148007998,0.0916634121806131,0.0970182007425585
"Y005",0.136092107937185,0.112412795496673,0.10455777929472,0.100042022212089,0.0403257553898042,0.0679699947235499,0.0603723886422453,0.067220054951134,0.0623051587042927,0.0267807942940613,0.0537905469908756,0.0650370675539738,0.0693865245139724,0.130958983653927,0.116683215574616,0.0836110166978074,0.0814465140406791,0.0901152391830036
"Y006",0.141016937540108,0.109110711643678,0.103757555529631,0.096207867910518,0.0495356696449351,0.0856851413833329,0.0866546344670376,0.0948580556242858,0.091096783151772,0.0302870550024832,0.058536275479882,0.0681680596876594,0.0754309068175042,0.127444156798282,0.108065249579727,0.0674858009062935,0.0647002245878955,0.0718182231591069
"Y007",0.129590958193465,0.10624933555216,0.100451678559564,0.0921746557271662,0.0516660660657144,0.0910699374657243,0.0873721488320465,0.096500315153633,0.0863348721516875,0.0296749705546187,0.0563623156401832,0.0637238711445205,0.0700746628232525,0.119093523825994,0.100001063590698,0.0587449374054676,0.0501688615810395,0.0633945897071773
"Y008",0.140998444448884,0.126011438632844,0.115801670666092,0.0996734099279442,0.0651029797211415,0.0893044012257978,0.0726607129360198,0.0778589830320686,0.0656793640256105,0.0263253348842975,0.0448388124487449,0.0539819053548851,0.0662920362243536,0.105460092662659,0.100101303450053,0.0652739363362179,0.0648142441738052,0.0828058210885529
"Y009",0.133791716410717,0.114001068701385,0.117222225043496,0.0989705478875618,0.0530268256903745,0.0847339114966301,0.0861293413968619,0.093901881199743,0.0901381220235158,0.0281266586763179,0.0553933678754216,0.0557956986835719,0.0714449049373871,0.12129133025497,0.107241127313629,0.0636698885294658,0.0654798430215267,0.0700519891559735
"Y010",0.134208716564389,0.109071131869013,0.0982243308479998,0.0914149543924517,0.0363825626972738,0.0663657534484322,0.0749579130728872,0.0740004603612443,0.0624301129077757,0.0289146660064195,0.0573122031435852,0.0715539257740746,0.0769677471206284,0.1385058603653,0.118276063584127,0.0696082755878052,0.0770722887840799,0.0889510263791861
"Y011",0.134786805031169,0.0923567637917705,0.0978702659418214,0.0834304044655681,0.0304049232941086,0.0424529119300606,0.053275776127801,0.0549487901769366,0.0503600850768262,0.0301448778683557,0.0697397141577019,0.0697424045130924,0.0818476568513601,0.142554320633856,0.134583232028641,0.0928508691316869,0.0924682790066369,0.101685016099127
"Y012",0.131930676514607,0.110721707506212,0.103725113193267,0.0951169183378959,0.0631099291733952,0.090367521242381,0.0854591287991546,0.0868755889265916,0.0727562148370119,0.0299970158166388,0.0543537791160784,0.0634363693220998,0.0691832947840307,0.108633140906727,0.0996884312471334,0.0527849665489598,0.0603046665686515,0.0788248152411084
"Y013",0.14277994092215,0.131668328029384,0.116849106205475,0.108050882551022,0.064901052368341,0.0823845442231785,0.0846450224991909,0.0790464082586349,0.0682756505659726,0.0275457861180223,0.0462259108601285,0.0585028515950334,0.0645684578183942,0.111461625500811,0.106759424053044,0.0618764345142923,0.0725727692382615,0.086815383098264
"Y014",0.133400794442916,0.1061616869164,0.103051106163553,0.091642064487499,0.047525085285973,0.073322569617166,0.080209122674237,0.082953692609721,0.0746753510283024,0.0292317881663584,0.0546591261820931,0.0615846566881158,0.071449029321398,0.124280031726221,0.10976031206478,0.0637732155801615,0.0679699873877836,0.0803068293207994
"Y015",0.127120099928819,0.100864730830666,0.107605759125793,0.0929693086429171,0.0473263588661941,0.0745322770306782,0.0662981717143322,0.0695148903315724,0.0554335338375236,0.0281142713788885,0.0607700652845081,0.0576161814052974,0.0736215640656433,0.123307209808294,0.109214311049017,0.068032822882783,0.0683873130109941,0.0885135400197546
"Y016",0.138324780313541,0.099874081591232,0.0935725055245557,0.0818561526513902,0.0243103500597561,0.0387315692329556,0.0521823436625431,0.0614179594399874,0.0463528464164075,0.0291971981630728,0.0642000395791883,0.0733733564853675,0.082970531197112,0.148479548420852,0.137588922405963,0.0905831821483798,0.0854505887368409,0.103191930553584
"Y017",0.136943406562462,0.105566074151278,0.096496611793755,0.0827470940267521,0.0352819347885889,0.052642409138539,0.0574148811873165,0.0516449078095186,0.0504460208610151,0.0286048759497843,0.0588665143775352,0.0698805577901262,0.0804503215328336,0.139105906533041,0.127473169868947,0.0808805427236816,0.0967493119351123,0.0999330034705514
"Y018",0.139693937355199,0.1074399587289,0.101382535814443,0.0903337945992984,0.0395013869618861,0.0676068154011525,0.07168412794323,0.08946368778025,0.10002680725083,0.0281842817492008,0.05875007800242,0.0679704893605757,0.0736361494026322,0.134396885117572,0.115888626984578,0.0729618346970423,0.0666317394981802,0.0710785519670866
"Y019",0.135044049967741,0.119629129483137,0.109452708065468,0.0957394660389286,0.0499639549766351,0.0714252146529182,0.0717206535520242,0.085417952129047,0.0794270092079721,0.0278045504991303,0.0476282416837605,0.0610944484908442,0.0726321972112849,0.126450736491852,0.114995859499501,0.072446545921115,0.0684127107293449,0.0750871954329058
"Y020",0.140127093159312,0.12269459198667,0.113262590938832,0.103741755548047,0.0585527792659502,0.0889215458488081,0.0842795340445085,0.0997234505950114,0.0828546044171821,0.0266539324712898,0.0494091835816476,0.0622245304844305,0.0702474285663724,0.118670910202807,0.106956277965535,0.0729495706522081,0.0619702581875319,0.0787545294952192
"Y021",0.137967323033329,0.111292980148271,0.107238268599045,0.0971136213097314,0.0484103429482236,0.070767304074647,0.0718326602482169,0.0853887120971325,0.0762925202000665,0.0271247812270063,0.0543985302284025,0.0626968108763328,0.0708538811675539,0.124554056391701,0.113303202604939,0.0702667568820944,0.0635719938193795,0.0734411977647539
"Y022",0.139694075121199,0.105838082963611,0.101375984093157,0.0909572994751725,0.0389550207100815,0.065644182746521,0.0760210626059763,0.072164837149592,0.0628552504733833,0.0284833068681299,0.0618920239146069,0.0718398298903093,0.0803132144293272,0.136443835035754,0.120852129618476,0.0778284187916761,0.0814689080834038,0.094007883356121
"Y023",0.14326312786095,0.11300141867626,0.109959672837007,0.099348591983232,0.038276046182794,0.0710220570864928,0.0641902381869027,0.0798348273596481,0.0748335016314916,0.0228675293165964,0.0539536033881506,0.0611335122933581,0.0682354012947402,0.133468577531635,0.114853075386613,0.0851029142719496,0.072437214227648,0.078176784866083
"Y024",0.132752719178445,0.126315538169511,0.118311574803441,0.113009407805788,0.0740072138539322,0.10740392437021,0.0948190134372636,0.0925522867603425,0.0838542758059307,0.0294826793216407,0.0446379117213035,0.055436911264507,0.0608980775595342,0.101476309924748,0.0890901216671604,0.0535606741173186,0.0616743848987113,0.0725079115135876
"Y025",0.139202827271669,0.110449751931352,0.0996489150227092,0.090014492173616,0.0397571177749888,0.0612680901111654,0.0618758064001354,0.0714793067764053,0.06051477607501,0.0264214422630476,0.0557419565786251,0.0687097548068078,0.0766118361544433,0.1328667947876,0.121014947011214,0.0825783018948926,0.0745778769477823,0.0883262701204682
"Y026",0.13839956714212,0.118307222240579,0.112533702611562,0.0984066209073145,0.0585617268818092,0.0868594557101735,0.0969462712088864,0.0989236859490391,0.0971835767998098,0.0270992883037623,0.0504673867293373,0.0616031191753284,0.0703936105331756,0.115172690387047,0.104111362499026,0.0569297857828356,0.0561236123199505,0.061789012823262
"Y027",0.138924946635915,0.118022511289344,0.112819518475463,0.107696740866836,0.0722068616707518,0.0946012593458576,0.0721880142333355,0.0833636179685727,0.0683553010255734,0.0268509364871496,0.0478415044241229,0.056327339039371,0.0601203603008576,0.0995114884632527,0.0969995381693707,0.0659122819187307,0.0611833263860663,0.0789126047959412
"Y028",0.138060611906181,0.121971615374648,0.114092844912729,0.108508401262477,0.0603331725654212,0.0986826860144761,0.0843421992867646,0.0904028921233104,0.0919453817218634,0.0288394374068174,0.052962433243478,0.0604236693814235,0.0665001398380787,0.116946828402183,0.101005498439754,0.068371259578724,0.0693421382549169,0.0724856263106445
"Y029",0.144888899156607,0.114180680020787,0.110148880924999,0.0940487833926279,0.0678485918102191,0.101410240740435,0.0968439393077848,0.0937829994912601,0.0820476444792276,0.0240247503084418,0.054047552407221,0.0601305001809154,0.0720792423527178,0.105427005297787,0.0962121020657681,0.0493587549143374,0.0571533490089057,0.0723674833068558
"Y030",0.12271367670803,0.101472521115318,0.100098327012622,0.0935751496741011,0.0381869673275732,0.0710783188312084,0.0599397453010445,0.0788558392045474,0.0609191865604031,0.033394283646688,0.0634072001744927,0.0695655739326988,0.073560280925874,0.131786965855777,0.112297622223069,0.0817133575206748,0.0681451254752892,0.0894454075566053
"Y031",0.134206227495601,0.0981939781863596,0.0899345057273391,0.0829739352698952,0.0227071705637898,0.0501183689794315,0.0546940368346905,0.0605922706422766,0.0489941361849199,0.0275926245891249,0.063428847586004,0.076171580063682,0.0811511669521055,0.149166954025486,0.128920414106445,0.0886534502024011,0.0842044396345718,0.0986673842053007
"Y032",0.138298148563329,0.11005842326124,0.104881780289629,0.0976804141075683,0.0451011183210174,0.0806355072192079,0.0706468219779034,0.0780147489040778,0.068900811449141,0.026755444279455,0.0557660153002361,0.0627411859750853,0.0689742757092559,0.128434720460807,0.108409930878509,0.0699777097616193,0.0636095785414132,0.0767582686971307
"Y033",0.136114421208056,0.108889580659709,0.103523918695702,0.0888689041158055,0.0382325583506131,0.0662535101250998,0.0709438749391893,0.0673985969800294,0.061310881886966,0.0295554410577495,0.059434020987354,0.0696997152024482,0.0789695821592338,0.135141092819001,0.118670363530109,0.0764026964531892,0.0869963748458939,0.095361887826716
"Y034",0.129403590192156,0.114020924626352,0.110819833472998,0.101577999318449,0.0550874614077641,0.0868869810901188,0.0766886233526458,0.0805907386886239,0.073041840643115,0.027707957706465,0.0538343062128064,0.0623063330944069,0.068618363353768,0.11683113866647,0.103638244398257,0.0662052630851199,0.0689609977816299,0.0806858908074349
"Y035",0.130522044013733,0.136707811022545,0.12421380403281,0.110712051928297,0.0703205498232673,0.109061656614376,0.083200477709263,0.0983806446503326,0.0894486995149405,0.0307365496340324,0.0419770754563053,0.0503491049367409,0.0602922705515315,0.10207291454574,0.0897371949368717,0.0612953508475035,0.0537528813639136,0.0657339486643062
"Y036",0.136177014340627,0.109766878632934,0.107565477991999,0.104458296684443,0.052896376888375,0.0843279661795188,0.0671259745555374,0.0734351995027686,0.060120676343104,0.0298773639655157,0.0562482380320295,0.0622604354067181,0.0636567663290217,0.121855686229353,0.106236431315096,0.0795612459439755,0.07246965408508,0.0888128662185771
"Y037",0.142472515251482,0.122564689761811,0.117988443901518,0.108161191497689,0.0597038095062699,0.0942091752546452,0.0779882014527643,0.0919115712397812,0.075206040740177,0.0247042132598031,0.0490623892324899,0.0548462602911085,0.0608871403947648,0.113469673970817,0.0975334574778592,0.0646713604018407,0.0560336892887899,0.0744717094597972
"Y038",0.133995663933256,0.116123368440209,0.109314243388345,0.100205258317037,0.0429196432124845,0.0877747999612351,0.0845822433431472,0.0948834032691424,0.0828902667698661,0.0290711931791682,0.0550138866323179,0.0628702549850318,0.0691317724326479,0.131375074739385,0.10503437909742,0.0652808931354463,0.0589877658958572,0.0713815007096925
"Y039",0.130813466667152,0.103997192385048,0.0952913164732482,0.093501450409643,0.0434494800835469,0.0728437665479292,0.0805972331172552,0.0904881549026066,0.0801545939272555,0.031772737295552,0.0596551047466404,0.0730888187645792,0.0729698446717785,0.128400319287633,0.114102213404221,0.0640860469615335,0.058297327904776,0.0742910632156941
"Y040",0.136570620786357,0.12044982188728,0.108390198250743,0.0919474987116184,0.0490151207841082,0.0701048418191491,0.068070508630672,0.0739799537617761,0.0609462173825619,0.0276715087633565,0.0493169818894191,0.0606771922727527,0.0748124429739278,0.124575897452154,0.114411493772565,0.075506232714466,0.0732467207949087,0.0887630898611548
"Y041",0.128926069389745,0.0956350403866486,0.099996848520174,0.0921688849479671,0.0374809382411186,0.0646142881183132,0.0758127483365979,0.082061227911681,0.0702022945723931,0.030163235526042,0.0688651015035286,0.0694286608451852,0.0753728431060644,0.135125197664482,0.117613670731925,0.0700782635624386,0.0640500848770579,0.0797734856572417
"Y042",0.13482243743066,0.114706975808506,0.105247218058134,0.0980334178023865,0.0568103575062576,0.0841652197805643,0.0699364372232071,0.0693639244458193,0.0623711917762766,0.0273986811094604,0.0512618328364856,0.0584113761815122,0.0648700336372017,0.117327262955072,0.104024175888226,0.0691151922166912,0.0766216551114526,0.0857781063031739
"Y043",0.140821353849526,0.111800876681983,0.0975886890795254,0.0889054406795592,0.0441561348377236,0.0635596519477515,0.0653781591857917,0.0557081836913019,0.0487356603252933,0.0253328872409304,0.0496758605671172,0.0648300308740318,0.0726322357241018,0.130110673072695,0.119491003678603,0.0700581379194604,0.0886010651502176,0.10077819868709
"Y044",0.12971927022732,0.115515595174047,0.10462951795773,0.0938920809823329,0.0491537164358018,0.0678083732619424,0.074009019904458,0.0755128747139883,0.0795077859203498,0.0309715529789507,0.0522604241810766,0.0654093054577396,0.0735461835992494,0.124685575167439,0.11791839282676,0.0737489750963843,0.0776890218174452,0.0784930473640148
"Y045",0.135814943926596,0.123636088427879,0.110044394431515,0.100590520474514,0.0462190380096773,0.0727445225379791,0.069356844874401,0.0819408577390351,0.0718644529931299,0.0295507183673318,0.0497511287465412,0.0620536119593112,0.0678031938950295,0.12680149530841,0.112213511575577,0.0749747509066296,0.068097863740951,0.0831387907259688
"Y046",0.126388382453359,0.104776320211633,0.0999980163976477,0.0941567407941531,0.0357737032386799,0.0690634217467381,0.0747961415339159,0.090297621408499,0.0909192772358229,0.0322223624420232,0.0596327248915763,0.0702117979641716,0.0751400603208567,0.137692898360541,0.1174976923804,0.0763784759201244,0.0651705464394686,0.0706735092171623
"Y047",0.128013077461149,0.111597251334565,0.105438917616732,0.0967130469034223,0.0408870524257823,0.0741700041598187,0.0847153375465582,0.0948082939442985,0.0793714422078995,0.0307266421204111,0.0573853392648473,0.0663598680184359,0.0738160111532453,0.133680793739835,0.113363502072762,0.0652281574053787,0.0614923418173751,0.0772241928672703
"Y048",0.142600941004578,0.120022937033904,0.108732207717706,0.0924315758885071,0.0492548100928096,0.0727038358325043,0.0704154353088684,0.0793017179705431,0.0628915516765612,0.02562512256556,0.0494644348214659,0.0594691838084082,0.0724469035411023,0.120578206605817,0.111804885736114,0.0667148456910245,0.0657821422893242,0.085288840861974
"Y049",0.139414119359284,0.116413700107475,0.107419791715202,0.0973499958005555,0.0443117792367017,0.0720243326689259,0.0718112996741661,0.0845960460664386,0.0679967562070701,0.0277703046610461,0.0562743084166795,0.0649603924013519,0.0730373516226348,0.129789891860994,0.115396601095489,0.0758884790354444,0.0661876854073407,0.0872263961787517
"Y050",0.139408462590552,0.121773895884085,0.120238400677467,0.111986997778079,0.0710522535861256,0.0970575483660497,0.0747891460669811,0.0898705198354329,0.0731035646614709,0.0268467343291539,0.0476059545864224,0.0510514840835007,0.0554495185737268,0.102727218302496,0.0951452155732902,0.0670795399217296,0.0587421956390229,0.0766952375671689
"Y051",0.13441915404766,0.10369394695801,0.1004306947732,0.0871922222886908,0.0429365685938415,0.0662462742112753,0.0663569942307657,0.0698930073063157,0.065884322224155,0.0300448006830912,0.0627444550052289,0.0709006458615339,0.0792460604737301,0.131503037835615,0.119633485664264,0.080631588828523,0.0828598295634623,0.0908872825465635
"Y052",0.144425050816988,0.119388028935828,0.116816983143907,0.0986850794821147,0.0729983549095437,0.101287782966273,0.090225930235523,0.0800194881523755,0.0663306209367832,0.0269334149404558,0.0513645896791769,0.0551901025337013,0.0674342474528439,0.0983046786588031,0.0908448134320712,0.0454507400359284,0.0620869616333623,0.0819082400039418
"Y053",0.138882010011704,0.112739295608075,0.108987595198651,0.0997843801403621,0.060197016862682,0.0828272161813867,0.0810636291360456,0.0770910916742392,0.0627221069680883,0.028624509400957,0.0564976714851979,0.0588442260682512,0.0663072881183019,0.112275162577583,0.103176198167371,0.0594412031311595,0.0684461113631191,0.0888927042896096
"Y054",0.124708078593936,0.103484387069177,0.106695576049626,0.0950538220678479,0.0339344701485892,0.0602351657072162,0.0594728213740426,0.0731920742116492,0.0634692880640068,0.0319895279877566,0.0608349373794326,0.0626019470176954,0.0717063093668871,0.137371964067931,0.121794054535229,0.0874715777753711,0.0748676748374156,0.0887030176479541
"Y055",0.133978526405685,0.131713642150863,0.119166252105377,0.121799641783434,0.0994252029265445,0.143449511330351,0.105683953357729,0.113870270584026,0.0982794481887866,0.0269117907970957,0.0425556553971708,0.0521815578634965,0.0511438477496184,0.0856466117640527,0.0748770696389447,0.0495867824203462,0.0479997565567823,0.0609126045776556
"Y056",0.141453453181217,0.110147730352987,0.107048124492229,0.0896863551032179,0.046606150090903,0.0727918870737105,0.0686800772592212,0.0705515011239673,0.062989448707602,0.0275278814800972,0.0579832525061186,0.0672538220904939,0.0805648784250583,0.128297923919898,0.116442916160168,0.075846745569117,0.0829776312965383,0.0941462296113552
"Y057",0.141025477014141,0.108010610217157,0.107157440122386,0.0965790829350157,0.045906187114122,0.0822428712630608,0.080588682766412,0.0826965810502281,0.0718803940743605,0.0266026004054727,0.0571281568232286,0.0650919951806599,0.0720940230198724,0.126977686601088,0.106936265455356,0.0659904939728044,0.0698269806081869,0.0820234419358845
"Y058",0.13406975402462,0.130832714876368,0.117698435746762,0.111834938354961,0.0688891885405467,0.0994583006555123,0.0781066163934774,0.083732378607359,0.0634927015868842,0.0286868783618693,0.0426762216997225,0.0521982375846701,0.0579339452413654,0.103423607208173,0.0939245102974391,0.0631450860239819,0.0623693386718784,0.0885202016942534
"Y059",0.137993800129632,0.116010504537919,0.105157479580877,0.0937881309775784,0.0518697672103515,0.0803568384047419,0.0744299248657129,0.0861299887956016,0.0786672440738176,0.0278654730905128,0.0530811516586307,0.0659792613911862,0.0732896285015904,0.121051554368433,0.108077722079676,0.0682848158059735,0.0658968311155388,0.0765880438781618
"Y060",0.132156676496818,0.110042440046668,0.107153309144334,0.0997961361829058,0.0449720665108716,0.0778446022985937,0.071296088225486,0.0858103268912141,0.0814834115421711,0.0288180213239416,0.0578739092606055,0.0660111044311928,0.0717365618833695,0.130874817769085,0.111649043585461,0.0769225086634029,0.0653400317069375,0.0735005300607535
"Y061",0.126274955253691,0.102207437357717,0.0950662335376743,0.0851269176155346,0.0341339552029587,0.0570474292407384,0.0693855942093368,0.0793943922513438,0.0625694503956224,0.0327512326492108,0.064957026433099,0.0745462008803856,0.0812408991486941,0.137726884295446,0.124232099382146,0.0762416405038339,0.0692005555572259,0.0878665647381473
"Y062",0.1285597035631,0.108357516090783,0.10513564771042,0.0995039957290226,0.0356300593492781,0.0669136768276349,0.0659264576577572,0.0743461359218877,0.0625992734409322,0.0305953917628494,0.0581826222691187,0.0654151317129551,0.0705804904630705,0.136305356049949,0.116458840650372,0.0797142145204583,0.073992413079307,0.0894572781816858
"Y063",0.136879395725199,0.118070238637726,0.112628901624349,0.102249668726433,0.0390985562285687,0.0710175696089367,0.0590988400787648,0.0733329171691146,0.0699390464311352,0.0296912233623226,0.0510545292068256,0.0606218238902399,0.0676459476104793,0.133120490089227,0.11528906190672,0.0854246885691059,0.0765748883786518,0.0837669384571571
"Y064",0.141550815524459,0.111826957044327,0.106611755596325,0.0985185440706656,0.054907762039544,0.0773225877446267,0.0756788243987564,0.0782921588291604,0.0645701625528283,0.0251678166238831,0.0560070445640784,0.0630802894209784,0.0680406672007056,0.116232288071103,0.109531459177249,0.0682057686213005,0.0721134788867725,0.0871914911902166
"Y065",0.135391485678606,0.12091151497439,0.11134745532862,0.104278368219005,0.0554971029239166,0.100626470559653,0.0791770927224414,0.0887036148415261,0.0818145165408561,0.0285963524740688,0.0520982301935022,0.0642468155428731,0.0674052977109661,0.119174670356652,0.0962756114514168,0.0688476182583491,0.0607678136888915,0.0697051237167478
"Y066",0.137876844923966,0.107309554772929,0.0989264085587785,0.0885337616371185,0.0249040924573007,0.0480318424844223,0.0585657163345057,0.0661859373799599,0.0661203959171711,0.0266098381326365,0.0560271384379249,0.0694498275671587,0.0777468276660596,0.149107525322248,0.13134922576605,0.0895692793319864,0.0868742781575301,0.0910402085897733
"Y067",0.129639997296086,0.103738419910201,0.0968073726049538,0.0876927862952165,0.0307289815387302,0.0473370614000897,0.0577969122736653,0.0614876276603496,0.0585138354737827,0.0309219715290692,0.0607313914923538,0.0708449310106778,0.0790152768966585,0.14411459745844,0.131291961235345,0.0859546983488213,0.0894927423703555,0.0940027907470904
"Y068",0.142529265866454,0.111862216122818,0.106100562697021,0.0990913505573756,0.0594387283942346,0.083206021442633,0.0730077208334269,0.0724157469759587,0.0649352589743607,0.0249062197834198,0.0505666493240153,0.0594937515306571,0.0639865405136401,0.112082642638315,0.102417500818121,0.0619205884735565,0.0691648450332109,0.0799018969243031
"Y069",0.140944198806909,0.110672665323903,0.10591826103656,0.102799621870297,0.0425003755130403,0.0773430216892518,0.0768996994690442,0.0856087582724735,0.0686076808773396,0.0265816206960262,0.0589166417575764,0.0648254959278905,0.066563461565704,0.128497678211998,0.108547082107379,0.068430547460988,0.0643835569135911,0.0845081672779266
"Y070",0.137252220772514,0.114008254811243,0.109242367787931,0.0973976618047643,0.0585665268508187,0.0871532976514496,0.0756956158773019,0.0890856235846195,0.0848590506868437,0.0302298956444273,0.0602896633664122,0.0645404508667526,0.0723427960238106,0.115264166705411,0.103135833243179,0.0716435483958796,0.0658778597649937,0.0715829583897588
"Y071",0.132997801494366,0.113341026164649,0.104755367712665,0.096491421368814,0.0324199425649872,0.0634979051221548,0.0591569006926767,0.0726964826510461,0.0697305799264773,0.0299305929933464,0.0569913539919407,0.0677121962901355,0.0750295829295946,0.14251707176128,0.121073891548228,0.0889444710179987,0.0787535188631321,0.0837811134884111
"Y072",0.13910269854596,0.136502947702653,0.11783455108161,0.100177130729507,0.0772008977259097,0.10119092766824,0.0897735222713821,0.093467717627061,0.0864359147153524,0.0262809663609892,0.0326458404508013,0.0480844885846425,0.06083933894038,0.0992233588269917,0.0956807699489156,0.0542457773990926,0.0566101363166248,0.0636634716151993
"Y073",0.141840282713643,0.10490412635855,0.104964744238123,0.0945430005797819,0.032675470618099,0.0507390570740839,0.0584736000777851,0.0642690009708475,0.0617804188015186,0.0272023861178473,0.0616520856879588,0.0676839863429259,0.075303304797015,0.140860017551288,0.130507307018877,0.0897023831355936,0.0905666041222988,0.0945779887312494
"Y074",0.135370650482048,0.113406259173133,0.10541937630645,0.0936353624487937,0.0503006651383059,0.0756481053501608,0.0665857477614628,0.0752827555423258,0.0672143810864144,0.0292167359314823,0.0559102516419566,0.0654041210219892,0.0736248116888537,0.123058366475783,0.110907886390769,0.0808819378939676,0.0744734639661877,0.08376015695171
"Y075",0.129936871508732,0.101259044807291,0.101550722039309,0.0934126544987271,0.0526095871700981,0.0837657093300685,0.0899343669750465,0.0905529775124969,0.0734331541126246,0.0275525063591596,0.0598976412879263,0.0629841169429999,0.068478785701132,0.116191081599327,0.103028207095593,0.0515464826133349,0.0496120734200652,0.0724914542884245
"Y076",0.134302702645991,0.0960829260694233,0.0942112461661624,0.0820266313469927,0.0384378381590924,0.0632170244407889,0.0767966727585061,0.0665805324850452,0.0504169652506832,0.0298444195911917,0.0656511303994604,0.0718634716909762,0.0810549750907698,0.132327954912757,0.118628794273412,0.0667224815799486,0.0782811873451762,0.0972266004883826
"Y077",0.128639683936319,0.0989247171058961,0.101326339954277,0.089580449603133,0.0356187312398681,0.0626784244093462,0.0704393607346055,0.0758000878348575,0.0702699528725649,0.0298348518677155,0.0640337029774925,0.0666106265982305,0.0776885987453425,0.137401563385336,0.121605161378419,0.0726153289159165,0.0757273467278812,0.0844295097781029
"Y078",0.131609293682967,0.114598999607744,0.11616273573108,0.107105036861693,0.068393531805495,0.102144468930193,0.0847347539498101,0.0840843543766573,0.0805793914476447,0.0298332956973425,0.0537849062044693,0.0555718837644316,0.0629655940321422,0.104208087633002,0.0911190302531411,0.0549170122780536,0.0578885313512574,0.0664067428112662
"Y079",0.133026525757286,0.101393702601436,0.0964063328367827,0.089793084521388,0.0406877877587665,0.0657296458451977,0.0797460270947128,0.0780343334503892,0.0665779309932373,0.0290585473278875,0.0614340260263348,0.0697416641146209,0.0733331745421262,0.130343297319232,0.115980935382118,0.0666627261197732,0.0697051276628276,0.0856266039590474
"Y080",0.134986782751144,0.0948116302830817,0.0918178020645607,0.0841697085264441,0.0261821597675223,0.0512699414475861,0.0481481057426572,0.0563049093975455,0.0469502149452554,0.0262525556713949,0.0660253463773016,0.0745189346534978,0.0814473464464908,0.148849907626003,0.128924286406399,0.0995979061729924,0.0919729255268978,0.106137737008477
"Y081",0.137528157496231,0.11436456365208,0.115128155130416,0.105116570077084,0.0506394996602102,0.0843315884226561,0.081021855484129,0.0933271656708207,0.07967958773937,0.0277267786295287,0.0551953502863839,0.0596512720438177,0.0668765299342887,0.12239857064525,0.106380978279639,0.0676932860777377,0.0600543008315903,0.0757575105382071
"Y082",0.136823142700406,0.106771367186696,0.102909145500055,0.0938260310080998,0.0547410624004205,0.0714791706242796,0.073114715940464,0.0735160996680902,0.0712406914594451,0.0288988663412317,0.0622106800534264,0.0682956186775238,0.0740040189668858,0.117824100768428,0.11420147555061,0.0655140050034257,0.0757689016024359,0.0831479074783951
"Y083",0.129339892904919,0.117970556713431,0.110549036660637,0.103594023710589,0.0444124653485237,0.0784391819328604,0.0677922483494142,0.089874572831465,0.0722377579173979,0.0303720025668711,0.0507424671583315,0.0609899327164601,0.0667647298750675,0.128343648040503,0.108962410964347,0.0775174855021915,0.057726638990654,0.0790475926050722
"Y084",0.13610838828181,0.107207457416374,0.102675632398507,0.0978742811935544,0.0487943539392676,0.0755091547192992,0.0771848401130658,0.0869483728131084,0.0785768483685222,0.0297618567644331,0.0623076477717896,0.0692012887301624,0.0701705645688763,0.127927188919065,0.112808487761945,0.0738531883160992,0.0677711739044255,0.080645236471165
"Y085",0.136543222849612,0.106977673750012,0.0993627131868511,0.0930538435330496,0.0361732184696004,0.0638129535517909,0.0666199693771771,0.0747769832623908,0.0720785704499517,0.0281556348701048,0.0594705390693126,0.0718977136549999,0.0757317217900564,0.13802384558727,0.120763830137406,0.0786017499231158,0.0754125177545792,0.0824471337699326
"Y086",0.127480562269158,0.114169400399679,0.112089127007381,0.105605456135665,0.0569403251060621,0.0810445482920564,0.0815524528169328,0.0845781173716786,0.0760262219089819,0.0313375154580897,0.0573834604177116,0.0633663405633357,0.0668782034559247,0.117820658168132,0.108728581451096,0.0691912227497395,0.0714259194220612,0.0819916657514335
"Y087",0.132915032566211,0.102211332969771,0.102502118165378,0.0970048611640942,0.055222786020974,0.0723821362182702,0.0783598877408927,0.0800446770129433,0.0670457063934074,0.0303840833891381,0.064762454797043,0.0684020083173108,0.0721708831878001,0.118053101148007,0.113405063513888,0.0627204912888623,0.0698102517608203,0.0850913441009367
"Y088",0.132939493817176,0.1078749619391,0.0977441167978197,0.0912862879661201,0.0266805286407212,0.0523120130491464,0.0743663850486723,0.087284068308344,0.0823018436623084,0.0311637074523394,0.0587029914210747,0.0720065839834482,0.0776723853551917,0.143681209573885,0.128353881621088,0.0793887366705028,0.0698157315325177,0.0783618254167306
"Y089",0.132143927819929,0.109184626452544,0.105501293473577,0.0930007798781836,0.043862342430311,0.0670418747756695,0.077479889264001,0.0869063017411155,0.0748360639708833,0.0290000324931235,0.0560153474090712,0.0637718494129432,0.0750864554594445,0.127178248776191,0.11660434674869,0.0733199369072561,0.0672851886265937,0.0806729416804053
"Y090",0.137129596714702,0.111918885687138,0.105443312417297,0.0950911608835583,0.0407453115003991,0.0664758648456692,0.0777630853752963,0.0818463766127389,0.0789217135328691,0.0284471274110694,0.0567552382312723,0.0679480343576421,0.0753888594059192,0.133086725034949,0.118612764419937,0.0738178498408129,0.072827916003451,0.079016900366428
"Y091",0.127613600896179,0.100953121083431,0.0963453792273399,0.0866912352058586,0.0375575639577433,0.0582538878137529,0.0664262530451886,0.0715418532195465,0.0645602482802135,0.031351189357885,0.0628363092433913,0.0707799226709525,0.0776061813331897,0.132632748405046,0.122266784910799,0.0783060581428346,0.0751711835745435,0.085976519439132
"Y092",0.141195087410421,0.124062508650389,0.109709845236633,0.105855070052173,0.0506678823633841,0.0879870247938665,0.0710077019926788,0.0841160492692639,0.0788462135044871,0.0273221115802043,0.0505586462689027,0.0626143464890506,0.0672394242451563,0.125352776327117,0.105080172407561,0.0754466348187205,0.068115085903932,0.0785934508903699
"Y093",0.132614006351929,0.10932214675266,0.100845348498451,0.0899119812211878,0.0338916497147307,0.067565289667877,0.0751691699205906,0.082444587468951,0.0760740877756633,0.031834736580745,0.0576068330902942,0.0697218793619687,0.0777707340691596,0.138181962295333,0.11808088637141,0.0763525867431999,0.0725137664794809,0.0826718498784743
"Y094",0.137256422447297,0.110771692211999,0.100509141884723,0.0973241699823139,0.036223102722644,0.0618160091887143,0.0629691502063271,0.0741039225448801,0.0632337587110366,0.0298627759362019,0.0559410922962855,0.0697324871896397,0.0719782369250652,0.135294069438038,0.119913185376787,0.0804078422451977,0.0743662250754595,0.0863722900982997
"Y095",0.132873035130549,0.114306322952152,0.106354027350435,0.0954607924824947,0.0510407900390046,0.0768084437236786,0.0605442602040038,0.0638650317742332,0.0603216639840787,0.0271646927272501,0.0468118673424809,0.0590349717840289,0.068822930812068,0.123164140591415,0.109711899246521,0.080224535047791,0.080307975668931,0.0880945145947692
"Y096",0.131943805170079,0.104599560892009,0.0984535596780899,0.0917250896982854,0.026733089420106,0.0517753973879627,0.0650042534547646,0.0803534926375867,0.0685382173683975,0.0292315126609594,0.0618983056217221,0.071652181594119,0.0763486460439746,0.146526727407376,0.127973990735282,0.0850346952757309,0.0723395365120837,0.0874639186513668
"Y097",0.133662748870517,0.112736745883394,0.110808043870671,0.0969934530089946,0.047852613045248,0.0784801246101275,0.0803651716119652,0.0899663939925753,0.0899537209123763,0.0297286642063914,0.0570229019524975,0.0618003419296153,0.071426981477532,0.123940643915421,0.10868591163027,0.0683809161579428,0.067907470477546,0.0722072890726476
"Y098",0.136035792313483,0.106513931413337,0.100924014096389,0.0868021894954937,0.030725960921214,0.0517863612146546,0.0573995622388662,0.0640175646154814,0.0513549975582303,0.0267689905345494,0.0587896349629939,0.0688437978892489,0.0807917624086558,0.14227010462896,0.127992739639105,0.086995894151982,0.08410546538867,0.0982126580519821
"Y099",0.138664312397761,0.110534988180152,0.10616341059225,0.0867381436156276,0.0519893772025633,0.0781877357419821,0.0764482230237429,0.0858555363488388,0.072065843439178,0.0280529553479438,0.0603108098720687,0.0664038202326855,0.0807066297606507,0.120350984618778,0.109746416605114,0.0700087005132242,0.0672786248878002,0.0829611638839915
"Y100",0.137556516934176,0.0998408787799772,0.091681144384188,0.0860246492824137,0.0488693536438005,0.0660135283242448,0.069380026143172,0.0609412087085152,0.046875230836678,0.0288320268095401,0.062566362965296,0.0729957915266078,0.0784617927602564,0.121109036922907,0.114886885639742,0.0656220812263607,0.0820669445055488,0.10261515794914
"Y101",0.134136458520597,0.0999273764459122,0.10089597693743,0.0886858093103387,0.034988678111851,0.0548531243060912,0.0728914748747132,0.0763118546643297,0.0638447932105141,0.0317634542733645,0.068010691719728,0.0709501099401746,0.0792288153726211,0.138550474845709,0.127189339263222,0.0779388267736539,0.0778926013027686,0.092530361845924
"Y102",0.134779740109253,0.108784597452526,0.105580269624889,0.0957952910901682,0.0355043450834071,0.0692213228787265,0.0685335686928845,0.0813036820037766,0.0718657126225562,0.0303314305093669,0.0585557215384453,0.0666386497694535,0.0739849049632903,0.136753061489432,0.11796125323757,0.0801986561544383,0.0747971448325779,0.0859583608913103
"Y103",0.135348730218238,0.104186095354659,0.103549693309149,0.0864716621896939,0.0285721680272155,0.0492230547140753,0.0613801445908732,0.0744354274009628,0.0675700011166547,0.0286932704169542,0.0626135016304759,0.0692334657830976,0.0811596104880386,0.143657318710677,0.130159415446868,0.0889700962624347,0.0749084152177431,0.0853103732817893
"Y105",0.124001665403061,0.11062804171065,0.098019903708914,0.0924557256631919,0.0465597103254883,0.0713550461835511,0.0633227001588215,0.0710878511695868,0.0644050868855646,0.0325284350801794,0.0541951200499652,0.0682548053924651,0.073551871363869,0.123713038939395,0.112179169365835,0.0731957996986549,0.0727698956482933,0.0849481070631516
"Y106",0.134918863736903,0.106927884910614,0.100536263470963,0.0896778473162764,0.0177288265187483,0.0491249463107209,0.0492728269379156,0.069191510535151,0.0601149548851158,0.0295386586485791,0.0599464515188966,0.0701709524378984,0.0788278392122579,0.15773077209308,0.131252601930266,0.0992395680655224,0.0825345713893786,0.0931611805060234
"Y107",0.134990252216427,0.106366580335423,0.106842069463767,0.0939399812432194,0.0327823602510542,0.0611495190572773,0.0583733958464666,0.0721440760015119,0.0609850586424445,0.0298629200892118,0.0621014056634926,0.0678215299654066,0.0777963617887141,0.140111026962526,0.122569884313283,0.0899334514531698,0.081635428716342,0.0929756451213698
"Y108",0.138660851391287,0.119993949203498,0.108475306388299,0.100756572932134,0.0683426070780065,0.08628952012373,0.0798493638062112,0.0813718898935452,0.0779540662140331,0.0304125955534874,0.0532038798772037,0.0636296850501034,0.0679389092195442,0.105803115106131,0.10329783554758,0.0648016380577272,0.0716484579616764,0.0787530122917419
"Y109",0.135746267960535,0.112945532983467,0.111025958135106,0.102042638455148,0.0491449385688816,0.0796237489045832,0.0715111000262183,0.0846928980078765,0.0740099590425283,0.0287240135818112,0.0560321902146294,0.0631989934192277,0.0687010514584356,0.125501652682611,0.108784739866193,0.0735529954420811,0.0666022603054806,0.0796751206461794
"Y110",0.133177538855225,0.101430567835565,0.0964857388472801,0.0841904962212202,0.0181264786603837,0.0437859664110586,0.0408229800238318,0.0616454442926821,0.0653881991367873,0.0289525200237494,0.0617844960354987,0.0723138124827333,0.0818330280303231,0.153804708409653,0.133522894693626,0.105631648425815,0.0870074576520705,0.0848748070878038
"Y111",0.136778668925143,0.117786229943301,0.108171618544948,0.102366812141045,0.0573382647152561,0.0831642214520891,0.0806314082073108,0.0883085509323308,0.078851675682477,0.030286518862966,0.0531060822369482,0.0627081345051902,0.0672822988639393,0.11662494455823,0.105078826409869,0.0615957539632288,0.0650089528032754,0.0758969342338522
"Y112",0.132121636617025,0.105673102047659,0.104864772746928,0.0931344315342997,0.0228746338652803,0.0533612502076132,0.0690405436324926,0.0785268869445592,0.0688108194937587,0.029418217533338,0.0611373300872841,0.0684931675417308,0.0774410761255868,0.150572262533034,0.128064738179518,0.0779238070313872,0.0691193360413539,0.0815389129277906
"Y113",0.132202859709549,0.110803793027651,0.105158269007303,0.0924904318645276,0.0437179831402571,0.0587190723561718,0.0671253906392147,0.0755225183321267,0.0617191186363984,0.0307422100434751,0.0568372693447394,0.0642361608154589,0.0733715312202751,0.128653561489585,0.122713643751822,0.0792954965946031,0.0741787135000173,0.0913838692652927
"Y114",0.124929310718794,0.0963939985984411,0.0967459064445255,0.0860873654303216,0.0221135795890991,0.0526497641671726,0.0638763670326297,0.0798063924135203,0.0679925866714871,0.0326377639248723,0.0684070980352065,0.074017357742472,0.0817969182777223,0.15079661146411,0.128446501136989,0.0869734383927,0.0717835270032436,0.0848639849576937
"Y115",0.134128601601301,0.111778158464471,0.108102405293544,0.100889082431951,0.0606054281931408,0.084636028033911,0.0723867160394022,0.0830606184260917,0.0700482080310983,0.0281290899344488,0.0552833563872682,0.0607247977903598,0.0652564835984338,0.110689171212894,0.101682487876663,0.0677673704413795,0.0653675376886933,0.0806673475363632
"Y116",0.142227588547868,0.12305438462085,0.110146662979704,0.0987454404965051,0.0499389339888921,0.0691168051248253,0.0696400594015691,0.0725352271624303,0.0603456348849448,0.0279801542335106,0.0489905129916019,0.0608220531104418,0.0708876442774116,0.123387366543422,0.117369423375882,0.0742940016604613,0.0786204372270882,0.0936759430410815
"Y117",0.146459633353298,0.108819719409637,0.100801322051725,0.0869905060560373,0.0517632111941596,0.0642565317741204,0.0798431595590318,0.0778165614878192,0.0654560125596018,0.0261190794607004,0.0570430706860272,0.0643041860262477,0.0749905866252892,0.120077289413322,0.118185702622526,0.0653584363079115,0.070659491721617,0.085374890330405
"Y118",0.139703199343248,0.106133990815934,0.0981923523385491,0.0882119775278669,0.0265138302604296,0.0444584844559371,0.0513205946934473,0.0626277427073967,0.0482184406767482,0.0266514827836967,0.0584411497490057,0.0691106088459618,0.0776686866118531,0.145493013390017,0.132756771051752,0.0927070019676938,0.0856025276354227,0.0999936496765475
"Y119",0.14256423038272,0.120884930745895,0.11199147359353,0.104468661478969,0.0500920858473388,0.0845626353292159,0.0702485033936387,0.0713080947186715,0.0637471035357475,0.0270399130161298,0.0516636935200299,0.0612297109365833,0.0649158129225933,0.118576325909006,0.102793985179718,0.0730829034250333,0.0774373145946974,0.0909601129506329
"Y120",0.131020417444972,0.113309572314191,0.110145308347707,0.095977127044875,0.0484785369656444,0.0752200514194715,0.0684639398048935,0.070904054245682,0.0722847028385198,0.0305534947243656,0.0564390603386436,0.0620834917642061,0.0734998289361826,0.127025231432022,0.111244060734925,0.0728226406480092,0.0783218383977196,0.0797580245650427
"Y121",0.134707476140772,0.110308684418895,0.0974750104495675,0.0888400719604226,0.0393660411743657,0.0662169458630856,0.0719658097354542,0.0792135597810397,0.0679660227046151,0.0291047510109696,0.0586076958706119,0.0698730282946263,0.0769111478116254,0.133146446271059,0.117506958396159,0.0745158490590016,0.0720804286113629,0.0874218729257123
"Y122",0.1282641371857,0.0987969927596841,0.100482653867391,0.0912178053729099,0.0357874964175155,0.0609045003075001,0.056190761518508,0.0583465395322754,0.063390618203202,0.031506327143954,0.0623667544296766,0.0667699177606651,0.0732330054523614,0.139795477153419,0.122001942448194,0.0864903649297303,0.0883180652873852,0.0887586685452527
"Y123",0.138388907665564,0.113170254688067,0.110383294855348,0.0964250397289561,0.048519206899819,0.0740020548992649,0.0761614634880383,0.0793978831738552,0.0761334007153522,0.0271701096747896,0.0550000345738463,0.0607521311270038,0.0718269508139743,0.124369829113201,0.110919612978881,0.0715830901201349,0.0700673604551796,0.0782479388627668
"Y124",0.142249329387887,0.118237387167315,0.108732570249884,0.100622083240339,0.0485369886342599,0.0787348309107729,0.063337208889291,0.0663563986250265,0.0669649969903679,0.0266350346245589,0.0473976370381593,0.0636428972904957,0.0691352932378566,0.127870822822098,0.11074640453858,0.0812121782535847,0.0834243774203014,0.0859431382079984
"Y125",0.139660389658522,0.106911599365653,0.0991910766620361,0.0899698627942788,0.0386001374070705,0.0603200084944966,0.0682413217993685,0.0709845948034617,0.0675525102443195,0.0266460236728907,0.0583978706361065,0.0680034309945024,0.0765663470935699,0.134814828445662,0.121345110295471,0.0767276076302589,0.0814232527921585,0.0872610735276671
"Y126",0.13621347616401,0.10465287680268,0.104109980977848,0.0919873258027606,0.0363247066792218,0.0629838134105347,0.0706716555322535,0.0740181795024276,0.0664131514851573,0.0281533791036679,0.0618133105258282,0.0674354872326261,0.076152160252893,0.136295533394215,0.119829578702015,0.0753517857213751,0.0757159300557514,0.0870100006712622
"Y127",0.138534100473073,0.119309180433437,0.116192902916148,0.102906964730887,0.0526957453773569,0.0911361150648865,0.0699470203698805,0.0774289645982579,0.0657302985841276,0.0246422746367469,0.0518041383655973,0.0592261475447752,0.0684449415821817,0.12185460606404,0.103020496370286,0.0770997269537008,0.0749201986602843,0.0880338559495789
"Y128",0.14326349659573,0.115855196440697,0.115701515154019,0.0985584887724023,0.0456851890660902,0.0778437900140914,0.0690804124379651,0.074739582169518,0.0669293590411532,0.0245471148057578,0.0519776917826931,0.0561583531942982,0.0686470852165812,0.124449522260352,0.109155218153877,0.0746007223771505,0.07529308239444,0.0830862148179424
"Y129",0.136977762923987,0.109862221004671,0.101528074948926,0.0857809034228252,0.0353112209448024,0.0505866417784615,0.0543149539269551,0.0674494229764678,0.0659794291300185,0.0291383152419781,0.0587889758383908,0.069010838050369,0.0821688193768935,0.137645901895475,0.130007259204255,0.0950509035143369,0.0841974091988485,0.0853463421057955
"Y130",0.132319800623061,0.111920000328841,0.10711093655002,0.102264051091243,0.0507468458079526,0.0826064519325562,0.0788485653625077,0.0792778602979405,0.062724360015904,0.0292896496898233,0.0553472898606454,0.0628009006513236,0.0648304523963279,0.119089862100179,0.10427515981097,0.0642628412277681,0.0667573551962998,0.0861292904517516
"Y131",0.135696562188707,0.098806872704455,0.0945455526286378,0.085212139581193,0.0464350857285168,0.0585123697266043,0.0747966745771155,0.0666074895094121,0.0531031094306348,0.0273533359370992,0.0626377638264905,0.0708073832083786,0.0778139999601381,0.123280940451274,0.121579562954186,0.0618713429544893,0.0777224326591684,0.0968566303912619
"Y132",0.130651652250027,0.101547915348329,0.0974424838254171,0.0895979081750151,0.0364673798945936,0.0627432201059684,0.0601046556882978,0.070865429733268,0.061991374902779,0.0300740388571403,0.0649067619120398,0.0713528603035228,0.0754853931857871,0.13465067525596,0.119992338415486,0.0783686734793442,0.0749774305355999,0.0870119932706048
"Y133",0.126996447463081,0.103521667564711,0.0961272452940159,0.0888924291787989,0.0401723157152295,0.0663420397761103,0.0637599346987039,0.0649893770686019,0.0528505406290237,0.0306518403390608,0.0579756857971812,0.0706229148490452,0.0757935967109607,0.133588105022119,0.11707678882857,0.0770822970804627,0.0792147083773422,0.0935365715902019
"Y134",0.14203783988865,0.118292771279659,0.0987443259163781,0.0894720085098432,0.0584362270437765,0.0973105239294379,0.0814116346995574,0.0861098440439527,0.0724432671931696,0.0274208945573804,0.0447442521617156,0.0638357620680408,0.0694230755609691,0.11732237592807,0.0951583173147657,0.053898137003004,0.0537159572333549,0.0725242331117189
"Y135",0.130300166405461,0.109331214550345,0.107683524764123,0.0990307365131749,0.0417408233251449,0.0673093531040973,0.0632228416572981,0.0784630373248135,0.0717134252446549,0.0310634987015464,0.0569081925422114,0.0654667662948182,0.0716136859425495,0.131226667521194,0.117972003546603,0.0819927470453652,0.0737360025387178,0.081347154506599
"Y136",0.139604570344585,0.117635435007594,0.106474942984907,0.0994327185425135,0.0763591405199193,0.0979297896787653,0.0853296936506918,0.093543666712187,0.0642252428047055,0.0274128906241419,0.048419345781598,0.0553192344579329,0.0627160052419508,0.0975394022626138,0.0935314647911615,0.0534352121278216,0.0483579095605325,0.0815499479069361
"Y137",0.143829091975442,0.103802731818827,0.0990483779839635,0.0902882389506204,0.0339741997305918,0.0549837201970059,0.0600684378198475,0.069391728902053,0.064153466207246,0.0280223026441512,0.0639935173972242,0.0708047369097375,0.0774353307224188,0.141050503177975,0.126643051184305,0.0823818492023555,0.0803315832970123,0.0900893207032646
"Y138",0.140465650863819,0.11573627320716,0.115197527430586,0.104313438348307,0.0436286667418559,0.0722657479858324,0.0678817863531588,0.0808712784788121,0.0728815092549985,0.0261682990686374,0.0523933250033978,0.0593409399923866,0.0672466723813373,0.129069583126746,0.11353961744037,0.0773579222832047,0.071114181583166,0.0823669608772143
"Y139",0.140681755087444,0.126689210216226,0.117029078154854,0.108717808300872,0.0748052818490787,0.105299698641206,0.0906598225616593,0.0922575015430634,0.0768363292575998,0.0248861452940159,0.0409318115424896,0.0509201732013618,0.0588368349630443,0.0986427929691103,0.0903389394472138,0.0522861675052932,0.0545610608193446,0.0734098424708985
"Y140",0.133530522355773,0.104438957634528,0.0993634814093923,0.0914542952294056,0.030389458576641,0.0701885675984591,0.0854302763463818,0.0902133051911189,0.0873570717297145,0.0269408558173975,0.0600420130899386,0.0676865390209601,0.075812706265892,0.1427497306514,0.115816027546378,0.0648408715904331,0.0598421396435533,0.0696411290032796
"Y141",0.136746684858165,0.109166319792275,0.110224193797861,0.0981169270852212,0.0452022301354971,0.0754978542510503,0.0755414188189501,0.0904505926847502,0.0745521169700647,0.0293309926526993,0.057611738912042,0.0640019938578811,0.07187646941966,0.128865952771604,0.111038485587992,0.0712676032491887,0.0576146252548934,0.0775254762242765
"Y142",0.129662025206809,0.102677816005114,0.104412486074719,0.0955769972162526,0.0310734146944309,0.0532187134584517,0.0549250348153713,0.067758229441731,0.0733174612375903,0.0292204122507835,0.0611143429307303,0.0659769655876197,0.0732207267605267,0.140878289195663,0.127253212181952,0.092422261029083,0.0851351948236333,0.0858696064853658
"Y143",0.138624895981825,0.112534735073237,0.108625906116126,0.0992746445146425,0.0491126709196624,0.0778210861588498,0.0620697264324353,0.069069188536617,0.0563678223733332,0.0265085593515674,0.0551002104838468,0.0633335980537969,0.0697362312745156,0.123668430962446,0.109724601998435,0.0815736147377394,0.0780858866420096,0.0927513151153077
"Y144",0.137183263235556,0.12756675716143,0.11798780592501,0.108417069703847,0.0644162315608162,0.113397626427601,0.0959144962996101,0.11148272005395,0.107018974939915,0.0295495315157836,0.0493993281525096,0.0596166798369027,0.0665656742744367,0.11130278773415,0.0899899826441407,0.0564763057069815,0.0462988821526159,0.0552048937954873
"Y145",0.138266439138021,0.116685562248766,0.107219285098354,0.0990005688327747,0.0407767632032972,0.0747187786106449,0.0615744659117432,0.071138112712575,0.0611232596556754,0.0263307097392583,0.0498794211510304,0.0630039552657228,0.0696841537568403,0.130544784517419,0.110355701444143,0.0776011776122992,0.0708595983302576,0.0830312029525564
"Y146",0.142383211970448,0.122524971016353,0.117689829584776,0.103946002365078,0.0738917695464237,0.118646631063535,0.0864434587991605,0.0965162905280984,0.0719619655655327,0.0268740294759957,0.0382078159637308,0.052395520071463,0.060241624722185,0.100728322168345,0.0786893600236134,0.0507420649276391,0.0467548222466101,0.0741171250815671
"Y147",0.13838872774013,0.114614302677766,0.107148251439154,0.0928761352254049,0.0459821618149727,0.073885454537303,0.0803959720255961,0.0928537011133632,0.0693188422361941,0.0254431229347266,0.0495370290859079,0.0614745108790587,0.0702045594543665,0.126460004304701,0.109710812115213,0.0614228669429704,0.0553446269948529,0.0789108889908321
"Y148",0.126191929706843,0.0981789764139024,0.0994792318369805,0.0923882156763555,0.0446384293931557,0.079968559464935,0.0724177210611774,0.0780680242273467,0.0643372336826966,0.0287812678020499,0.0677619112044,0.0723893184151409,0.0752506520058427,0.130095311005059,0.107993870387734,0.0726692123460025,0.0750972436706392,0.0892524798746339
"Y149",0.13219747942688,0.11051433470208,0.108421984508408,0.095341185667961,0.0479044202082653,0.0706813701682331,0.0684057288718076,0.0893525512845268,0.0786705246878324,0.0303415580978886,0.0530881551436578,0.0585139115196338,0.0685652617293385,0.123194083947794,0.112880737098964,0.0751533588311667,0.0625925989021792,0.0743916730406636
"Y150",0.135580929152868,0.109098017538471,0.11007360478101,0.0968730567635454,0.0382434465551956,0.0609983594884034,0.0592615067125296,0.0788472737280836,0.0766456498445245,0.0272615596556507,0.055611857044814,0.060120587682615,0.0709483400429781,0.133288707076715,0.121187070457562,0.0851260840104986,0.0727418984424674,0.0791506335740653
"Y151",0.121066160098064,0.102074872938426,0.094797827720449,0.0828287744936713,0.0285174305289156,0.0471292010650692,0.0532597085949426,0.056686945411797,0.0525716298861674,0.0346366043801943,0.0656181973269901,0.0752766110581122,0.0850886114039875,0.144195030242271,0.131717407214572,0.0895915280093835,0.0912007597926296,0.0979180766032995
"Y152",0.130209057289272,0.108235487049504,0.0985964704992081,0.0873470256628955,0.0281999981741695,0.0454280098856648,0.0563752517402457,0.0561290312943514,0.0498217002510778,0.030979070085439,0.0577981352562885,0.0697031359063606,0.0786774126668758,0.144435200984083,0.13242309410978,0.0878600679017232,0.0909943543107071,0.10001334955628
"Y153",0.137216539473067,0.118119472013464,0.103781141126693,0.0981289575477113,0.0311378954679852,0.0531150895221495,0.0629960974892562,0.0788240243192237,0.0639617333065276,0.0272435401577748,0.0525416379655245,0.0689800248269004,0.0713762639136969,0.142758332539485,0.128611961630559,0.0881732125122179,0.0765502270744149,0.0899039831641778
"Y154",0.133755021637185,0.107437133225925,0.102766735428071,0.092528298299753,0.042497137639209,0.0689780450480747,0.0643595271547046,0.0732659389124848,0.0666637558776027,0.0297306333866913,0.0605970716064791,0.0686590347194548,0.0762566414861555,0.131465110055728,0.116857636263042,0.0849299683537857,0.0774632161492442,0.0860872347036289
"Y155",0.131997701033913,0.104344164324024,0.0987400996757814,0.0876047206551564,0.0410510201340671,0.0565503781100386,0.0767143439836901,0.0785872334346636,0.0758684388173308,0.029528860117388,0.0628800956530622,0.0698735627010714,0.0782271207076849,0.13092357418277,0.124579788666298,0.0730462543803771,0.0721302856758104,0.0785823409990178
"Y156",0.128050550638914,0.110072172621759,0.111320578539161,0.108200278482889,0.060880735499708,0.0948279703801865,0.0642309058538325,0.0773684416025272,0.0638013043362423,0.0315220530772652,0.0574311304572007,0.0606370568830909,0.0624796084795172,0.111963387258647,0.0990382293171372,0.0792980389082683,0.0730160636466369,0.0881109757142629
"Y157",0.140119248719507,0.110800415840437,0.105919559121029,0.0979932156243349,0.0466546252495667,0.0732687783846615,0.0662694915428896,0.0821592982752099,0.0733135806864141,0.027317275745651,0.058160619845704,0.0658884463669645,0.0714490457794258,0.127218768287213,0.113452294364498,0.0822260352669933,0.0728781848806303,0.0824723793561417
"Y158",0.123810416705819,0.0923637114779038,0.101261179582255,0.0879276800804779,0.0428885612422855,0.0696859994114302,0.0579248447868673,0.065284128543637,0.0526700613765583,0.0294388202543729,0.0673632088282305,0.0641606678459091,0.076277498863137,0.125166438008715,0.108497895976994,0.0790125301763684,0.0717083167314961,0.088707746721256
"Y159",0.138211861223269,0.115385378789441,0.102784295848168,0.0972546588428732,0.0429875748442907,0.0593734856180309,0.0596992913444153,0.0638303714187732,0.0636918710833562,0.0271694672421191,0.0544423027174463,0.0686941804688185,0.0731323631382544,0.133968532272714,0.123557919572287,0.0870480082557834,0.0878971119712483,0.0915563883938359
"Y160",0.139775600136515,0.114038335613938,0.106334055395319,0.0992091054506644,0.0461622900176959,0.0785215177579742,0.069708226619167,0.0872289792743483,0.0676679774618659,0.0268116973354425,0.0526265015472201,0.0650433536033419,0.0699498907803,0.12749473199781,0.109934442145932,0.0772017085226174,0.0635589233939114,0.0845805745853604
"Y161",0.137843406501881,0.0999233088754129,0.0927210649685715,0.0846227453299671,0.01878732313859,0.0451980090526168,0.0680410430943502,0.0708662747600331,0.0591727724764032,0.0277797653080519,0.0637548525571524,0.0765179997700458,0.0840479783624373,0.155348279339131,0.132876693813661,0.0765503591771564,0.0732310182338063,0.0884965410249374
"Y162",0.120320485152036,0.0968596445550467,0.0992305188296452,0.0934023341166968,0.0513141365228058,0.0809675033208534,0.0734324013031633,0.0789473422618103,0.0593133050794162,0.0349195948499156,0.0658337322366643,0.0677615221335055,0.0713698936563892,0.123282754499963,0.106603462867274,0.0668158031304197,0.0629220551912251,0.084288516997023
"Y163",0.130513799947993,0.106081403950908,0.106820234399121,0.0955312760193204,0.0334237423569948,0.0618230581715195,0.0533023121833621,0.073689937436272,0.0655224145129606,0.0304542360369762,0.0579449103447376,0.0634643495659624,0.0725561890035951,0.13882600598732,0.121501947899679,0.0971413333029929,0.0788118957245307,0.0868595286602767
"Y164",0.134730817830171,0.113278926609084,0.101384199556387,0.0932338232437735,0.0307994733637012,0.0651923939627432,0.0605795058636696,0.0688615670955247,0.0664114106854655,0.0289298050136199,0.0573884988247806,0.0690756631426273,0.0759820572923692,0.144181156109598,0.119159929796739,0.0865962648181103,0.0793480259244521,0.0848842804472391
"Y165",0.140698868161402,0.115135330706356,0.106681433829203,0.1005414562036,0.0607475819223654,0.0903820118284438,0.0815578714600579,0.0845076607154426,0.0747398348140467,0.0252233198127008,0.053426274966039,0.0635229720911735,0.0659892914576395,0.109199044847974,0.0996192190079772,0.0637523929253045,0.0653081809077657,0.0770924618565886
"Y166",0.132408759778189,0.121370192437804,0.117822362971842,0.108480375943863,0.0752708521608916,0.0947008200952556,0.0765807155870147,0.0770087528118485,0.0679462519505881,0.0287128581759777,0.046949810034928,0.0545248808602137,0.0634197354195925,0.105299310993739,0.099113086991157,0.066179343571238,0.0700976549735386,0.081233278269829
"Y167",0.133805927125051,0.105381166119337,0.105980723365892,0.0919249711820218,0.0308333140736216,0.0595959229731226,0.0715924539178348,0.0837811269864718,0.0769828704906975,0.0284483881830027,0.0630376189390304,0.0670059532814458,0.0792601525763622,0.14370208660674,0.124005815495545,0.0816973321662132,0.0742623553313284,0.083920962340108
"Y168",0.142329462574999,0.131135484792021,0.117690104618892,0.107467197776841,0.0676138089310103,0.0889622046968466,0.0869455095702699,0.107611430477084,0.0918045541314985,0.0260886507000715,0.0457822267218617,0.0579236298510902,0.0667888574974989,0.103510683352075,0.101891632299512,0.0610224024702195,0.0533487935912912,0.0660566347872433
"Y169",0.129150666390629,0.108762003887741,0.10328390325309,0.0944270649486366,0.0532183566420266,0.0637852390165307,0.0794020687411749,0.0845167240044793,0.0735901591335003,0.0312371265034451,0.0607523562806394,0.0686246220653002,0.0742129543732081,0.113144004510182,0.11782583351285,0.0667455518028601,0.0660400997105091,0.0767737613441193
"Y170",0.149328678622672,0.114426418116817,0.110764285575853,0.107543139826092,0.055844236780979,0.0770517964859172,0.0764449138373449,0.0921896854698779,0.0787706783842711,0.0237141471731035,0.0507552349418326,0.0589539133793142,0.0603885627614411,0.110646952442864,0.106772591520444,0.0644663914680151,0.0550856042619557,0.0652594920040702
"Y171",0.131505188111002,0.113283085235529,0.107286084749519,0.101991676968421,0.0559695848597395,0.0694480950931682,0.0764589641194596,0.0847904312785785,0.0777581798188557,0.0245289128513772,0.0532174859269408,0.0625936657356673,0.0659595608040801,0.10873729029269,0.113062336379886,0.0623377990882002,0.0621653146439665,0.0719726714865451
"Y172",0.139464967567978,0.10841998639629,0.102392692190375,0.0945769792746178,0.045935861762786,0.0613988741363062,0.076449701477616,0.0854304398924532,0.0712404228159484,0.0237083322122571,0.0616655190909193,0.0706671107197123,0.0736731788508768,0.120793684510107,0.119647179017001,0.0631159322203411,0.0599704205148893,0.0775793901812755
"Y173",0.12888402528248,0.105684244796327,0.101041866868994,0.090386347437018,0.0283067212123499,0.04283452575298,0.0628914772329475,0.0714749263060803,0.0577208506514036,0.0317961246879837,0.061018726804086,0.0710760125965703,0.079785254989635,0.139837212064697,0.133538742459798,0.0826745438491872,0.0746556879007928,0.0922452739163768
"Y174",0.136801574139747,0.132644509962246,0.119025097857822,0.104459684675,0.0705096712661612,0.0804988324022437,0.0888505532074307,0.11123198547264,0.103980112770382,0.0241246577184881,0.0413794314258048,0.0547899156759186,0.0660606822850174,0.104447501789277,0.108242127189412,0.0536176919572464,0.045645367879187,0.0473037477196341
"Y175",0.135628056058715,0.108191746033842,0.103623976099802,0.0927369769297149,0.0335703641180805,0.0493854810877799,0.0660697036606029,0.0739883222071701,0.0628652721310207,0.0280442544865697,0.0598543032299757,0.06860704830693,0.075311963027239,0.136691454489981,0.131787266559257,0.0830152823016723,0.0788350523732942,0.092389399706144
"Y176",0.134099888347529,0.109398295257603,0.104662559952301,0.0944191092205222,0.0442363014911254,0.0697316741083802,0.0736397214717544,0.0779653657149012,0.0680827786401482,0.0280518518188436,0.0581486313649072,0.0641336620237436,0.0735015287521747,0.122723835341159,0.113108011371527,0.0700031847460802,0.0658031956747949,0.0783559940429912
"Y177",0.137233947683591,0.143759947599203,0.12669774220358,0.118288161908707,0.0732866437656283,0.102889711508653,0.0854621594588521,0.102900470833006,0.0859218263513565,0.024174222523719,0.0327047544709191,0.052749411429169,0.0564501527840554,0.100662216057903,0.0934532037632375,0.0590271316847681,0.0575682847546827,0.0704018878479453
"Y178",0.128426433623599,0.0948665392484717,0.0950132859147553,0.0911051017471255,0.0269074989499533,0.0540528222195147,0.0748293251477103,0.0762907443289642,0.0679684760054075,0.0346619448375835,0.0733061954888858,0.0763952754240958,0.0755649541585852,0.141423880722684,0.125933759523059,0.0699520981489013,0.0731816426204938,0.0829508393988333
"Y179",0.142099383425536,0.108366864341558,0.104552283893405,0.09616806464027,0.0508393951458834,0.0671463733162559,0.0738661907225493,0.0807306422408444,0.067007932854886,0.0223162832648715,0.0568952377296542,0.0614641852566319,0.0697222724238688,0.113801827344441,0.113462091558045,0.0646637347669009,0.0598333564434124,0.0776490305437608
"Y180",0.130363343272324,0.10098544723798,0.0992898218161989,0.0897730185787433,0.0276033082352107,0.0479148078101018,0.0669783578445322,0.0667911097690565,0.0567139389774386,0.0302554663360208,0.0656705468449316,0.0739376031589462,0.079408972052845,0.141598886507251,0.129470218280661,0.0799467890786856,0.0823091504489149,0.0960251973640237
"Y181",0.136041374579131,0.111619693790883,0.103367527761061,0.0910435490008587,0.0517111024822896,0.0700669479182409,0.0752584745076321,0.0818467079544212,0.0726648391185627,0.0291489423646926,0.054364286590274,0.065018026626736,0.0780053719975431,0.121249916934558,0.113097382849965,0.0711973302362154,0.0677461364283388,0.0779262432705156
"Y182",0.130142153980356,0.111079486954677,0.104415357351659,0.0953080529576633,0.0459482713710553,0.0667317154673964,0.0787278496715215,0.0811748166909835,0.0691983005622693,0.0315456681882385,0.0552703727716325,0.0648856026914838,0.0736125653688031,0.122302843368534,0.115808664182559,0.060528487581578,0.0615734078339501,0.0777458221674967
"Y183",0.144477145621291,0.128158256230203,0.118143104327581,0.10548103157914,0.0529240437801899,0.0749168989559321,0.0781363285340631,0.0833654051053523,0.0758119592996504,0.0232618454424509,0.0443599620781438,0.0577111025306774,0.0656537576531401,0.116023233650349,0.111305734516167,0.0663991368980842,0.0718623016164699,0.0787245537999613
"Y184",0.143068557729251,0.115028628011488,0.10394722448521,0.0929395088871042,0.0471212414301613,0.068331347379413,0.0748674211648731,0.0727994387487271,0.0656339302533235,0.0237890643003122,0.0516966313107338,0.0630029732815079,0.0733116302696633,0.120043589715724,0.113979647117811,0.0685043798944958,0.0769440486404586,0.0850575062187079
"Y185",0.134612587805818,0.121641859204605,0.110998047954756,0.102206379653867,0.0678036242350949,0.0904826277295307,0.0840605066262736,0.0932977863150558,0.0788840437705612,0.0256945191413459,0.0449307574983871,0.0560151679490039,0.0633399527969629,0.101280910492706,0.0985103769000513,0.0595499259094119,0.0571037229929676,0.0698127646655064
"Y186",0.129672778418998,0.0915130940827329,0.0928414145498452,0.0868459018751604,0.0218433414775477,0.0452118478525896,0.0602039382908196,0.0664532865890722,0.0575340086271948,0.029961930500876,0.0761512728182531,0.079898872891147,0.0820223427616987,0.147908639580273,0.132329597086455,0.0896243689294833,0.0846970253317827,0.0983238582880132
"Y187",0.146845183123126,0.123969969215749,0.108751814076698,0.0964067250414796,0.0435378802901169,0.061511707158867,0.0669443306727723,0.0758436287149991,0.0713658668588892,0.0259804696450382,0.0509366394184738,0.0678953545801738,0.0759492177078654,0.127096609453847,0.121468000039458,0.0851153860048842,0.0823399428500327,0.0887582734984024
"Y188",0.132174826738287,0.108156078235458,0.0973983117434055,0.0855260932083186,0.0254072320600219,0.038407009965354,0.065873499561619,0.0723839034467652,0.0570078943203907,0.0299656516459135,0.0594909580692305,0.0722443208689181,0.0807468380357436,0.141554342614955,0.136710226626854,0.0800319453477052,0.0730964453848453,0.0935671613081813
"Y189",0.138717517626866,0.117518068965439,0.105753897729035,0.0958810371530114,0.0318950916471514,0.0505057091124756,0.0676546321448652,0.0755827780162831,0.0658143667005158,0.0292066937363324,0.0560435625707751,0.0713936571110243,0.0769305609295734,0.137202782708847,0.129986145267712,0.08563227738396,0.0789896713919039,0.0910195978164474
"Y190",0.131566682671531,0.110261203948832,0.109415748533167,0.0985110483553868,0.035448233798788,0.0530445000283137,0.0651080277003976,0.0828516743740824,0.0621879783001383,0.0320176470675755,0.0586761919852219,0.0642892535953968,0.0699683584519154,0.131186902201839,0.126420016825388,0.0813738527951404,0.0653590348887881,0.0901588405773714
"Y191",0.132792247262195,0.106791829988786,0.112450270272784,0.106715129686377,0.0475028852584401,0.0788229676532888,0.0788280825643969,0.0909818481681633,0.0701460976318368,0.0296440878396776,0.0623298199092039,0.0627118514456351,0.064797825199739,0.121960261493318,0.108116932791112,0.0659844648307451,0.0577572980148408,0.0785061692837687
"Y192",0.139244632765466,0.11493532934362,0.109981614061424,0.103609475610502,0.049526878786785,0.0724549280699042,0.071379044745877,0.0812364286067602,0.0666134501129378,0.0275144908271644,0.0577543649669558,0.0642125605745306,0.0670281854910172,0.120097063788039,0.112397069162736,0.0730740196701737,0.0652887964666288,0.0837183291988804
"Y193",0.127054345845703,0.0977939914102745,0.0997071763404214,0.0876585188111976,0.0297146132896098,0.0486254812837001,0.0611071816908539,0.0651911456073801,0.0561899385944313,0.0347616536255087,0.0687181928663893,0.0714504325113358,0.0812867483726636,0.1398792082208,0.130865438820936,0.089417120574822,0.0860954305220972,0.0989329049940202
"Y194",0.130965503096287,0.105830920601089,0.0971580079013149,0.0893086837141565,0.0317478179278166,0.0577365224122776,0.0766913474433223,0.082919114275619,0.0692055729023617,0.0297309157514736,0.0598274095845758,0.0738000384900336,0.077661447712749,0.136694953421488,0.124269737144061,0.0674665461140821,0.0630781302988686,0.0777063498125432
"Y195",0.129758767766872,0.104196928728884,0.101969904822081,0.0898650942329491,0.0433786569274712,0.0585801719985986,0.0734404425523993,0.0793478881197743,0.0678270296765978,0.0303575466353152,0.0577279819620052,0.0629832775192817,0.0729710283013447,0.121350141956438,0.121232736084439,0.0660301001099977,0.0637126777172912,0.0792721024931859
"Y196",0.136768118834696,0.115559604569843,0.111095090954194,0.102353809843591,0.045313802873862,0.0665729007086462,0.0726651114494994,0.0793238505323435,0.0721659991856394,0.0284687424309792,0.055879009008479,0.064562992735978,0.0684885431107836,0.121674720640869,0.115609207086229,0.071163513199038,0.0722693348231774,0.0802630894117991
"Y197",0.138347975214461,0.128885818595847,0.119734291058831,0.0992984887248922,0.0618905279108722,0.0782910445342881,0.0828902545213112,0.089314789336806,0.0752567431919357,0.0263535956589429,0.0441111781238136,0.0561518469596068,0.0693088174178912,0.113349991156426,0.110769900944631,0.0689231250668607,0.0671927724613542,0.0819153819731544
"Y198",0.138729823622966,0.10665878110557,0.10070516596173,0.0894790395059543,0.035011068017367,0.0552594178081708,0.0709977966682166,0.081984108183075,0.0692535356509393,0.0268081567459077,0.0631813561542902,0.0723599952729963,0.0816693590618474,0.132891036109474,0.125270984540575,0.0743756999025696,0.0664156029305347,0.0828837038262876
"Y199",0.129599440038732,0.119241740602186,0.113353372704366,0.104896766915188,0.0563332758517284,0.0615620700457154,0.0747075083685528,0.0887901434007722,0.0716541967452575,0.0249040267329254,0.0515638434414646,0.0582464027103559,0.0639867962481528,0.111441576409903,0.118956348575881,0.0714094331715844,0.0630309763291165,0.079155375289617
"Y200",0.129794863841751,0.120437291929751,0.107416324222242,0.0990329843164444,0.0437394955297227,0.0672016980012026,0.0687545310180008,0.072631828200905,0.063789494258768,0.032683592718301,0.0491090478846961,0.0623465245527866,0.069106896571898,0.126639386716109,0.117407171450187,0.0779753892486379,0.078682723251804,0.0888858876585987
"Y201",0.136818769304843,0.120211537249771,0.10578536885882,0.105186386946602,0.0571835289490485,0.0782671938749077,0.0746417409849792,0.0848950743620418,0.0772303365386081,0.0277442589375487,0.0499945594370345,0.0666072091720713,0.0635480967858485,0.112906051209458,0.106826778226059,0.0666218896430266,0.0626728893952322,0.0749024276546614
"Y202",0.13477110739577,0.111373371014834,0.103697614504965,0.0941839180382549,0.0427493157081119,0.0649850246229816,0.0734460409305634,0.0771572292853318,0.0624178395423577,0.0279142558235176,0.0573555815323663,0.068471331957208,0.0735482840418824,0.122847135477094,0.114886185753361,0.0664696303444082,0.068018163219988,0.0859995023664796
"Y203",0.139457944616848,0.126741859314779,0.123665307212357,0.119600659185174,0.0641833673637603,0.0938286895727901,0.0795461657845931,0.0985585454124835,0.0837221478068359,0.0249425003245966,0.0492663205896913,0.0578615613608706,0.0605690750243217,0.107436392190398,0.100536753143922,0.0706180542582237,0.0584507465901164,0.0704457885890367
"Y204",0.134713674372741,0.123554122116542,0.117145686707417,0.105262921373488,0.0561002569855846,0.0662874972189497,0.0707917528058395,0.083750917202334,0.070137891198265,0.0322020910913749,0.0513466853034726,0.0594378058570968,0.0659772019345002,0.112124999832367,0.116330461615333,0.0741227756925929,0.0645642585080739,0.0818817500149331
"Y205",0.129246930624621,0.107131108537543,0.104622442817965,0.0957394147762426,0.0356441114199072,0.0609691826249742,0.069341916838512,0.0805884065657095,0.0704463351480087,0.0302967901124999,0.0647121890165789,0.0706699110592072,0.0754956400712778,0.133094170055732,0.121030141577098,0.078050256176045,0.0668525139169163,0.0806825025060051
"Y206",0.123902924702316,0.122183309182789,0.113902290185816,0.103535741589957,0.0727900838623775,0.0919834869933573,0.0787807560863187,0.090166242856383,0.074570378086227,0.0399344737400344,0.0464119047593488,0.0545949124643287,0.0633251595091683,0.0990999158110297,0.0987279164002783,0.0616004191096868,0.0537543107168368,0.0743962598029064
"Y207",0.135372293070545,0.10724477555615,0.0945564924325187,0.0897195302825922,0.0329536050440868,0.0473026163717589,0.0691053018010381,0.0788208893319061,0.0632029807399068,0.0314067671895419,0.0634120414097929,0.0774089699484442,0.0811326969007578,0.135473323442844,0.131903594202715,0.076028130917928,0.0714571325720695,0.0916223452875804
"Y208",0.143726855152596,0.118459387022342,0.108698562721875,0.0963644771050029,0.0501299824297701,0.0654933274062073,0.075997374590899,0.0867112575788627,0.0698322537711563,0.0282621340205615,0.0507387227651604,0.0629914498634326,0.0722809945908981,0.117587940840593,0.114940296878016,0.0661199939093766,0.0553512257412122,0.0775240204882402
"Y209",0.137373752050943,0.103888826939567,0.102828035865385,0.0948475513530995,0.0582234139942308,0.0811648010803953,0.077856580941913,0.0852527022127939,0.0678872992639721,0.0208961897981703,0.0557353965598061,0.0615473240183749,0.0675119236243744,0.104616398602293,0.100650080870324,0.0550580772228569,0.0516716646987926,0.0736107822523211
"Y210",0.147509504221628,0.122194102257231,0.118040273898981,0.106321631827444,0.0640739143686627,0.0896357788582519,0.0823239774740024,0.085142666967198,0.0778615645142496,0.0218594706700628,0.0493826903202075,0.0565190045278858,0.0631582458979003,0.106676764575946,0.0993645197841184,0.0585738530608354,0.0579042351506957,0.0676017772000363
"Y211",0.141016287216498,0.115501408005799,0.107424077487744,0.09409624464719,0.0459864129264837,0.0649220685038597,0.0726888434700222,0.0804830315589194,0.0694230444783,0.0208456093090993,0.0511546263022096,0.0641845315548189,0.0743927685030793,0.124144002713243,0.118071367166789,0.0738672143094256,0.0678724245555334,0.0829667545393436
"Y212",0.13248288701412,0.0944064591637077,0.0921520946050685,0.0811840320863748,0.0208544070759229,0.0493776442470786,0.0698998287478792,0.0759622644733133,0.0673335369435251,0.0284621040758689,0.074087811379144,0.0816202271437196,0.0885989820041875,0.149388884192179,0.130877747874284,0.0765437162404115,0.0735171569174221,0.0843271915586382
"Y213",0.128772685599726,0.096613435342664,0.0990558970793123,0.0962776728923359,0.0443618617305353,0.0739259697042887,0.0746526154898056,0.0810298446518717,0.0685377196182768,0.0323446632581749,0.0711886313673363,0.0724919115832998,0.072377109953422,0.12294719681413,0.108605901030684,0.0658345923054608,0.0623180211566411,0.0793126591288598
"Y214",0.135052829070873,0.111082660287176,0.106001166711421,0.0997471502215589,0.0329745475946017,0.0586899396842255,0.0696519461912081,0.0818517107729264,0.0703019674967436,0.0278729723725353,0.0604905708103563,0.0716086218781844,0.0743237610390095,0.13741010193997,0.124011364942661,0.0792045155651109,0.0698645000915771,0.0840862324276861
"Y215",0.139202142715373,0.123942889189567,0.112354781026844,0.110433609009329,0.0625831106654677,0.0856276172578207,0.0775736842093408,0.0874174545782933,0.0758613214127805,0.0289788684652054,0.0481732098066388,0.0626607115638531,0.063073833603226,0.108807842017178,0.104340583167472,0.0701317232625705,0.070481247715564,0.0769234735235705
"Y216",0.12617870897266,0.0984162341531956,0.0993120666300297,0.0895859170061231,0.040645646371453,0.0507091010412826,0.0695830725390018,0.0815492717974278,0.0659509411797011,0.035952006415419,0.0680090249188603,0.0703245057577568,0.0779582739786906,0.125641075274614,0.126784189764694,0.0725514509740356,0.0641080201717457,0.0836920020808422
"Y217",0.129515113567245,0.102714286785902,0.0932442106706972,0.0892013703068712,0.0323021314046165,0.0467592636700675,0.0672784374569184,0.0814385445831767,0.0643313352580151,0.0291119275259863,0.0631778203571116,0.0754091098154334,0.0770630802434609,0.134468258035765,0.129925948127646,0.0749342874897857,0.061632597947517,0.0829597067794901
"Y218",0.126643870390939,0.112493390889125,0.104741032075438,0.0975421924650526,0.0507599491954883,0.0704607743622962,0.076894959081951,0.0836121365875361,0.0702689916604238,0.0327214430681497,0.0545128912309168,0.0674938719658377,0.072825290483978,0.115900018679941,0.112345024996444,0.0665382818474185,0.0663596241320819,0.0803401973446267
"Y219",0.133622776387007,0.116064856232508,0.10862388844934,0.100604052549037,0.045059203137365,0.0647745174850883,0.0698883064259492,0.0848863532612879,0.0710704887595705,0.0296298416762602,0.0527509622773876,0.0621836164890845,0.070513217845472,0.124728868393679,0.119416319388112,0.079225990792507,0.0730196147776315,0.0875946864457829
"Y220",0.119145022819262,0.101264395143136,0.0989704842693134,0.0932772580248317,0.0370470313933581,0.0506223909458372,0.0664442583122512,0.0721878357872661,0.0562913633460196,0.0359873880421584,0.0644700295918903,0.0701968715808583,0.0722662554277781,0.130951768896011,0.127094099279162,0.0759787417867784,0.0688558543226375,0.090177514531769
"Y221",0.138141766651274,0.121262331505535,0.112385589897743,0.102670346305175,0.0452038805356957,0.0756282601659697,0.0790491668019992,0.0885015986318092,0.0770664609684436,0.0238538075190187,0.0489824399939901,0.0604436578130539,0.0686196128324887,0.123012630918865,0.111303865325631,0.0650346112292306,0.0631049957006639,0.0766978093494395
"Y222",0.126497690961678,0.104813771056244,0.102718102228971,0.0990650906989708,0.0379282032497802,0.0682012078218228,0.0774723257305695,0.085467522038009,0.073747810485746,0.0336520986973913,0.0631309107756022,0.0683061833743999,0.0704335917155431,0.130589349553795,0.115336544443889,0.0663907340370462,0.0621538171237627,0.0760750580043739
"Y223",0.135687453406388,0.118164314938225,0.1133023009783,0.100132885836594,0.0476346870139877,0.0782191431123966,0.0835573117901264,0.0922620182192127,0.0789657984191863,0.0237834126029184,0.0495376295942985,0.0573671669904143,0.0667956216328359,0.119869458436486,0.107342192736398,0.0586432003413122,0.0516955987666965,0.0649594591095033
"Y224",0.134588422253822,0.113788913740302,0.112122109001664,0.100701955226897,0.0427202901989363,0.0666341853526638,0.0751331929020884,0.0842763795375977,0.0757536419816187,0.029769707570666,0.0571225549888668,0.0630814462518545,0.0706850710355428,0.127154329363262,0.117503228075087,0.0729320229155645,0.0679078595978882,0.0742782856060409
"Y225",0.137901482111525,0.107950485346276,0.10435440377576,0.094110319735301,0.0650527873688821,0.0845496986275575,0.0764932881467293,0.0846242501546879,0.0716299546417174,0.0246347316296915,0.050465284956854,0.0576420100381715,0.0689073198629864,0.099267064348962,0.098604594967599,0.0557073291663019,0.0485567878099972,0.0637739041962678
"Y226",0.134420961843464,0.119530761335532,0.10558331032475,0.100970134769324,0.0486862331696937,0.0680882005666312,0.0689875877973894,0.073956778658644,0.0657306631135353,0.0296553972783399,0.0510952015121445,0.0681149924041463,0.0704560547561598,0.119650142251944,0.115923181931505,0.0774966801437181,0.0767311268469996,0.088668371224256
"Y227",0.12035882306456,0.104819078274999,0.101727738254973,0.09738704742284,0.0476970404876721,0.0709763464763078,0.0743290692671012,0.0826075535417216,0.0707896813291117,0.0365253451252365,0.0615086291903277,0.0675095164135269,0.0692386951723168,0.120012277221606,0.111369587907801,0.0688872377674186,0.0609047461463181,0.0749517116894377
"Y228",0.142941389925695,0.103371954568973,0.0969880531129037,0.0896472110419488,0.0448046282794955,0.0521808418751243,0.0647831645231512,0.0743197080603545,0.0590028436598661,0.0253679919616173,0.0627516783034029,0.0717089412115954,0.0760446878480058,0.121723874277157,0.127604821779429,0.0819096556201383,0.0728922745821079,0.0938647500007782
"Y229",0.136860260003185,0.112489138595101,0.104823805715247,0.0932059225356754,0.0318081490825516,0.0554355859240666,0.0729301568693919,0.0768008842079273,0.06834489704388,0.0274640372387401,0.059209909253883,0.0679310007224044,0.0783531162298206,0.136788950770165,0.12634302301945,0.0748228770053906,0.0785431050121058,0.0878569736848595
"Y230",0.125184767832058,0.119613245650463,0.113405798240329,0.102447391066785,0.0423945906303111,0.0616500818939702,0.0719022996146582,0.0806897830290238,0.0705739946905956,0.0300757427947634,0.0545300181011582,0.0631135240737719,0.0690601256251156,0.126933971088446,0.120662347109928,0.0752674955801289,0.0712830420372801,0.0826889451034187
"Y231",0.154121191144031,0.124285950363968,0.116631912548254,0.111654068085352,0.0667296017938834,0.0917857978462345,0.0907333275987867,0.0988285665939163,0.0917664968727076,0.020643465814498,0.0447276163841485,0.0581602042241191,0.0602240232635937,0.106542223456938,0.100620989766967,0.0589305432337562,0.0563193668089774,0.0626707713179399
"Y232",0.12948509792617,0.0983786362702397,0.094875328799906,0.0931842946800488,0.0262431248458955,0.0470977081338409,0.0679604689543461,0.0740408617648104,0.0596218138383135,0.0321786461947514,0.0717474229932909,0.078631750175643,0.0765470222888934,0.143581938025714,0.13284439246696,0.0797198385939778,0.0759428207498384,0.0944498752638688
"Y233",0.142696347602067,0.114183882832166,0.116270245412138,0.112171237848677,0.06968205853339,0.0961344186290224,0.0850473729901482,0.104434553545774,0.0882111193365705,0.024616042790149,0.0547869876636563,0.0574015515004422,0.0600326619889124,0.104208685494784,0.0948580502050048,0.0602209041631445,0.0583672165078659,0.0680384028895468
"Y234",0.141226895670438,0.121805551059763,0.106229265152091,0.0923887821764093,0.0453179961595416,0.0700794930981547,0.0818689864207827,0.0865238358482827,0.0758563400504273,0.025499982902612,0.0458377557710981,0.0629279671077098,0.0750624456751497,0.122269382792293,0.113339920398748,0.0628027100087306,0.0678650523090396,0.0797326405022972
"Y235",0.13478584644761,0.105802709960842,0.101424655872989,0.0890259132852768,0.0482452904885742,0.0749444763151812,0.0732974529551291,0.0876680912014226,0.0700334258209842,0.0283778540363601,0.0595282754191326,0.0661170538901316,0.0767548461431202,0.116776741456732,0.108469633419129,0.0636394588830187,0.053623833337566,0.0761303843533504
"Y236",0.130766920910786,0.105279825370087,0.099602183525155,0.0900579416659008,0.0335273252548847,0.0410313956876205,0.0631778085767088,0.0652732558243489,0.0543799054814002,0.0290437687118664,0.05962037810279,0.0722369262177838,0.0784439711905779,0.137195601452581,0.137437427111526,0.0861260118215944,0.0834344808783746,0.102728694822859
"Y237",0.135061568824901,0.115505261989681,0.11499013950256,0.103605455564157,0.054382303062377,0.0868640430770016,0.0765955756162597,0.0838991190648142,0.0747913999866889,0.0267585769561082,0.0493728925550905,0.0547140486245071,0.064314615474134,0.113280964444138,0.100920688130567,0.0650288082056403,0.0638906081424992,0.0776072292628049
"Y238",0.135081099635038,0.0990696927970357,0.0969036261887779,0.0879448704164485,0.0298690623882339,0.0426471958089579,0.0662019304521744,0.0763369408021623,0.0665544344505543,0.0296609527264839,0.066342716526984,0.0739782138492056,0.0801463550933325,0.138910760158739,0.134802486391684,0.0830607518028416,0.0775207638133629,0.0896039456563353
"Y239",0.131330871955309,0.113176654005057,0.106158311158456,0.0991355981989663,0.0337678366795715,0.062249552368076,0.0716917493777775,0.0851829474477866,0.0677569016080976,0.0289802049089601,0.0522526087000824,0.0663061704327173,0.072820137163205,0.135738094372128,0.12121697755815,0.0746199380779558,0.0698147862529721,0.0860154992368896
"Y240",0.137142160943669,0.115649810751776,0.106716614178091,0.0977749993912005,0.0389621654044269,0.0618281248030974,0.0708970934012712,0.0766957955612775,0.0636644244447865,0.0266389836374865,0.0518025146789491,0.0638311193854186,0.0710995996361974,0.127226021953214,0.119002085059453,0.0687359053782754,0.0707247717113564,0.0866134224026543
"Y241",0.135094067158735,0.104804514153538,0.103225522028811,0.0925611276228704,0.0298869241777273,0.0507411361529761,0.0707065933124785,0.0746162328031805,0.0593845721757585,0.0269946401091786,0.0626868215919017,0.0704362451404883,0.0780444558473294,0.138845308691744,0.128436754449118,0.0776032536691895,0.073152980869828,0.0932338512258336
"Y242",0.132311624436524,0.10588637677741,0.108076399448325,0.0977641855170242,0.0396665564267323,0.0669653222263867,0.0803231880405994,0.0853107057116952,0.0752741890950322,0.0308130188162538,0.0625111878544145,0.0651811719684369,0.0721206498178731,0.127459190917876,0.116596278884292,0.0632150478332036,0.0647437406968743,0.0756114152392581
"Y243",0.129908581994576,0.0945227973207109,0.0989582185406117,0.088681433375623,0.0304007196287482,0.0633267326692317,0.0841065826361206,0.0914288320894241,0.0820206222940216,0.0328715550570093,0.07271786905245,0.072623611300092,0.0796985992090886,0.138469488563626,0.119836318412308,0.0647423332826823,0.0576292923782424,0.0692412829909345
"Y244",0.134118969785287,0.100259482928435,0.103435496946024,0.0882126311818656,0.0304946314482106,0.0513267470879369,0.0661796206223516,0.0736756911671547,0.0588947833504824,0.0261694296198531,0.0642451892344681,0.0670499731474358,0.0780054012854085,0.138476464922568,0.12681902400456,0.0799306321227552,0.0721923373627228,0.0937591774009263
"Y245",0.136284834563578,0.105768886872274,0.103772284744763,0.099323339775526,0.0415378757754026,0.0658446280754749,0.0788981059062556,0.08622278074155,0.0698859713740528,0.0316619581565966,0.0623399243887473,0.0688480167529757,0.0712738138943157,0.126718857621172,0.118604414858484,0.0659992865761432,0.0683489170308804,0.0875304028184316
"Y246",0.144536444409411,0.136044702905186,0.110973897662642,0.0997888862818825,0.0676135878602551,0.0798520822345396,0.0830226234531456,0.0873826843147762,0.0784393790211199,0.0219619911071626,0.0342182584080237,0.0578859446907954,0.0653696233795418,0.101069912578154,0.104708272171468,0.0575168546461173,0.0557017925277495,0.068585245010508
"Y247",0.131570059244587,0.110760789716449,0.103334215547504,0.0890870790519106,0.0420017937513727,0.0708103310754652,0.0718604941615323,0.0834741426765196,0.071132407498844,0.0297602672959922,0.0551292644222117,0.0654647280491985,0.0778976128412627,0.125799562144051,0.111913862456676,0.0705241925560414,0.0594290210211611,0.0730621225201758
"Y248",0.132466616327193,0.111537657126712,0.11054732471815,0.0999919107616171,0.0482057290445193,0.0770676822544344,0.0762436667888076,0.0873267339321366,0.0758491754348958,0.0286652440478526,0.0561857164628872,0.062783415011877,0.0699276658294304,0.119887606534213,0.107296873108366,0.0636605092261303,0.0555133639602767,0.0681560435995738
"Y249",0.132190397263282,0.107700837154439,0.106100509703827,0.0973183954664017,0.0332517561969986,0.0602126749544942,0.0706688190874316,0.0837252593863702,0.0682775922712075,0.0306541696246639,0.0645703843861639,0.0693946181082515,0.0762087288109482,0.136073532917825,0.122041829678213,0.0782615206965133,0.0704987677031285,0.0872880076109753
"Y250",0.128210688972237,0.118801424959484,0.117870900991765,0.105936051724288,0.0566471438511714,0.089134437777684,0.087032386540462,0.101459229821351,0.0827291156146956,0.036085351555816,0.0480841511095666,0.0563504646362538,0.0642533211171354,0.114957111266437,0.103245935695805,0.0630841921873042,0.0596761173525059,0.0767275668339342
"Y251",0.14116334522492,0.115961063391,0.110783414645599,0.0987616210352155,0.0507703449939084,0.073816196590053,0.0778945619102589,0.0893778961617638,0.0762867093756892,0.0254335699124661,0.0551578245331652,0.0630385237589376,0.0696561304791208,0.118324421827906,0.110965710385397,0.0664463529035043,0.0604949924643123,0.0737863246223631
"Y252",0.138011389116751,0.109879496829124,0.105142724186196,0.0979477228128073,0.0547281553428357,0.0667996580518853,0.0692572550560581,0.0840737466492957,0.0695040733664596,0.0304268926441847,0.0551244419407238,0.0651479968954286,0.069737995451958,0.111699123993965,0.114594706134212,0.0732580365763546,0.0626482807573601,0.0823597981269975
"Y253",0.137277557118459,0.104278033853171,0.104970261634938,0.0951593793906182,0.0481904231253211,0.0576603866726646,0.0828239934647352,0.0849949829809946,0.0764537290619362,0.0288771602655248,0.0641392143131771,0.0697066395260151,0.0726842923215274,0.12001937236196,0.123359824523779,0.0566811923498397,0.0630589007999782,0.0744853900002432
"Y254",0.131228932867658,0.10924228937046,0.108962574301635,0.104074308485462,0.0472198433631867,0.0763007098426602,0.0752224648122981,0.0847495703134316,0.0782835663131153,0.0309400415736008,0.058675980654146,0.0672285123581501,0.0688799719849663,0.119963723672106,0.108130123627646,0.0678189768818089,0.0657448966539219,0.0712917173678326
"Y255",0.130327162065695,0.10356292674461,0.104285256896025,0.0960677396696794,0.0283928502897468,0.0563319895574933,0.070807557257481,0.0827014442105784,0.0706791182913779,0.0335752582012424,0.0670292574281573,0.07135830591036,0.0744062257371199,0.142106357572474,0.125634486422316,0.084085533993631,0.0724405103603356,0.0859177709596207
"Y256",0.133284035897834,0.109288922305328,0.103670884093585,0.0986277983314642,0.0477042000041621,0.0759107717193712,0.0761477577513953,0.0872355677752166,0.069870318016849,0.0269763650044161,0.0580989439839542,0.0635903123240263,0.0671135401397263,0.119584751242152,0.107781228357612,0.0680812292118443,0.0539131276179046,0.0749024049569827
"Y257",0.139008319979613,0.111118908302425,0.103013626918941,0.0935688873485637,0.0398363433510875,0.0567756766578615,0.0689221207740557,0.0776405190728755,0.065189483763503,0.0273470164859975,0.055416676322041,0.0698550734093251,0.076876517134875,0.129850064820269,0.124388160238128,0.0832627453593569,0.0766999882008488,0.0922227336169771
"Y258",0.126294358295599,0.0962689789824803,0.104213764850465,0.0960104976288525,0.0453438193428443,0.0786308154340645,0.0830100799552427,0.0905651475893314,0.074665355385607,0.0327079800625419,0.0688422661655772,0.06435925848204,0.0701733967157319,0.12247821187874,0.106022360131836,0.0560540069690271,0.0469140966550744,0.0644077594785231
"Y259",0.146707849368991,0.148065383432219,0.129181702552738,0.105400081009824,0.0834216031934334,0.0975334709278907,0.0932608204131473,0.10660315259095,0.0841717551248519,0.0244750894272997,0.0346668797618401,0.0460244239629852,0.0597613454160113,0.0920035837095623,0.0952903576025586,0.0471763791388842,0.0498452656076445,0.0673213587606954
"Y260",0.132519631661802,0.100089808080598,0.100383301315217,0.0964255999745585,0.0290886065869077,0.0639838082648954,0.0692533132649816,0.0713808754825606,0.0628321928629565,0.0278685199610165,0.064988450739753,0.0709899815350952,0.0713938403807695,0.139846641645452,0.117794189494409,0.0768861863969174,0.0726765042625975,0.0834567441811171
"Y261",0.132737880782864,0.0990722916862057,0.0977684618094422,0.0900968518345033,0.036765166116941,0.0599847822880303,0.0702132667884818,0.0763256108485779,0.0675648056207961,0.0293733618361746,0.0663819671591776,0.0706265425069626,0.0770480686519207,0.131945379975197,0.121089458119794,0.0754331049470958,0.0715720910592116,0.0844390399751328
"Y262",0.135260770738621,0.133022396026371,0.111348164957618,0.10597284676137,0.0636466966594477,0.0845317802818818,0.0781703943411503,0.0932972346163329,0.0753766052523412,0.0294309898039911,0.0401837815614339,0.0596434023662688,0.0610804149428332,0.107069447792953,0.102240740601683,0.0677447825598798,0.0619447619981743,0.0787296204558287
"Y263",0.130168937757084,0.106995136644433,0.0961989268995373,0.0865991170155269,0.0420281664125194,0.0645244851756621,0.0714157021543197,0.085355525560191,0.0649446572626793,0.0278961846206741,0.0590582539216248,0.0714863906458523,0.0775533537347825,0.124937518808191,0.116110080000187,0.0729728694330768,0.0587296147396813,0.0855571955023687
"Y264",0.137429831745134,0.132494341672094,0.108855648892734,0.105158604937873,0.0527021174433892,0.0740257620216564,0.0735110606442834,0.0814481299860824,0.0676519492930819,0.0286621998413376,0.0444835394230254,0.0651167073894487,0.0662539771219656,0.117220308277789,0.110830928499775,0.073557352286517,0.0718159187651591,0.0866819012424891
"Y265",0.126215347379147,0.0919651319671417,0.0947264035621305,0.0801601065470497,0.025788799910085,0.0414337687807984,0.0663940710480014,0.0716112311866685,0.0607852830280087,0.0373550523301753,0.0779381545815937,0.0809667734411116,0.092005969817524,0.142699571994721,0.136554187281355,0.0836623502683645,0.0792964356786635,0.0952230450786333
"Y266",0.127924162608035,0.107649617488275,0.103200194965311,0.0977860356716308,0.0342251946500147,0.0661474124607154,0.0725745756325583,0.0800383509601888,0.0693085226784393,0.0335847096060118,0.0616103333205649,0.0704346276789651,0.0721719283630218,0.133825989818117,0.116686311692962,0.0742803993791406,0.0676304170023583,0.0826639609055929
"Y267",0.127395708307955,0.111426677998157,0.10542509823717,0.098453425269184,0.0407124421801471,0.0589759541976983,0.0696003852860082,0.0786404695621205,0.0655495428608899,0.0328898388549906,0.0565742936529028,0.0670610548259098,0.0691625264469053,0.126924664623416,0.120940673547937,0.0777741765784555,0.0695282962023519,0.0859175517749229
"Y268",0.140588304270179,0.120518368663036,0.111910476238726,0.102801055032136,0.0530599555767104,0.0619521280691881,0.0733432793024497,0.0856128074451925,0.0729557010277331,0.0244109813606768,0.0495901787700374,0.06221570702323,0.0684891648097931,0.115708626145247,0.119519920939316,0.0732576083655973,0.0664849597602706,0.0786900756386733
"Y269",0.134564070552662,0.116310387200314,0.10336083730541,0.0918022581490048,0.0411532409106267,0.0574980787402429,0.0716359768398572,0.0791173947463007,0.0602665672818057,0.0263232845563159,0.0511066407609753,0.0664057097198399,0.0771211365045704,0.127560285919964,0.1224344348077,0.0730285109061985,0.068601728731175,0.0937590240345688
"Y270",0.131598107952702,0.0920157261986106,0.100817159403132,0.0905391154950493,0.0390299709854923,0.0737819105166511,0.0766243769188141,0.0844329597068676,0.0703224971565761,0.0284389440448118,0.0738899447628165,0.0700109553744403,0.0767440412212714,0.128773645407633,0.1094288420526,0.0644633184546269,0.059792671753995,0.0788259397423356
"Y271",0.129877660941172,0.0897595643419472,0.089436029188229,0.0824805295865908,0.0156982709796957,0.0352652470888965,0.0652554349452061,0.0703347987185311,0.0599119550133286,0.0312067830880122,0.0761976937827307,0.0826072415412346,0.086861071359479,0.151131621767692,0.140349166337537,0.0847278010004764,0.0841155219692524,0.0957904818469424
"Y272",0.138960144067331,0.105656672289488,0.109127576768246,0.0978055304134479,0.0388811406903084,0.0682803503943433,0.0724251616676624,0.081767179411055,0.0687011430975822,0.0276424396215421,0.0604034409744967,0.0612089889210532,0.069044534145659,0.128042480730816,0.114453152524365,0.0707022396420969,0.0624968544683872,0.0785376312797526
"Y273",0.141387096251558,0.11380404678093,0.101988312158034,0.0962462470834508,0.0602991975845117,0.0641452950011371,0.0763859069455332,0.0812214382316371,0.0639343093252751,0.0272373516064458,0.0525571026462005,0.0679025618237869,0.0696823292537794,0.109032095879862,0.117526991929021,0.0670317377391157,0.064223796249573,0.0863078835813618
"Y274",0.138045161793359,0.112896469842905,0.106796644833792,0.0982166519670934,0.0288539762140041,0.0514739895596318,0.0687102596983905,0.080241269030966,0.0645227181035298,0.0274936209260471,0.0569684343117527,0.0672725960647689,0.0737526534809091,0.141579648331379,0.128950099319686,0.0801426262421203,0.0704023279700582,0.0918351561086409
"Y275",0.127659856896002,0.0948047824676725,0.100948114084769,0.0906315036670132,0.0304563869870475,0.0547438632051075,0.0696219465798988,0.0810000351827525,0.0696848810159741,0.0333676273753756,0.0751164984948437,0.0745001578883211,0.0809185748298989,0.138464957559412,0.126736709763479,0.080860099755444,0.0702149100049839,0.0837359376884051
"Y276",0.143143283708642,0.124620469257796,0.118486366662457,0.108610054609884,0.0612546782505213,0.0790441881150289,0.0828556307674643,0.0938288098184377,0.0793591996381274,0.0232967637372025,0.0446147327509513,0.0518690755561651,0.0587316488598127,0.106210485571104,0.105825212756333,0.0581478668246818,0.0519569557330391,0.0674659377218488
"Y277",0.128589143832584,0.106584627179573,0.102052572079893,0.093352640618309,0.0462514182632224,0.0589033284781082,0.0714119476186975,0.0772156733930535,0.0631839427023397,0.0291677286786767,0.0569034912601773,0.0674591774382393,0.0739652319332499,0.117463575649351,0.119009273581945,0.07118293084915,0.0652830523015491,0.0865391321601444
"Y278",0.13261275572913,0.106058345255893,0.101683685886391,0.0916894481894828,0.0266160664395816,0.0447411655705587,0.0660546306495625,0.0727118763856678,0.0603569448284489,0.0314261660922403,0.0631920605494157,0.0733128115209773,0.0790812602410733,0.143184645603206,0.133558047774261,0.0807467904189053,0.078072671374614,0.0952117484786755
"Y279",0.144500733863007,0.110442637478963,0.100600518535902,0.0924944057727436,0.0343917333570142,0.062011674343938,0.0763361795322188,0.0849183729913025,0.0772418205506146,0.0253805989935991,0.0592642930246713,0.0712430394868384,0.0767809372473845,0.135207956024408,0.120168001201091,0.0708066932397729,0.0648945810079409,0.0745496754367634
"Y280",0.132082746029138,0.0973230874217658,0.0957988609135939,0.0879349423312446,0.0272583968404425,0.0456060070037506,0.0673837063721603,0.0634928417473428,0.0557266126012136,0.0326758072088539,0.0710964815257208,0.0782534351306716,0.0822312504592062,0.141673791293305,0.13264957675479,0.0769209443370173,0.08442545134293,0.0990819073289327
"Y281",0.129503665809444,0.0978191305079241,0.0979762923108603,0.0931547243840147,0.0288642025906305,0.0499893219270497,0.0743309602141802,0.0780133698105738,0.0661956306172384,0.0332379636846445,0.0733858394176755,0.0788553977816664,0.0793324199825812,0.142369662189521,0.129983415158245,0.0742577723218573,0.0719229734806227,0.0877234959779014
"Y282",0.138764549286292,0.114214815683173,0.103293430606883,0.0985217972182379,0.0493645503952234,0.0680174408542639,0.0828919678151852,0.0902428720608348,0.0886923354664695,0.0288588731040579,0.0532713361864835,0.0687787498262483,0.0716459520781814,0.120117891446169,0.115746673201057,0.0617397748211586,0.0582017271674546,0.0577128075289738
"Y283",0.131380255151121,0.101758937251931,0.103118544793525,0.0984326038516892,0.0330478993549928,0.061842629954125,0.0744241198575272,0.0792762858673767,0.0745836390261322,0.032332503311844,0.0662785422862224,0.0705940349821443,0.0740384676029759,0.136231326812438,0.121282561563564,0.0748420400922092,0.0721780148920324,0.0779436370795906
"Y284",0.139367508105503,0.101198480582044,0.0944459609763353,0.0814013426743942,0.0261658468424595,0.0480428334293318,0.0641251708371521,0.0689743336937391,0.0537192015328332,0.0279246423401408,0.0647384188213059,0.0734412524294764,0.0859566993064031,0.143229221218306,0.131181240854824,0.0840387504318171,0.0793002345831456,0.0999873924856448
"Y285",0.132834247481906,0.109488199009992,0.104957574310861,0.0957246402842542,0.038010370470222,0.065445363524584,0.0712983160672217,0.0802983408656935,0.0625996191522267,0.0276546380649687,0.0596953547259195,0.0670255374614589,0.0729253081922863,0.129727204645566,0.117008993745364,0.0741396567713244,0.0662233964037452,0.0873927640425002
"Y286",0.135826706419747,0.117351652135201,0.105259449388327,0.0990462834058623,0.0477578079831359,0.0668511876293753,0.06960942001953,0.0788696343295295,0.0640090475674321,0.0283307564985936,0.0490523791122424,0.0625868002554734,0.0667230173758559,0.118180730604016,0.112741336017868,0.0700827840978973,0.066598101120139,0.0823398080093584
"Y287",0.131533961641169,0.0957803597944073,0.0965370403452313,0.0898092441270196,0.0300296684293982,0.041237975738947,0.0611851179533026,0.0710465948488407,0.0623921610175619,0.0301119416507498,0.069549601533332,0.0724753686120482,0.0763201947664836,0.13814755000165,0.136600884055876,0.0899664163055552,0.0832450792916512,0.0924760995421557
"Y288",0.143737318748581,0.112612050853497,0.108406208885815,0.0993240563926713,0.0413208010369471,0.0697559654737624,0.0775021081967315,0.0855371800911944,0.0774233987930882,0.0260105517907984,0.0574454558454407,0.0651739663847276,0.0702491365130654,0.12729609991744,0.113737607213785,0.067653767396867,0.0621066627940243,0.070980307491904
"Y289",0.133153498320727,0.113426595718834,0.112123667716275,0.109073867933504,0.0470173944360393,0.0705247902766324,0.072237626982931,0.0760397338342615,0.0659230643063029,0.0265412986442849,0.0570203393657587,0.0630717736287378,0.0644810677593388,0.120641046021978,0.115074766029589,0.0713124582865459,0.0747548058726474,0.087618972623082
"Y290",0.132986214087741,0.0980956932688385,0.0956360561539253,0.0900287741918648,0.029297068041751,0.0510075670409657,0.07131531653301,0.0786096128409189,0.0663779266670226,0.0301609627616611,0.0687312562583898,0.075924751778629,0.0795347745328931,0.14068413612605,0.128311197441523,0.0756662828391117,0.0671693037418154,0.0845653271926422
"Y291",0.136813604783074,0.11650976773168,0.107752734571657,0.10004898287435,0.0464748536245145,0.0739960891878859,0.0805274019655167,0.091825734567919,0.0844225050169631,0.0298820068556464,0.050743617368783,0.0627744987509515,0.0687054664832766,0.119737074458608,0.109752280759487,0.0580522339432791,0.052071949306609,0.0608378810850958
"Y292",0.13847597262265,0.107870389202075,0.108451591764611,0.0949399518942586,0.0406073873578239,0.0671313275896608,0.0750732106158565,0.0849331152668511,0.0705144135688837,0.0259825985170074,0.061430218615681,0.0663820848386708,0.0754227041200435,0.12676068567312,0.115482098792785,0.069950864478158,0.0653949885671718,0.0821532928555395
"Y293",0.134262394413215,0.102099750837565,0.0968083852609384,0.0897927028381987,0.0327810338742445,0.0594063097669451,0.069259050014278,0.0743546898535755,0.0644843434567972,0.0290013433663556,0.0661644555688223,0.0749973315977793,0.0781258946190359,0.135532797514612,0.12152748597954,0.0752750461925532,0.0749987727493191,0.0854380865388973
"Y294",0.131114550265811,0.116048445025701,0.113235542188796,0.105066922125799,0.0470954545344378,0.0696652091559054,0.0739101372545215,0.0815134733797033,0.0689860474689723,0.030017823641437,0.0557313152325621,0.0596921546095501,0.063948320411105,0.121810785540775,0.114143714048848,0.0722801945788878,0.0663818454151683,0.0827540080223667
"Y295",0.136940418282405,0.11817655547511,0.113746589120773,0.105583607382096,0.0596578913500915,0.081288418815355,0.0858787608276689,0.0992086378966956,0.0862781803035265,0.0267424725726129,0.0512371868940383,0.0598985104605173,0.0653146223821072,0.114645355863077,0.108644167915087,0.0602274754529801,0.0515902061543957,0.0635172953233356
"Y296",0.130917950543315,0.109524458491861,0.100442489488606,0.0914642664099685,0.03640706193531,0.0481493945463869,0.0659174784124231,0.0793630390744212,0.0644581711238811,0.0339778952726009,0.0585398715646415,0.0710011839608065,0.078819783777597,0.130474675509416,0.131568347248048,0.0823367625905916,0.0699703983348533,0.0901346827567239
"Y297",0.135405123779517,0.112313642947081,0.0978281807135504,0.0950149339250943,0.0455997023470547,0.0584764103677459,0.0742423679457358,0.0799613470870718,0.0659841391581233,0.0276752173457799,0.0530623119201622,0.0698305162948712,0.0710338629169212,0.118586008282757,0.120225950781878,0.0649636445635279,0.0611184611895966,0.078251862094461
"Y298",0.131672642121396,0.114418337221484,0.11004323480632,0.104219840514554,0.0530852687854978,0.0728388929310209,0.076361188102103,0.0872930805480854,0.0735976900490064,0.0286602679479938,0.053572600309743,0.0626141396722509,0.0643209426315005,0.115800502913069,0.112433875079896,0.0675271991797998,0.0632391480083876,0.0784337248842737
"Y299",0.13375751462381,0.11601884624303,0.106469394782073,0.0985337010100162,0.0580977674646103,0.0751714555285346,0.0681271198816267,0.0747299980066726,0.0671168965782081,0.0267969873014186,0.0437723631037885,0.0596317642458322,0.0667257594070848,0.105191583679245,0.106700516029878,0.0677961530526997,0.0641733039701184,0.0759109442942163
"Y300",0.126534574995713,0.102210770414761,0.100764394609604,0.0947193799282074,0.0323043156081574,0.0490008501055548,0.0660872347377996,0.0800128769910087,0.0667272045945695,0.0343515679653331,0.0698947778066254,0.0725852478024315,0.075653326893647,0.137534141334107,0.131460127264188,0.0834199587983542,0.0696191248572694,0.0839688217322524
"Y301",0.132809834696172,0.108095118763545,0.100916620309608,0.0907141969206479,0.0318495395587716,0.0529224081868048,0.0713286679139754,0.0795031231935941,0.0708549932846143,0.0266268325769213,0.0582269065649844,0.068441305998939,0.0767112836453671,0.134078781456624,0.126602677893898,0.0698887430185826,0.066945370116869,0.0787490929466433
"Y302",0.135125572015537,0.100925567783874,0.101456036740886,0.0908726670877667,0.0326956986407934,0.0501265702368823,0.0643843905007453,0.0668707426058494,0.0571542667777886,0.0316967672094923,0.073614915940882,0.0765039048246071,0.0831727557459658,0.136200419509245,0.129961870528411,0.0841349404188684,0.0849299139600698,0.099341958949342
"Y303",0.14111084098592,0.114374430076372,0.102737403862257,0.0944644305150416,0.0441754572263722,0.0619407659102658,0.0761700637023717,0.0875733669433031,0.0695464818464015,0.0267681710961324,0.0562580745848101,0.0680237938060428,0.072598354611563,0.123902626791068,0.12005657745095,0.0676113883630651,0.059080432488405,0.0804315009329184
"Y304",0.134689594481861,0.117020022580564,0.108457935619489,0.100230707705424,0.0393808095985574,0.0605060797305503,0.0747394710390559,0.0871416355028362,0.0712631752439224,0.0279682200956351,0.0509241533696255,0.0651593473634357,0.0704039876610688,0.130518051459259,0.122080242451256,0.0735278262797947,0.0673509685417914,0.0855293646691301
"Y305",0.135861601345997,0.119732035675161,0.114469349520667,0.103842712793773,0.0545415989993053,0.0744019942131541,0.0803498440092349,0.0919990249869692,0.0770967070632526,0.0256017685453659,0.0530408228398344,0.0606562841797502,0.0679098981757396,0.114546481653634,0.109767691019309,0.0621106510925069,0.0565849306306764,0.0714378279824227
"Y306",0.135565848725288,0.117272336860534,0.111738708612349,0.103791912593692,0.0427238753742853,0.0654827732397563,0.0760897291907111,0.0860200971586227,0.0718173848694925,0.029392521440496,0.0525706806953798,0.0620517567739658,0.0693848626925959,0.125645919873551,0.117924264500952,0.0664930053029983,0.0633500200436869,0.0797081693706149
"Y307",0.133376284834282,0.100888092462281,0.0977789270152548,0.0912929791506179,0.0374608033310816,0.0512577135233705,0.0705703982143601,0.0740609642846784,0.0636000564331969,0.0285671009427501,0.0640260528455402,0.0707741890920556,0.0751422207237119,0.131875376076389,0.128551574711985,0.0769247822917856,0.0763576964430414,0.0889681834132679
"Y308",0.14048847971043,0.11590732780969,0.105698483762251,0.0974056287121079,0.0510387182701338,0.0741806649399842,0.0787538840772732,0.0899087312142223,0.0771579159983156,0.0241276788602985,0.0517272674702318,0.0645533649018653,0.0689024873755852,0.116103434732007,0.107962688155245,0.0657067914728679,0.0565675867024863,0.0697590047332385
"Y309",0.12551608485823,0.0969324829166025,0.0993527765183356,0.0894467983915429,0.0329280594314013,0.0575482040324168,0.0692445231388065,0.0712377140084556,0.0646975571582776,0.0332864537465187,0.067875583081875,0.070218200962393,0.076063495106381,0.136620983436031,0.122392661059301,0.0751977585991255,0.0777220691156141,0.0838003212953383
"Y310",0.133355266585708,0.0999421158900083,0.102916514462725,0.0936005462090076,0.0371345225029423,0.0606737327869031,0.0727446363673159,0.0776666168256645,0.06230625577858,0.0294515871618188,0.0669649498142854,0.0705929937978092,0.0785694838751346,0.130459692431093,0.120485831183276,0.0723261635757673,0.0708197137998967,0.0903120165633246
"Y311",0.130544003474913,0.0993865543652144,0.098927808086029,0.0858836348654655,0.0337217093354257,0.0526198092472746,0.0748822562323628,0.073331752191729,0.0574784457560499,0.0285615304626787,0.0632273714466315,0.0669445536810692,0.0765900092150778,0.130965884847113,0.122092244514828,0.0571516464771228,0.0625402440818558,0.082809498627821
"Y312",0.142015495363409,0.13153496200911,0.10918436084177,0.103308421476857,0.0729974450741006,0.0915150974428404,0.0774755250326401,0.0817411662010585,0.0727666231275254,0.0255578029373185,0.0395891288698735,0.0601785931257438,0.0660664332774017,0.100094666868419,0.0993822824633291,0.0613612971260777,0.0661034101078073,0.0730367866407823
"Y313",0.124938925545525,0.0970714533956552,0.101195907953455,0.0948863185520903,0.0409023821382836,0.05120531794588,0.0703907506776784,0.0740497408597747,0.06011771214316,0.0316736502249708,0.0680212274203909,0.0708510946636105,0.0733468328470956,0.123929818235386,0.123411207278877,0.0707809751822586,0.0654834087729508,0.087348459593171
"Y314",0.134826419146781,0.100774125282056,0.099491843400126,0.0948761998905124,0.0293020959631942,0.0524784813149868,0.0712901762943394,0.0808370494586636,0.0738554921415448,0.0254524668469528,0.0679119355472361,0.0763402945551451,0.0780885072498382,0.140020247521547,0.128475026744636,0.075750928236263,0.0735986920993808,0.0831200691380604
"Y315",0.145839656813357,0.127097453760298,0.121436092714683,0.114421071663458,0.0710059335903767,0.0953494402057297,0.0862600707887311,0.0987543835492712,0.0867871668299033,0.0236443502112041,0.0498577021359327,0.0570579896590199,0.0578413874999589,0.104640525247987,0.101124297783421,0.059800705268235,0.0590931710516485,0.0696347859682916
"Y316",0.14531676062081,0.108520758186297,0.0987337680815521,0.0901921102552912,0.0323044252975687,0.0460137598561583,0.069725024504416,0.0736152340482374,0.0653901147474976,0.0234177092339262,0.0605657747364293,0.0763109544807183,0.0819328955950496,0.136662936436285,0.132984527660496,0.0795725268929844,0.0826126421189581,0.092254076811483
"Y317",0.143728818360253,0.129177280272696,0.111354135326018,0.0995540193015352,0.0655371302977088,0.0902053360769204,0.0817648045719669,0.094709683844022,0.0824777721136441,0.0239044646826804,0.0316183929721115,0.0561551758628645,0.0615138786716329,0.102681454198269,0.0957778685301914,0.0573280667297058,0.0555563885522944,0.0635386803703813
"Y318",0.140028678432583,0.109128480708834,0.108636712785687,0.09667593489597,0.0496342404456722,0.0740803033445472,0.0749105964957093,0.0883500326783292,0.0705161092850409,0.0265933635424735,0.059921008265851,0.0641171800964638,0.0735664925759157,0.118597436183097,0.110171950268544,0.0696373415202865,0.0595211582901034,0.0779785359138694
"Y319",0.131086197110181,0.0922199258106533,0.096143819635473,0.0902225261680545,0.0149859620999819,0.0423764691598511,0.0624502752192576,0.0721060958733509,0.0653517176814024,0.0301942048144646,0.0755519103807182,0.0781010788593779,0.0820042725702083,0.155346193767336,0.136114564893555,0.0876618930734211,0.0816797238989284,0.0915080416350132
"Y320",0.124131523386892,0.0959693889578476,0.103549691544627,0.0945857072772798,0.0478793793371557,0.075997266461259,0.0809865094866296,0.0908068257516321,0.0754287763853172,0.0344672271234219,0.0712665027136946,0.068278135580448,0.0737123903217992,0.11924162235432,0.107757774179372,0.0598963582883913,0.0552772346211958,0.0695003942621678
"Y321",0.135285417262459,0.11179496148764,0.107005755383921,0.0930983313194319,0.0415412583228966,0.0554396908535307,0.0625861275963001,0.0683125708608001,0.0603731306177529,0.0278138190344543,0.0550605551262743,0.0643612728626536,0.0772735660265095,0.123574932604437,0.124398009408988,0.0854161625616649,0.0881894561744768,0.0970046166530373
"Y322",0.13453745614219,0.0999061131175986,0.103507049312955,0.0949220401382508,0.0433824082374861,0.0627393235793161,0.0740446424078756,0.0836948829627095,0.0686948177279865,0.0280762187771509,0.069892176186682,0.0685502553561831,0.0757263877610551,0.123950295899868,0.119084128764286,0.0715410395805624,0.0681648200691343,0.0831868846073281
"Y323",0.130127924050084,0.111946655925951,0.10709721656356,0.0988351924124398,0.0401736752429813,0.0590292273011481,0.065626695639277,0.0813206988764981,0.066941407986129,0.0330757028265923,0.0536671162753474,0.0649732252269134,0.0715557692175626,0.127973516674528,0.121817257350599,0.0819154622530982,0.0668419431237681,0.0854740814397368
"Y324",0.136557797742025,0.116420162845023,0.107600025667148,0.0997449069777136,0.0480544228583626,0.059476873416654,0.0761875849715748,0.0787459454479074,0.0664648908526431,0.0241909400786678,0.0492332395564199,0.0603039740482911,0.0663297479543016,0.119642340092939,0.11957579624105,0.0636108787446367,0.0682352699688672,0.0805823378461573
"Y325",0.132372802932461,0.10281001537961,0.0986827385093392,0.09170101766891,0.0262433015442119,0.0490587052223858,0.0644739775867148,0.0752373625553614,0.0635278452905969,0.0295088353583368,0.0664630021826851,0.0732945806543923,0.0785756632012203,0.143606284820434,0.131045729507404,0.0856761717758908,0.0745960391871498,0.0901244478556233
"Y326",0.13674060285066,0.104372399665432,0.102516904883543,0.0936342165217317,0.0290651252770155,0.0543689339943429,0.0668828521834241,0.0775251967242077,0.0643732120498376,0.029957475861234,0.0634001952456526,0.0730030656252273,0.0787099188838562,0.140500661384286,0.126928261116008,0.083854854417018,0.0739022133346225,0.0910880095838169
"Y327",0.131983925548282,0.101441237447488,0.0919978600962069,0.0870606098182135,0.0347823124453323,0.0512451911111515,0.073381546212714,0.0772096777870914,0.0640072849104201,0.0314050337748887,0.0660292845164724,0.0807758255629489,0.0826875524397822,0.133675946555819,0.128546046954739,0.0728020102866596,0.0723098418359395,0.0873102762268159
"Y328",0.126092014645865,0.100170509344789,0.104440864272102,0.0937800739905392,0.0414942138456457,0.0689940751073481,0.0796860351824197,0.0896435283492603,0.0717826279469244,0.0346006440465182,0.0660655513644878,0.0699602691169609,0.0776751401170966,0.1283079432168,0.115587844019232,0.0680292762994914,0.0598279347450268,0.0777095244020566
"Y329",0.132662898268511,0.104124034463743,0.0997876753946241,0.093410691192421,0.0324976871694098,0.0629328613379343,0.0709264000557884,0.0775812051156667,0.0698973932491669,0.031253446063951,0.067347154195166,0.0744608687550366,0.0795432166669616,0.137121468290652,0.12073695410801,0.0757615616101604,0.0733431846635488,0.0847280060886461
"Y330",0.137561816175505,0.111918888468221,0.11227229214119,0.106773787679874,0.0373467042113442,0.0764650580677004,0.0825405292064855,0.0901431242207243,0.0722206464642905,0.0260469185014078,0.0583904115730732,0.0644883686621453,0.0669348908980505,0.131119187118319,0.110340670560146,0.0619150504962576,0.0596852617210816,0.0799088660718293
"Y331",0.139391183198788,0.118484633906109,0.100783638152716,0.0977167684860943,0.0512198023518332,0.0656302856111674,0.0787247254593356,0.0868036120342304,0.0780327435025245,0.0219951385025056,0.0489396624119205,0.0664878491983039,0.0679807604475574,0.115336744409288,0.115818327309637,0.0650157301097358,0.0617958330813043,0.0725161783800715
"Y332",0.139375162146194,0.121213048696256,0.112130630721032,0.100670652720768,0.0529881064041601,0.0731700033482305,0.0757303371405951,0.0848350570757211,0.0704265181844361,0.0261543958790441,0.0497245516543275,0.061625353439784,0.07111893254072,0.118252618435587,0.111897532569327,0.0702958659308763,0.0683413652291888,0.0840136634611744
"Y333",0.132507664749244,0.108099475559894,0.102437782246313,0.0926444910243605,0.0391646800566204,0.0536788655333317,0.0719704399161499,0.0793674030012833,0.0650129578772417,0.0248897275846339,0.056013139418616,0.0666508925031376,0.0728564861709732,0.128539984224511,0.12417241462539,0.0705181320275672,0.0656037649693559,0.0825003469028778
"Y334",0.128548476932739,0.115509957509553,0.106115122297371,0.0960606334335748,0.0478180810186719,0.0678530740821095,0.0802673912417478,0.0843108619966538,0.0732064786576214,0.03268363700408,0.0539706564790764,0.0635943260914028,0.0729782597618439,0.120411581869328,0.116328128702561,0.0593980641723181,0.0703584452289878,0.0842221914112004
"Y335",0.145306567045039,0.134777301118855,0.124572926358215,0.110247486816883,0.0778314873110787,0.0978832669477051,0.0946967538563032,0.115292208839249,0.0981717991858548,0.0222867757502719,0.039764154115138,0.047302638930691,0.0571114462956498,0.0969449515031591,0.0952199732912009,0.0542081445357776,0.0450937451250242,0.0565318258794935
"Y336",0.130287228900131,0.111342282939119,0.104938278588671,0.0973719561845998,0.047422058298742,0.0680675672834988,0.073105194629052,0.079482533283566,0.0666036116057118,0.0328110033365452,0.0627687524171039,0.0671487629667853,0.0741660376147545,0.120063743344867,0.114370545304245,0.067502076695045,0.0665212280063149,0.0829438396924928
"Y337",0.129045273499309,0.119077414618391,0.109336947864274,0.100762082097436,0.0418251276252518,0.0681694713790954,0.0737079546668973,0.0844723923962337,0.0686562228994156,0.0310139827569044,0.0502058934222847,0.0609542569572111,0.0688462863908396,0.125415915115692,0.114805147248421,0.0719557603280493,0.0632541244258752,0.0812506033181032
"Y338",0.133867348486198,0.106916471971822,0.103214231118098,0.0947007393896482,0.0196632670041292,0.0495038144085206,0.0720149094318974,0.0806823638847693,0.0655181027387153,0.0277436891964232,0.0605910313329072,0.0729094798063708,0.0777476449903307,0.148765447262338,0.12950532752621,0.0765347458291728,0.071321941917818,0.0883127070694597
"Y339",0.131240211168062,0.117854504425907,0.110486749349325,0.101062234761274,0.0410111441140773,0.0673524953138732,0.0681779895466722,0.0788100145607959,0.069595934944789,0.0284767818431319,0.0478774064224101,0.0622555361726288,0.0673748481203839,0.125055269090594,0.11478779409066,0.0785048619766859,0.0692341814526831,0.0793294383565311
"Y340",0.128409472904787,0.0991961768789064,0.0964852017101852,0.0851168035747104,0.025260768676492,0.0485820957556614,0.0690964977432433,0.0781585516607387,0.06137101848156,0.036308730139956,0.0668846382835287,0.0746069535450803,0.0844220948330021,0.142443120156897,0.129570595509983,0.0787638037904135,0.0700721211802479,0.0906160496439962
"Y341",0.13892422161766,0.113408517534862,0.103457302713128,0.0941645019118055,0.0416155327482467,0.0634298218364641,0.0821991017162682,0.090713525696045,0.0840968444613553,0.0277136790863301,0.0515047942930726,0.067502164911469,0.0752869239723297,0.128011015607588,0.118985858434965,0.0639469885712237,0.0626189123037138,0.0716387041346791
"Y342",0.134388441813175,0.111120147707265,0.110299164359604,0.102217388537243,0.0545584610004804,0.0804923095046175,0.0779936832061769,0.0890675026465919,0.0704085138442202,0.0284187928355431,0.0590536579693484,0.063407654598909,0.0676179199732316,0.114432592165724,0.105753249272053,0.0633672071693753,0.0605004123415431,0.0809764835324701
"Y343",0.131787007617077,0.115539517501127,0.105759966587541,0.0955802241965246,0.0482720171181267,0.0722176006806332,0.0765611030195977,0.0890214025837153,0.0662428139934744,0.0257162977102943,0.0472381411073448,0.0612917341412852,0.0689362196875005,0.118038610105093,0.110938463843454,0.0603994978270494,0.0510290467239357,0.0776436952827751
"Y344",0.133082328547164,0.112727195296678,0.110363399656254,0.0981875172997051,0.029625419304432,0.059646011110392,0.0757515508795934,0.0850145537459328,0.0750984687997889,0.0276740124774846,0.0556936233977999,0.0649670967512644,0.0742866646830923,0.139682049815965,0.122373704250406,0.0715363544663489,0.0695961923229108,0.0798215045375853
"Y345",0.138883540431051,0.116249515379677,0.105189218321304,0.0935134736864198,0.0396238437225922,0.0631187476118307,0.0758735887732281,0.0852274167468542,0.0710715686649306,0.0241323851755845,0.0552766330743728,0.0687371531036096,0.078316524278842,0.129520935459382,0.120034217855069,0.0731814336816227,0.0700059706539527,0.0830541602002839
"Y346",0.145848202163154,0.12322017603326,0.1094151307905,0.102280696753967,0.0466951905069388,0.0821159647213945,0.0647141113832838,0.073707522743293,0.0714545437305635,0.0228636183031914,0.0516242207260794,0.0610295894745216,0.0663300418315326,0.124694994875212,0.109656352355934,0.0807766648439964,0.0795240352077615,0.0812517552097985
"Y347",0.135124626234218,0.107115644898867,0.0955541956754637,0.0970934577258841,0.0357561911888941,0.0657085718589521,0.051737600813406,0.0687490508522802,0.0675077494741649,0.0274630872015387,0.0586509134282393,0.0680161546658786,0.0669360748896448,0.132003034801715,0.117030915557981,0.087906910461721,0.0752754065208218,0.0800311737855031
"Y348",0.142215597054249,0.114657704141624,0.116945039201096,0.107413159918597,0.0476803870212564,0.0858624160051304,0.0637884810465963,0.0835285286698239,0.0775799608429204,0.0272533941253619,0.0559800306844617,0.0546197631399748,0.0601847702947925,0.120576758243517,0.106200807730199,0.0826353857792353,0.0671883713577245,0.0762542674553922
"Y349",0.137558713185975,0.0934586895947022,0.0893501626078366,0.0774654434312354,0.0134290323060843,0.0423701223089091,0.0423936682189585,0.0587998091028254,0.0492741031803994,0.0273374526848488,0.0688355058996881,0.0719888603164386,0.082271108961585,0.151071036121858,0.135025294859541,0.0981336864936637,0.083625214435931,0.0986966704758701
"Y351",0.129779427023161,0.123299584219184,0.115574270143148,0.107623367340608,0.0526699808852882,0.0986171396511682,0.062575604051841,0.0801826588765679,0.0727266071680079,0.0295506251402533,0.0490686687447197,0.055569356610002,0.062753029874442,0.121456973262362,0.100010438251722,0.0849410853749974,0.0712404895168316,0.0799818992618246
"Y352",0.139307475662132,0.115800732955736,0.116253393175559,0.105454878187111,0.0446210495537934,0.086651009233855,0.051008779354472,0.0627182358829783,0.0573445751837967,0.0245161528815711,0.0531457425735616,0.0542725384051773,0.0636337312572758,0.125961077697957,0.105310415073758,0.0916972001252096,0.0841895872120261,0.0952494510128761
"Y353",0.133651177702693,0.128198080940404,0.115931276984621,0.114650636645635,0.0800203141680036,0.122632389536255,0.0756795009273855,0.096174215506782,0.0806961619896645,0.0229406559010658,0.0456777928179842,0.054783781529254,0.055276282506981,0.0979888815062221,0.0828623718709806,0.0686079035068554,0.0558624300727422,0.070717619102683
"Y354",0.133554138183322,0.142900406469146,0.111371128419063,0.0964885575728429,0.0838184703252183,0.123460377529555,0.0681136890510147,0.0913452922163063,0.075409635548746,0.0243290616949036,0.0341485871020029,0.0513736206216316,0.0617247968441328,0.0985700409216434,0.0793158687422626,0.0721365063570499,0.0540972585382539,0.0709036510716914
"Y355",0.14056050353572,0.111613946977795,0.112748954770062,0.107081014203764,0.0434733159000107,0.0931117684466556,0.0688289877240938,0.0800744124164189,0.0837769296791505,0.0224839802796622,0.0560317602055566,0.0552542356746948,0.0613618134404278,0.125472442875082,0.101364440539367,0.0810029619673012,0.0726939189984596,0.0716022958251238
"Y356",0.149880837498215,0.131469556911895,0.122597189714258,0.11360520825814,0.0642105576415618,0.105085288903139,0.074800050435548,0.0960905435609457,0.0824836000005468,0.024809315908042,0.0452617220557558,0.0528030549121368,0.059813000741197,0.112472341978453,0.0959830386452031,0.0726000100048626,0.0551815066182896,0.0707734510113533
"Y357",0.15964986392731,0.130016591723895,0.135529420043855,0.113109730636753,0.0736907653615101,0.110257495743126,0.0759907649633725,0.085047271760856,0.0849386556866193,0.0227885402309066,0.043601965561383,0.0464692112447981,0.0610060357476128,0.107999494363434,0.0950121483206759,0.0748326571559703,0.0700555569144571,0.0735268105689868
"Y359",0.164866481456618,0.126890299964549,0.105499468081245,0.0957257078799564,0.0649490728587525,0.106225075566493,0.0654861229037833,0.0766046447021199,0.0707954803354992,0.0216650695456033,0.040793487184456,0.054213816195223,0.0622979592866754,0.107109153854202,0.0873853301999691,0.0735495432942739,0.0702918138052262,0.0782578596923627
"Y360",0.142167007314798,0.126349943672069,0.121381766909356,0.118629237146128,0.07180576114804,0.112059464917772,0.0795393558655326,0.0936647475456953,0.0809344342238493,0.0245663583455425,0.0506126143224735,0.0531519407503477,0.0555861842466695,0.103306389771793,0.0908172043809466,0.0717663112200135,0.0618935617999984,0.0751357614079303
"Y361",0.131920007096872,0.112489473366832,0.105515894577564,0.0974527029422244,0.0355460692898093,0.0718889670668367,0.0518326089953036,0.0674682560761387,0.0670186572097636,0.0288265345949125,0.0568885654742477,0.0616115651901383,0.0671745575335821,0.13095305429823,0.113950559054725,0.0909402707466505,0.0798951231675247,0.0850357013269066
"Y362",0.146426074118566,0.125919687093125,0.118121706444157,0.105979513668329,0.0701850797014895,0.114642732706189,0.0690525450621548,0.0817289549162656,0.0701676708582314,0.0241823527990959,0.0473096729578385,0.052077289384224,0.0597019059121459,0.101712790619513,0.0856656675204158,0.0723973729683487,0.0636014915811328,0.077030279132274
"Y363",0.141963144404719,0.121490611553031,0.121228158492751,0.102967861987862,0.0675919286777929,0.0902130904775489,0.0583067173025486,0.0688380227159753,0.062984933738062,0.0270241770548567,0.047449188786938,0.0494430552370697,0.0627495161794387,0.105342934040829,0.10123776836077,0.0817051229754835,0.0742065501114597,0.0849926854600963
"Y364",0.149863513549786,0.119061798056164,0.111978161928987,0.101325706897802,0.0458993810513873,0.0875209766298905,0.0555873163573695,0.0653045260538469,0.0566984883840994,0.0215046780108766,0.0522577376882528,0.0567959425263809,0.0637928137826327,0.120336864689899,0.101366491790437,0.0819315896508405,0.0777270619877122,0.0917880711549856
"Y365",0.125707591316786,0.106181010689171,0.111102675795325,0.0978500155922478,0.0426576573230499,0.0936347843217004,0.05704437217824,0.0728784096531075,0.0728696505313824,0.0293773146698028,0.0572231764795927,0.0570950460620037,0.0648729560910069,0.125436961027015,0.0973479664608916,0.0798799281777424,0.0647145791300716,0.0681823687541544
"Y366",0.150369662218934,0.125726933812348,0.119604237936823,0.10967944488784,0.0635042056487674,0.102569371422974,0.0741584273018694,0.087769086755088,0.081102743412665,0.0223914131091758,0.0442407827053702,0.0494752918767605,0.0592390643784105,0.113480009750306,0.095431684406512,0.0758361206552976,0.0665759130099406,0.0735977448812752
"Y367",0.169619967343646,0.14462382571052,0.130046058372896,0.121083556686272,0.102356198409348,0.139290437332342,0.0956020380872199,0.115510682803776,0.100318556402408,0.0221564262674459,0.0388358248575112,0.048359258663302,0.0508534436209993,0.0874330130106936,0.0724639690061176,0.0540068812123785,0.0395086583931836,0.0449119094266162
"Y368",0.151198556159731,0.124230845380886,0.120351690814693,0.112617977220143,0.0541688152693392,0.0940386693533764,0.0639264692155054,0.0780168347454516,0.0757167696645462,0.0222035356740352,0.0509269891216436,0.0561971269834102,0.0612307962038891,0.116630206607921,0.100822596876582,0.0844319284817155,0.0751356195179397,0.0803436736045176
"Y369",0.148619287713389,0.135858145043504,0.132217162587196,0.114031831883849,0.0848992477510674,0.113316139186484,0.0774164812329273,0.0818209708092858,0.0733926986012683,0.0243838526149979,0.040170533278921,0.044397243510596,0.0518275974897076,0.0933083094298414,0.0864435403391341,0.0713290741218869,0.0676260721255841,0.0764791899969832
"Y370",0.13621211867913,0.110884658525749,0.0994064811604628,0.09595994405284,0.0290900456767925,0.0757055460523325,0.045741256684267,0.0550429307768358,0.0588499337498499,0.0262195386009774,0.0567250958033034,0.0672391555856737,0.0714757450529161,0.138444781131942,0.11213943967358,0.0977390736175021,0.0920667340105475,0.0898673358702222
"Y371",0.153125552892489,0.117207197051371,0.117512898248769,0.110848729687748,0.0666995594383949,0.106697480584337,0.0599427187682281,0.0723223968509895,0.0681590575312408,0.0216660393418882,0.0537718192272693,0.0567675870678014,0.0622415943362606,0.10947198923806,0.0941543693946653,0.0863069656283757,0.0781245172127331,0.0829410021183156
"Y372",0.132328655308019,0.106960811811058,0.105217996660456,0.0961498614871215,0.0393016955287852,0.076846912021249,0.0542654249948403,0.0721480137077525,0.0739278325014415,0.0271788902438038,0.059244751886187,0.0631173025520047,0.0684483910445574,0.130187850928873,0.113251685164414,0.0926997269859307,0.0776695330845615,0.0789847903660015
"Y373",0.133484933905176,0.109353626657128,0.111176634337758,0.107818020544813,0.0681448715590791,0.105422448898447,0.06266663623143,0.0767693458577552,0.0689172691107531,0.0247964746743191,0.0515086544781792,0.055188525776478,0.0596284030542439,0.107875848327819,0.0925002030892667,0.0712618436287909,0.0665339024506739,0.0798582467722313
"Y374",0.139867634662714,0.128556900153696,0.108778569601768,0.106764363270715,0.0717837234875685,0.100237695663008,0.0536419072269191,0.0749025976340596,0.0646021474646064,0.0246340751021789,0.0435033882080724,0.0550714480719375,0.0560924225702731,0.0999303720115849,0.09110913313825,0.080605753579117,0.0645483680326414,0.0785118327869664
"Y375",0.144438479028068,0.118358339871416,0.113118493690219,0.105268504846147,0.0481129920987522,0.0878733165754041,0.0649613791853515,0.0734691232060504,0.0665919750532904,0.0223969468147346,0.0509562866423837,0.0572594112726094,0.0622060011082131,0.120964026740072,0.104379170530646,0.0790329033863322,0.0719564982356558,0.0805277932407761
"Y376",0.135473994570275,0.110667729897752,0.108341699274822,0.0996662140522819,0.041572683528502,0.0820198491796691,0.0504396903680656,0.0718278285838742,0.0561717421756219,0.0243041019825923,0.0566956856942003,0.0599631089001166,0.0661059356817762,0.125638983374188,0.106771216514464,0.0929601898025369,0.0729324993883503,0.0922595274870585
"Y377",0.153894233215893,0.121876812166835,0.117545876811684,0.108858059797456,0.064737660626167,0.0996601155074754,0.0646192779918179,0.0764072380721934,0.0727399931628067,0.023223847899461,0.0517302177590382,0.0549902075464965,0.0601708039166246,0.111418075799363,0.0975248054310242,0.0793780667657466,0.0732826608986753,0.0788700381273097
"Y378",0.140178788214511,0.123372581628436,0.114148840702815,0.110228041418935,0.0733028459210776,0.117374992242931,0.065748643446656,0.0941049526910394,0.0798871147738391,0.0244236144066219,0.0437613710685523,0.0508923028105216,0.0555610236944593,0.102099059175913,0.0805390443678557,0.0747069583263909,0.0545150554146976,0.0670409567828558
"Y379",0.129774318657466,0.111985757182149,0.109850727805699,0.104847000005792,0.0418294551577718,0.0865274041046017,0.0599387443159545,0.0704350671430843,0.0604856390162564,0.0290915541499769,0.0587861215716158,0.0622749219098206,0.064595686567266,0.125592077477069,0.105457878876171,0.0890980228974596,0.0774371025913565,0.0900146884756478
"Y380",0.133524552929705,0.109584008895576,0.102990918918781,0.0941932631278301,0.0320738605577931,0.0726850959113303,0.0472591694146044,0.0650355879106297,0.0693971375427328,0.0270566553585643,0.0576690330262437,0.0633677930776696,0.0707738582032924,0.136413725675337,0.114858544687788,0.0980871014962883,0.0834879838195695,0.0807751810037318
"Y381",0.130799402026512,0.11296013773643,0.104154408883374,0.0963394621653422,0.0308725479172796,0.074028618364527,0.055901860858506,0.0759402505835323,0.0694343567104053,0.0271896418917984,0.0554824937286894,0.0636826379616438,0.069721660411629,0.136707236470277,0.113303008659142,0.0899027827504258,0.0726712092028676,0.0794535225371992
"Y382",0.149498145894317,0.120735391231404,0.116209911083405,0.108080035658371,0.0417488878511584,0.085415609286465,0.0565312223428799,0.0738452867469618,0.0892566602560408,0.0233802655946521,0.0543765051984374,0.060303854793731,0.0654895064501984,0.131389426112242,0.109041870283312,0.0906087163914743,0.0804632874785271,0.0683673593908653
"Y383",0.150460246308916,0.129920898690717,0.117665650322176,0.107921444746162,0.0530142630039719,0.0934377312401694,0.0609395596739246,0.0777211962237839,0.0788878288739591,0.0246136077826409,0.0473412455004724,0.0579161468608077,0.06366693576645,0.122886020773718,0.105120987306258,0.0891322510140914,0.077076935325763,0.0786357984874645
"Y384",0.138526067320092,0.115604174168663,0.102455332859696,0.0962770165037905,0.0443325750876902,0.076691561068693,0.0522719670951232,0.0656382754481754,0.0554078745942294,0.0265249212061502,0.05226170969224,0.0623273781813872,0.0671227065437731,0.123373493602064,0.109870924148001,0.0814001836879999,0.074046291481084,0.0914231309099821
"Y385",0.150130439741112,0.123631325278172,0.120774555483369,0.113552100826364,0.0781334572230879,0.105180112052215,0.0739057726770965,0.0772481328794098,0.0766876941687787,0.0264009625963848,0.0521693299848324,0.053981665279494,0.0578803785887804,0.0962889955614712,0.0920908697271537,0.0686979769922683,0.074247812361072,0.0755210786474143
"Y386",0.143963056239291,0.112631324840113,0.104249002154166,0.0986936239621721,0.0285759294950935,0.0652966506583106,0.0488759395286226,0.0665432229975296,0.0647872847325276,0.0269758510527102,0.0623069349213073,0.0691870093063513,0.0726541636324111,0.140843550739478,0.122339912200342,0.101609162094032,0.0892004144148851,0.0931656026121389
"Y387",0.131414426306399,0.112902819172956,0.11549532481559,0.107449571679366,0.0451746355560302,0.083318996937347,0.0600299950174129,0.066428620316784,0.0549532384158815,0.0279312099502501,0.0558168780721827,0.0581545504142347,0.0639190259233225,0.123834638753526,0.107019572591421,0.0851766505338494,0.0810288255432722,0.093674649366764
"Y388",0.137163485032085,0.110359115790755,0.0992506075783152,0.0926022823913758,0.0356424101740972,0.0729498074364422,0.0556202392200024,0.0714940499266965,0.0677370985623018,0.0271764957475867,0.0595382630112604,0.0667070068800925,0.0719007298228623,0.133334515838773,0.115268958371421,0.0929521801891535,0.0793991317869392,0.0857307324805571
"Y389",0.130552876315614,0.116656686232049,0.118501888640147,0.110512943861751,0.0594789798285862,0.0915018361263983,0.0626710412906058,0.0706412159964488,0.0647032645488453,0.0286716121767225,0.0569084059543867,0.0555526728673283,0.0599074064662826,0.112078410262846,0.102385343414756,0.0865371389179203,0.079818513324637,0.0875570438204321
"Y390",0.130849427593284,0.100909180015896,0.0939156228876568,0.0869841700570068,0.032086476751983,0.0625647606646421,0.0334567421071816,0.0557094461961239,0.0534703286207903,0.0271192553484889,0.0639814100963283,0.0686477311747041,0.0744675740596647,0.133093131871511,0.118756766641491,0.103548019011141,0.0872328274792744,0.0942221206423431
"Y391",0.137114713811977,0.111989755079851,0.123118327474074,0.113399044772799,0.063688187461862,0.109634101594934,0.0599435124311263,0.0870359352259871,0.0976476622492907,0.0261015605588841,0.056898048548393,0.0538956094578518,0.0615534910263699,0.114532969142281,0.0967991584258593,0.0882565105925847,0.0735660476344938,0.0681073482325863
"Y392",0.131104898228863,0.109537983452235,0.109741454262884,0.100266434882371,0.0563211285167353,0.0907185577746554,0.0687770128725738,0.0847483166762752,0.0803991536156312,0.028099716493632,0.0594958808073858,0.0610773605140474,0.0665306969973524,0.113347841257559,0.102660105298864,0.0779537021506026,0.0665501641253082,0.0679587852130961
"Y393",0.146254442754812,0.126789615626674,0.120389102659347,0.110703386322945,0.0659697081627484,0.0989889796190496,0.0620811682898278,0.0888855746656452,0.0893274405521892,0.0269000491258617,0.0502307102439196,0.054719332170289,0.063246985893024,0.112185025896067,0.101629946106191,0.0864797089632374,0.0737478975126398,0.0747889271338401
"Y394",0.129171410456743,0.117405959851579,0.114272295686339,0.109046899067973,0.056621980641734,0.0964171127690727,0.0523203702997498,0.0751343348507667,0.0763027646654237,0.026789259937563,0.052656922052153,0.0585436344234716,0.0602724897584904,0.115913646966618,0.0997573914834665,0.0925042187370968,0.0749801000202309,0.0758786765845555
"Y395",0.141736188130004,0.112513615313643,0.104682309800344,0.103138301828175,0.0561357402139441,0.0930022486675184,0.0627763119657599,0.0742310676903871,0.0684536930756671,0.0270468757408268,0.0545116414413843,0.0618996236033905,0.0650805143877656,0.117778604438983,0.102061558804876,0.0867202638431175,0.0774985778204426,0.0830767025414653
"Y396",0.143597921792484,0.127397488344293,0.117390863456656,0.103046856091781,0.0546355166608152,0.0919916062524156,0.0556102427309593,0.0756339961971523,0.0679573912978024,0.0226093780136854,0.044231672187014,0.0553053576373353,0.0650477608642832,0.116945963457557,0.103245333248151,0.0873421015055893,0.0741851612623497,0.0842354455549323
"Y397",0.153264545788329,0.115050859780486,0.108366353400438,0.100500072932209,0.0464897228906391,0.0772931119809975,0.0547307304044056,0.0676131792154695,0.0642579788043749,0.0235530587583234,0.055936522692301,0.0614304453490243,0.0677282641864161,0.124814659385291,0.111588960904928,0.0935786339895645,0.0848636019894702,0.0896625700885092
"Y398",0.143757251206936,0.115380646021534,0.111092398272401,0.0984261373351098,0.0358627097780205,0.0709427731507278,0.0552263302860923,0.0643110198366497,0.0715146957524395,0.0238177499523847,0.0529764578557385,0.0611262752991562,0.0693006585039265,0.132919674535897,0.116389018724402,0.089662889059923,0.0841210655776505,0.082320044582065
"Y400",0.14018281731923,0.111262602800987,0.112299817627323,0.105245268161143,0.0483901718634651,0.0794946629475825,0.0523915740720206,0.0617465421103056,0.054877168703789,0.0255737822414063,0.0567759000767961,0.059826938454415,0.0648664148500455,0.122459312840783,0.109191375475653,0.0931145709725919,0.0854464065624153,0.0940910934763986
"Y401",0.122826764731095,0.0944496034278507,0.0884506498463075,0.0842021478087457,0.039360108738807,0.0799044843979824,0.0460068757094702,0.0585435706252825,0.0481608999025944,0.0302339830381739,0.062917822651532,0.0693390726591622,0.0722423608965757,0.124067997026194,0.10482124273508,0.0893877840856119,0.0788080075133536,0.0937335064497581
"Y402",0.14559130021206,0.122128822251765,0.106388459688468,0.102735795898694,0.0571527808835306,0.0933753929899738,0.0628202044614726,0.0771027512617972,0.072546378421391,0.0249465612846764,0.0516924354279516,0.0617429113998982,0.06519365210486,0.115445019506879,0.102273113918391,0.0813447315952043,0.0751817537354774,0.0812421275082944
"Y403",0.137175271951111,0.109124248608447,0.104602570304563,0.0947485900319108,0.0429040160373381,0.0744335113632479,0.0631285229423186,0.0774173366524397,0.0780605037284919,0.0264227592313823,0.0568976448390933,0.0641671846371868,0.0729833060998381,0.124286864838283,0.112542328028893,0.0832259234168872,0.0727825514278739,0.0782458948518664
"Y404",0.139303216502345,0.111984702319611,0.10111990588558,0.0898298440871664,0.0344187493243571,0.0740580176193895,0.0556552909792171,0.0657070880879659,0.0537040455832263,0.026892699588931,0.0568814615457161,0.0633197229121769,0.07135126297947,0.132452442244941,0.113859202274142,0.0913753406756847,0.0822211406146072,0.0964464484791227
"Y405",0.127493714768788,0.101191050241535,0.101943647573375,0.0884550232702692,0.0506089639639769,0.0709196018247405,0.0412062065472439,0.0536144042026043,0.0428443492858486,0.0275404144533508,0.0592842469108198,0.0580020510987835,0.0696510961739639,0.115251914733615,0.111304964727855,0.0905383024586485,0.0877288169252863,0.102737145388602
"Y406",0.134299781445055,0.108102644354734,0.0989761990195404,0.0906558413317184,0.0283721975336154,0.0693185434016434,0.0479076802347402,0.0706936155811481,0.0738695921429583,0.0275534768367644,0.0603081269329987,0.0681409393953821,0.0751011211954957,0.138313504919926,0.117516058249489,0.0994824883881863,0.0796240596883885,0.0770194074356703
"Y407",0.135549421020853,0.101771245825637,0.101672200495328,0.0924648881380067,0.0296035222963677,0.0668634825583243,0.0432050649082436,0.0521802418553406,0.0563280902093194,0.0267264959675394,0.0614136570663231,0.063738169730303,0.0724014015145945,0.13779659592383,0.118590574136003,0.0994914972684538,0.0967556873380209,0.0977200280710642
"Y408",0.146043082254795,0.138781700077322,0.127118558562718,0.119875100990371,0.077848624849712,0.128590480029285,0.0726335301072683,0.0921591269895745,0.0783794698211174,0.0222815180089241,0.0405621285789897,0.0486646263214408,0.0531578432691081,0.104289260227516,0.0819526818384109,0.0734578601659075,0.0647342116766515,0.0807351642100218
"Y409",0.152428169415469,0.110915873908537,0.104997131529022,0.102714113451897,0.0474750136341257,0.0854164483502891,0.0538147112215456,0.0730463705491771,0.0670242208968206,0.0224395491927797,0.0566540993195347,0.0623546475451059,0.065334366977554,0.122782687951164,0.10580666269956,0.0910611939128264,0.0762293620342774,0.0852704126463707
"Y410",0.134575616403676,0.107173153574589,0.100642124692208,0.0976912513491773,0.0371952829856812,0.0664219481161929,0.0507252641809979,0.0635497569757179,0.0563494665649556,0.0282358427137006,0.0598994421401331,0.0688301490586447,0.0713358854903218,0.132465992865289,0.120379648562216,0.0989946325637229,0.087642625488786,0.0975430750091409
"Y411",0.149625235095835,0.123587712621814,0.108914859885516,0.103160853488014,0.0454484564245403,0.0832569539507956,0.0552241434352823,0.0697917893277048,0.0638437201566505,0.0230043147922785,0.0511200202402185,0.0609149222946759,0.0646280356514214,0.123498864241533,0.10674774462168,0.0879560378897454,0.0792025432253986,0.0850138982168976
"Y412",0.129838294433774,0.122097779042136,0.112380267561352,0.101304422444597,0.0458964829788994,0.0870082846132059,0.055770179669137,0.0763176756892495,0.0749487032392514,0.0303188188435265,0.0501758773148122,0.0560622042221176,0.0638674112503201,0.123447806528041,0.104437008626227,0.0878541152347036,0.0714224826115133,0.0722755152129018
"Y414",0.134312842207224,0.107654110985411,0.104691248810329,0.0922395309146457,0.0435482764891354,0.0657559851547348,0.0508902000760798,0.0701305015638379,0.0761444573892452,0.0253420750563607,0.0523561657779131,0.0584669307166966,0.0692073032654564,0.123246618475857,0.116883382185899,0.0862332493167598,0.0756159642656379,0.0736869385123868
"Y415",0.132250547909847,0.127804995047522,0.102285890631516,0.105408116579586,0.0606438770296664,0.10299279595154,0.0655714933925481,0.0797698100277301,0.0755600257711754,0.0278492439783564,0.0431751554474475,0.0594487251334244,0.0578241941266025,0.11452414463226,0.0933603757454329,0.0755833720149632,0.0661285395390424,0.0746949775254638
"Y416",0.140044626595616,0.112431366255675,0.106480600821932,0.102087632773776,0.0522355424487722,0.0987569305470569,0.0660619680554093,0.0884072398004079,0.0777262040742527,0.0258069847630857,0.0560291778823684,0.0577336950712067,0.0625222668441668,0.118185545678066,0.0972400536715091,0.0730656681298315,0.0542178551609101,0.0700701570770292
"Y417",NA,0.12888481601289,0.126654920828004,0.118909900148494,0.0831645203624081,0.12109363691905,0.063314997294298,0.0806731600499841,0.0651362512155631,NA,0.0458959325145376,0.0475300282569836,0.0523784584293822,0.0944687445331076,0.0798731440295721,0.0703364633771676,0.0580983802235684,0.0807745830788636
"Y419",0.140288013067729,0.118402397637786,0.113408711487549,0.104253580417216,0.0643236345240503,0.0947007269590786,0.052082082593535,0.0686804378544555,0.0576334407137418,0.0246506978694441,0.0525793629321183,0.0554954069883894,0.0626705649035892,0.109187631417529,0.0991092318344245,0.0917442731929939,0.0822563640350474,0.0973443139830773
"Y420",0.14849186595649,0.124354126963843,0.115205248077283,0.108674245720191,0.0624848728348966,0.102712743103023,0.0667671480937739,0.0858405919044967,0.0810940286552467,0.0252552667545246,0.0460953689327703,0.0547400047546287,0.0610618807703188,0.113335572273224,0.0973289437444324,0.0858145716801242,0.070521180434589,0.0761371183781986
"Y421",0.138344880199517,0.110639628344634,0.101146111598452,0.0966524263743673,0.0331392256699205,0.074511875108593,0.0512984813537176,0.0715930147163384,0.0603685271172706,0.0227644929329542,0.0564296926063293,0.0658743584822205,0.069137718073768,0.133281066614936,0.112877913136085,0.088761067006703,0.077296830873982,0.0913613484253268
"Y423",0.129211809327002,0.107198081363245,0.108568313742969,0.0988091462677794,0.0336095830473686,0.103827382599901,0.0766616063397499,0.0880846699487433,0.0820037513084693,0.0308583227555371,0.0621721665623766,0.0641481160593819,0.070047998362644,0.135928021769112,0.0980753021873968,0.0766724029264221,0.0636328606385783,0.0736715637569052
"Y424",0.145648310393647,0.125947201418433,0.11884393168602,0.108419832280406,0.0647429471919077,0.113053175376821,0.070753484476875,0.0857420698205689,0.0739877413289022,0.0251754022811213,0.0475283021214435,0.0518090210868057,0.0577770783075219,0.109483826378125,0.0905872830728822,0.0811576256715467,0.0684188902136888,0.0797294968620873
"Y425",0.116223907155879,0.0975654649335308,0.101785905466698,0.0958501353486303,0.0434177329011093,0.0779260089567775,0.0534802186399763,0.0606157615561179,0.0505495154455939,0.0318694893551262,0.0643525302630151,0.0624851250215527,0.0656534845874664,0.118607199518536,0.105145782576369,0.0840389518445232,0.0758054893713547,0.0934264199092547
"Y426",0.142881653922008,0.124509302625661,0.12252097526904,0.112859887516137,0.0653689469668714,0.108408841100662,0.0653690163772568,0.0799737684429535,0.0709908710020564,0.0250194327301734,0.0501101571493817,0.0511821156539215,0.0555441520234072,0.106185246973398,0.091998581461942,0.0786232192669522,0.0691188901005772,0.0794591853799353
"Y427",0.139738483474229,0.110201185556492,0.0957291170361851,0.0898916349430171,0.0287723368254117,0.0666723361668299,0.0419744889933702,0.0566881415656208,0.0612952941313682,0.0260517377874167,0.0581038957840174,0.0694900201904192,0.0751295876923088,0.138435355556936,0.118835200685386,0.101980016430181,0.091212200256127,0.0899202109642181
"Y428",0.144628690253156,0.103552891422482,0.0907933771682188,0.0842129502664559,0.0305001607920968,0.0606635118167092,0.0497895495274421,0.0720196301605983,0.0593628417644159,0.0245286423486078,0.0591169101615102,0.0695545923603943,0.0756508250601872,0.134913776617959,0.120629190103754,0.08286803276429,0.0649065240059447,0.0830916829880363
"Y429",0.134740269992667,0.116852626017251,0.11102164678561,0.103499441195346,0.0615215264061503,0.0977045511715142,0.0549161461591615,0.0665091260652157,0.0593244048207576,0.0240264946860746,0.0540590205077906,0.0550576925018009,0.0629000528052842,0.11066509353403,0.0973910842481337,0.0825878691093381,0.0728016961173766,0.0884609854406437
"Y430",0.140958439470767,0.117912125317308,0.113467993210117,0.101569351063708,0.0603766055102173,0.0987805374596911,0.0602295928949327,0.0712828023104448,0.0636366542176377,0.0244448520941885,0.0511041858973251,0.0536226264891325,0.0634845105864739,0.112206496038043,0.0959519611643584,0.0786045653205163,0.0721206766438482,0.0824355352070323
"Y431",0.130952349907517,0.106483261051947,0.0955296023669372,0.0922290305807703,0.0312933976145984,0.0678951185850058,0.0481783901598845,0.0625307380056757,0.0555894264037597,0.0268667697770684,0.0594845842999696,0.069765703712486,0.0717478489284237,0.136191736534476,0.116470375092296,0.093186845967976,0.0838493542101534,0.096493179110642
"Y432",0.143564416541012,0.119957170865797,0.102436417264114,0.102331759861857,0.0528336326688199,0.0766256520609975,0.0575050470896083,0.0721996634564364,0.066974317223279,0.0240830286470856,0.0538291414526921,0.0635898171643567,0.0637969122551481,0.117050277522142,0.109466881170183,0.0829208159152896,0.0750585561340906,0.085343815523743
"Y434",0.146958648741692,0.109544706803574,0.101366908459253,0.0970473501016702,0.0559001984145298,0.0907812449979845,0.0587947444005448,0.076502269401495,0.0671440656458649,0.0249457197946439,0.0567581093450607,0.0632614620589536,0.0691483492900516,0.118478820024045,0.104571805783641,0.0885127559559047,0.0756415855393564,0.0865237241456327
"Y435",0.132374127175188,0.107217643046633,0.102514586829277,0.100471284933532,0.044446393184856,0.082091120220933,0.0506136892508908,0.0828655807139572,0.0777705172758774,0.0278796059062684,0.0615040202089515,0.0664405973914896,0.0675280577027398,0.127093563268567,0.109315870474465,0.0945917386254874,0.069065150865827,0.0735733413656238
"Y436",0.132973940543934,0.112688293363218,0.101428738351114,0.0979867240096561,0.0277029557255417,0.0670930561114926,0.0583056945705688,0.0796717538145884,0.0820486238678614,0.0238048291993848,0.0566654683054835,0.0659272724849155,0.068152523266652,0.138288911736855,0.11622139262461,0.0891080446121822,0.0685111712979995,0.0696758596050723
"Y437",0.142447271850401,0.110573969687553,0.104869130177381,0.10049120724398,0.0447784288643116,0.0850340601982255,0.0632377174949365,0.0812920565530663,0.0724506403646828,0.0238378839442351,0.0585557590750096,0.0629795703643542,0.067156885570709,0.126487957227995,0.106931332537603,0.0807817012003467,0.0664274279912153,0.0790104199670946
"Y438",0.141074421537962,0.1216804434543,0.116066155177386,0.103099710413662,0.0589617842432577,0.0868529134726413,0.0531390877884916,0.0680636386046137,0.0578957697206033,0.0245098149859978,0.0505525290394417,0.055087044647679,0.0647350778415659,0.111489597315785,0.103384855951919,0.0849627143556266,0.0742944667073606,0.0906244616482161
"Y439",0.128402190209544,0.109746838933574,0.110753378856015,0.0918593199856731,0.0391817950023879,0.0641644686134799,0.0489870030026124,0.0638137735655486,0.053250081689922,0.0311617069823706,0.0577133674197025,0.0577167881875013,0.0714042996676477,0.127323941423301,0.119117594670116,0.0895001358393085,0.0828350787047168,0.0977983584158357
"Y440",0.149655257272645,0.131438198045227,0.117137373121889,0.110365382809725,0.0719114924728194,0.106836456977784,0.0607751172784007,0.0731772629482812,0.0632760630780949,0.0220433238697462,0.0424354469198259,0.0546784140682259,0.0575333262989585,0.103931883955216,0.0917494286464755,0.0819610993403579,0.0776769979012012,0.0878112521122509
"Y441",0.131937755746059,0.124823099698986,0.114640377231799,0.102618911174981,0.0522735821424052,0.0826671156539079,0.0523846044102437,0.0648422601166228,0.0603718121447646,0.0277903004163469,0.0497442311067748,0.0583487726298309,0.0662481035325389,0.121559865941883,0.110120597985269,0.0901497638097157,0.0846567868828744,0.092050880007577
"Y442",0.148591157136674,0.119304295267581,0.11453573557726,0.103938184244756,0.0559140558581065,0.081693153139789,0.0613747845022088,0.0678353731760252,0.062181134497391,0.0253728689259119,0.0513299353085709,0.0560432488146546,0.0631012001856171,0.114913178543528,0.107005818487072,0.0839392979237459,0.0813630261329355,0.0883119891213306
"Y443",0.133221028585981,0.11063425224789,0.111966468374218,0.102663208454528,0.051668034934846,0.0836214345999616,0.0599561167945753,0.0797514195425696,0.0693002062587531,0.0292651216701909,0.0608209520441965,0.0605906708945613,0.0673738887961218,0.119782458155786,0.109001396894335,0.0882755033440789,0.0726695690854007,0.0842921924526996
"Y444",0.155311056900753,0.130823378452761,0.127067932251764,0.112744973264477,0.0698646680333913,0.103538957531268,0.052934000009295,0.0712075480199409,0.072867884018479,0.022028191460722,0.0456075460746441,0.0482935746037373,0.0574449012777565,0.106771431268749,0.0940192409627714,0.08824203663331,0.0779650098935421,0.0807612152734921
"Y445",0.132628801732501,0.115808836514178,0.105030806081109,0.103691431115128,0.0585833758964553,0.0943924799218558,0.0511684751836265,0.0698540182387616,0.0653407372875755,0.0252424350240001,0.0525637354834992,0.0576851617918292,0.0594800452291199,0.109732496455744,0.097368377074345,0.0859759414987946,0.0761739748614056,0.0843974454227649
"Y446",0.132874149960638,0.113370704550931,0.102409626661331,0.0982787301995512,0.0343556461461533,0.0691128954483839,0.0448014059474789,0.0570708745895026,0.0579508138631494,0.0279827526753369,0.0518674235133895,0.0638229974678876,0.067244577230118,0.132178379870931,0.11669591737698,0.0948165710223565,0.0912991039765287,0.0955487422248798
"Y449",0.127201362177304,0.138021241459873,0.142478523094402,0.122701041857815,0.108055631443015,0.150528514340926,0.08238000561259,0.0974925977202707,0.0868513414175456,0.0252421040585984,0.0399601168687334,0.044441651220527,0.0530649547574678,0.0838809964965058,0.0697362617176466,0.0650290281632779,0.0563172168049854,0.0681955272762082
"Y450",0.139178850039472,0.111721614483716,0.0985650017213153,0.0923298815665022,0.0391378493024509,0.0819395985912943,0.0550918200836409,0.0701848080586299,0.0588778054602963,0.0259862223700322,0.0572045823606128,0.065946466326749,0.0705276558188964,0.128554640868273,0.10830818924553,0.0930513417231921,0.0794082541624378,0.0912659618412257
"Y451",0.148148914128663,0.140204130342101,0.119482590503208,0.113489912807695,0.0735517606148248,0.119020920127123,0.0702594103465694,0.0907446680559034,0.0802259288336694,0.0257385955822308,0.0414723242962089,0.052341976540751,0.0560214521235257,0.103542462588087,0.086340581924498,0.0758463992042146,0.0617319904311996,0.0719927244401111
"Y452",0.143613132483866,0.124572405770635,0.128062063636879,0.112429587290883,0.0728176686620508,0.104014220339695,0.0679221972104679,0.0876621327246163,0.078738894820009,0.0246431912388458,0.0481070965459514,0.0501587706013674,0.0589987496109345,0.1034979280221,0.0932611146190252,0.078565568924584,0.0635035294904969,0.0736947700625512
"Y453",0.132541851749836,0.105537563911394,0.103607977097571,0.0942628969364581,0.0295011598009059,0.0643020286589802,0.0462791859500906,0.0588693222834885,0.0613842627656977,0.0269361529541448,0.0613300925322913,0.0650937642681169,0.0718070718542433,0.135681308836377,0.119106586697151,0.0989366471628867,0.0888840057707301,0.0903189179174627
"Y454",0.144783405081332,0.122521679680402,0.118200267120722,0.103643326496621,0.0456108822692446,0.097923838869373,0.0635388315282124,0.0793034394077956,0.0734408364463916,0.0235145111371323,0.050845661393785,0.0555571463753924,0.0661061830185055,0.126437865510618,0.0998509075805458,0.0819590092559916,0.0693326464852565,0.0779579600609968
"Y455",0.129561203497864,0.103551098269906,0.102875933868355,0.0977928176554206,0.0308006583663031,0.0633542153795575,0.0496568792785106,0.0625004849080066,0.0575931389385367,0.0283556476052865,0.0635780201395021,0.0674994284893664,0.0715896689896896,0.139525252521938,0.121856059284181,0.0971837084295638,0.0864637757188411,0.0919644255608399
"Y456",0.136792410109633,0.108893600376745,0.105244281164427,0.0888262076912462,0.0562648863502173,0.0656640095582901,0.07246199282465,0.0620683151603874,0.0520735813462232,0.0276603968754105,0.0554549085963475,0.0638507424506034,0.0750370253228731,0.123745385008528,0.1211679531804,0.0635459094056758,0.0911355665521375,0.104096435203536
"Y457",0.130465634328766,0.107052139817762,0.103985783780022,0.0939458720703309,0.0335778680930643,0.0587080246631721,0.0566654640539375,0.0728818723574471,0.054774564476114,0.0296216283808695,0.0587350032450323,0.0663049711416226,0.0736151879781821,0.136123518996366,0.121354615266439,0.084076615702066,0.0732721624349903,0.0937786209967693
"Y458",0.130625612045378,0.117731192857811,0.114075564986285,0.106266945341937,0.0606668926472577,0.106717341777248,0.104725990622039,0.117592128046839,0.113215271256574,0.0297214410722014,0.0535113664939287,0.0586431285750449,0.0635875060353602,0.113491419222529,0.0914373547021994,0.0487931329090989,0.0428365316186345,0.0529178897893449
"Y459",0.125501251593992,0.0979384536437929,0.0965444980619112,0.0871187362758321,0.0238919556999479,0.053162709522238,0.0600871914156099,0.0672400373710728,0.0560171042520673,0.0295761663971111,0.064759746639732,0.0716959657826691,0.0788526319382607,0.148322290124426,0.124958583551693,0.0815079791580798,0.0764873686311117,0.0893128292271503
"Y460",0.135804241582809,0.110690444947339,0.106093088801837,0.0911924379488331,0.0416543680945599,0.0636639333235435,0.0664790560617221,0.0683071992968356,0.055469182321285,0.0313560284487118,0.0577155383414409,0.065112382742866,0.0770536233182668,0.129650491561607,0.118692804295173,0.0768387185199163,0.0793012750793755,0.0924468610264858
"Y461",0.128597432218896,0.111066824845481,0.104996295547817,0.0948695632232595,0.0473929670835256,0.0721137753682067,0.0720599266047283,0.0886315562191726,0.0885442800803157,0.0327015416567882,0.0581725363760307,0.0693745703797407,0.0769398125115491,0.128300724152512,0.116658033480104,0.0796286478831555,0.0729922150747646,0.0764646890497261
"Y462",0.134017364213684,0.105512913073887,0.0975049902269911,0.0877919933365919,0.0350778190548122,0.0584398167588696,0.0692856558225135,0.0681891209909071,0.0534199872475483,0.0294247215548972,0.0587704024253098,0.0700639569512942,0.0779308074055167,0.138331033204448,0.123553062588911,0.0762777792568567,0.0823213328562645,0.0991087250485762
"Y463",0.144433679496691,0.111394371910701,0.101108580215947,0.0935928201444956,0.0409523982434696,0.0676666862855896,0.0630794042856746,0.0667235667766556,0.0606345882694391,0.0232119668604181,0.0528752557267357,0.0669865333531612,0.0721936953970369,0.131273760656484,0.115811933698035,0.0783583006212499,0.0800542016947785,0.089468169225227
"Y464",0.138234628699769,0.118860086013545,0.111659903236645,0.0965445196168644,0.0551481501415571,0.085307112476202,0.0848681618358266,0.0856665417530411,0.0914354624734688,0.0274893890000395,0.0508699705512592,0.0605747263325909,0.0718729916320531,0.118517315686264,0.104706058148403,0.0615876575511648,0.0700981585692446,0.0703790946158908
"Y465",0.131201529618592,0.109548892044702,0.0991838220094895,0.0900582434854147,0.0498897772488633,0.0649418439320003,0.0869309361176013,0.0873776094103005,0.0794381611903315,0.0322167717634283,0.0602412095295197,0.0726718412444331,0.0797068416355374,0.128367435079725,0.121009393066555,0.0615702361404112,0.0687418696551369,0.0814503088124587
"Y466",0.129713222102348,0.111325107818281,0.104697476076164,0.0931115704305862,0.0516464885239164,0.0731944991641767,0.0678211584929409,0.0691537936125912,0.0570551154876763,0.0313918978756921,0.0537594981014218,0.0644168100283208,0.0732283208308193,0.12368074300122,0.113536694343181,0.0757745769364578,0.0787123708742855,0.0935230202323698
"Y467",0.13639421532353,0.111271713044081,0.103704717878147,0.0949110162227797,0.0421793660172514,0.0680486062591473,0.0646206752397501,0.0757836076854991,0.061830269156047,0.0276400592467746,0.0536206140780379,0.0652241456391343,0.0729112016708229,0.130283188614733,0.11441135926165,0.0785099327707424,0.0734727715221419,0.0889187714679793
"Y468",0.13554925685645,0.11795057509631,0.112213142363566,0.10309840070453,0.0506301482019782,0.0729918960113514,0.0604943191661139,0.0687487069522718,0.0600210583391581,0.0302363432377587,0.0556264352863552,0.0631209341416218,0.0690762378013876,0.122274177525303,0.112763595588937,0.0808550545446593,0.078458463059237,0.0922381712758675
"Y469",0.146690583626664,0.11207938737867,0.106704192195478,0.0983583575959199,0.046058679251965,0.0789713533051186,0.0730209688191316,0.0859652221663825,0.0677289825830374,0.0266125867826886,0.0534290636924256,0.0629506807914769,0.0699088356783896,0.125227853214713,0.108791350258978,0.0726834180298662,0.0651162508288132,0.0853438136675572
"Y470",0.124714186255515,0.106009818470428,0.103271421526395,0.0895579872898102,0.035449328794568,0.0676921339631176,0.0549521704914321,0.0671543790092235,0.0508878669112839,0.0319874473972729,0.0558625129398081,0.0633304216315903,0.0734888512262258,0.13291956384936,0.111523192824736,0.08111278429371,0.0694057008998432,0.089360144190093
"Y471",0.135400768611387,0.112263275115575,0.106792267780827,0.0954351249178966,0.0439346511738269,0.070445087990107,0.0709735617878891,0.0739083009237956,0.0706227866880649,0.028979186065298,0.0579733433887266,0.0668980851712816,0.0751713044024789,0.128629296557727,0.115543832776506,0.0754932843045921,0.0821001067906821,0.0875932270184782
"Y472",0.131101047508253,0.104441305519902,0.103649594149855,0.0812888147291114,0.0258137861598058,0.0512633827186216,0.0537576380223192,0.0683565977690412,0.0686648813806549,0.0311877365057317,0.0607093442141855,0.0664792717845663,0.0863744183510823,0.148171748072408,0.130111708198152,0.0950862534324346,0.0829500985592477,0.0875973622309778
"Y473",0.130063573181622,0.105161746620307,0.0969560243457967,0.087531217449379,0.0481058498159925,0.0694660269769068,0.0667698383938401,0.0789018371674896,0.0685388464987802,0.0282755005546321,0.0555226532996507,0.0681745726973159,0.0752793612463429,0.126898794904154,0.114983221240686,0.0772734729748575,0.0692389530212748,0.0833215047404307
"Y474",0.132076357588492,0.132011614803117,0.125473354228645,0.111620375994442,0.0928469763154865,0.118984931860913,0.0804234649015403,0.0859086681803326,0.0703032240055455,0.0296022228446317,0.041706134494248,0.0450682616715994,0.056604598748301,0.0884265539986678,0.0811302264568018,0.0627072596215133,0.0644307457731503,0.0840102421355787
"Y475",0.139508017109516,0.124559100785375,0.11523371391543,0.102971100973083,0.0526939633696019,0.0860451780965684,0.0691276388714313,0.0830194682342572,0.0693801246409034,0.0296516476202997,0.0467865089168429,0.05678226369055,0.0673560449554563,0.123881352722076,0.105686708070214,0.0743392945372292,0.0664472929229814,0.0806961103026379
"Y476",0.129807343828549,0.108737299682967,0.101863280911703,0.0948858784645416,0.0371765458128079,0.0760402149413616,0.0697802510823688,0.0771897166860877,0.0639416881352985,0.0303859866086484,0.0578845623786667,0.0694531548082538,0.0736683651014972,0.134449203475627,0.111667518137427,0.0737548870814004,0.0676283880895073,0.0853685963890711
"Y477",0.134744537899765,0.0978970148169823,0.0970958880677873,0.0839998390969108,0.0332852190866579,0.054636778968023,0.0690655680848449,0.0696464982974318,0.0616440743842463,0.0292347381470547,0.0626331517830987,0.069201531743994,0.0790294649057326,0.136420912970919,0.12431983622018,0.0760183679869945,0.0767444660357009,0.0878924442428536
"Y478",0.130909452075431,0.0931790397069818,0.0942619106664382,0.0881710590935297,0.0244708830892663,0.0606433608027414,0.064788760760834,0.0672864625108608,0.0575688626968425,0.0300658156360743,0.0682678317928251,0.0735982781505979,0.0766827903306387,0.147488372635158,0.122888751303872,0.0802333208761846,0.078621636203413,0.0955521694440534
"Y479",0.13743389980798,0.117317437401942,0.110835531084425,0.103320242905044,0.0567395416288411,0.0964769027992882,0.0698487634026499,0.0821138355915248,0.0715484154872582,0.0302295616988372,0.0524223801008008,0.0624704201031624,0.0685428155375777,0.119613852135609,0.0995284059957409,0.0771704217712314,0.067229385799284,0.080211257868908
"Y480",0.140901658322385,0.132884617623377,0.116556681443351,0.106327817364773,0.0703953868969518,0.0897017453779339,0.0807564538554942,0.0791541673762427,0.0731600171181049,0.0243102974292977,0.0392353661773853,0.050307902881288,0.059675583812497,0.10480378929874,0.100373817565346,0.0590971895036009,0.064013462152421,0.0728303241450669
"Y481",0.147453144133285,0.121450791515165,0.10940294519645,0.0978935420525621,0.0503894292769807,0.0668630014607335,0.0729276617465005,0.0816517721918352,0.062449815609189,0.0244480001277941,0.0492389011971228,0.0595993992500877,0.0692384297426109,0.122310079336143,0.116227905816136,0.0717873042161496,0.0662172074374696,0.0882599354913872
"Y482",0.129787594162655,0.111091298036806,0.0994439451288615,0.0898416188272567,0.0490692584362406,0.0652310056621893,0.0733233797220388,0.0753620458953911,0.06984646008617,0.0321478167813696,0.0561588639450427,0.0685159120066081,0.0773992029512253,0.128249175428754,0.121235210122197,0.0730131733294731,0.074057958951887,0.0828550578549482
"Y483",0.131271910296134,0.109041972184537,0.10461481492379,0.0906987448335474,0.0513151415640008,0.0712928495400428,0.067416549138954,0.071469225709113,0.0629079541947224,0.0287855034649443,0.0546272648531773,0.0636300526814094,0.0747065304495835,0.120564279238665,0.112080323132358,0.0703936453287178,0.0723115821096622,0.0858218584670563
"Y484",0.13608444664697,0.111440459809202,0.103678278157671,0.0946225075287975,0.0370441836494321,0.0675723946240954,0.0750668888718871,0.07755269637489,0.0720382368577878,0.0304790468557257,0.0590497296353231,0.0699410669554441,0.0761182771878282,0.137788045421199,0.119364269695434,0.0761919518852313,0.0767000281909899,0.0867070592549705
"Y485",0.129781558916267,0.105138422425814,0.102633056356972,0.0959548047737904,0.0280083490461604,0.0586889723695395,0.0601962025355172,0.0759370433327748,0.0833972654765786,0.0306781888290566,0.0619680311913787,0.069558781551752,0.073899176961435,0.14277894157714,0.12515609015712,0.0911853835203531,0.0818235985142603,0.0790766395780582
"Y486",0.138957922986263,0.114893637290144,0.103425964016509,0.0998026875822012,0.0385646759302637,0.0680977542517736,0.0615548067178348,0.0732991618935318,0.0622203788583318,0.0270998805549188,0.0525742656679295,0.0651540020706663,0.0680311152824218,0.133506780893151,0.115705751875903,0.0844399488842278,0.0756322483836207,0.087362573594872
"Y487",0.156793549271016,0.116081836721925,0.110575500089774,0.0944695658457258,0.0588285853741019,0.0851761732261928,0.0806102637254229,0.0750797123694688,0.065224397744928,0.0229812095135044,0.0526307928308339,0.0577877912196327,0.068417266122041,0.113578485285688,0.10302709662064,0.0577898709730683,0.0720897112181834,0.0851362338660078
"Y488",0.137339749572184,0.117743596784025,0.108714906141036,0.105536572228247,0.0587234473917078,0.0887429643528934,0.0731757892155404,0.0867928549056262,0.0818766065490186,0.0286189373330398,0.0496171086518661,0.0612111050626736,0.0636314445283251,0.115633792662018,0.102250868391931,0.0728920935641046,0.0650528466156369,0.0742542756618313
"Y489",0.131794048052092,0.106124426423519,0.100091714526385,0.0905025901205042,0.0510022808249378,0.0685637877330248,0.072162330407976,0.0654825897072727,0.0542525454044258,0.0320301209886114,0.0593121349839962,0.0685698527168817,0.0757823268112299,0.12496110573152,0.117018891549512,0.0644373156629006,0.0803357775476098,0.0950596692451221
"Y490",0.144577820255168,0.107373815655433,0.104438275091185,0.0971283064170743,0.028829476995851,0.056590402124851,0.0613789392611402,0.0766123754978865,0.0568422459217515,0.0263568529141298,0.063667394880602,0.0713863798049969,0.0768601017718403,0.144618176469395,0.127842152339334,0.0923640400230679,0.0793837833621382,0.0978307891350742
"Y491",0.146531028927307,0.116446307293421,0.101401231290779,0.08652995936339,0.0369405710957803,0.0526664478548806,0.06218398541364,0.0696315550943648,0.0655869774573048,0.0252609556022133,0.0534571161470176,0.0668623186985764,0.0795209935493933,0.136524129557719,0.128485914378298,0.0840194986151178,0.0781215976878323,0.0884019380036541
"Y492",0.132330738747347,0.11844892591647,0.115745049446999,0.103800591630727,0.0690003506503997,0.107459821703338,0.0804971235593843,0.0859450033560969,0.0726986159685121,0.0249262181771136,0.0400582593209743,0.0457684643309745,0.0559105657482995,0.0908226927874585,0.0750744809132673,0.0455947377374929,0.0376898024229016,0.0587096800989601
"Y493",0.141491084952024,0.118545203469611,0.121769884168765,0.108035462595843,0.0648173652786454,0.102476681903058,0.0840939957369244,0.0995428890160802,0.0953668498407618,0.0260925711045999,0.051095626027475,0.0541905619958691,0.063850211063578,0.10776223053914,0.0949838687435383,0.0581464705564842,0.0545943978769708,0.0638161862436239
"Y494",0.138530233099207,0.12011844258185,0.11038915571883,0.0945761674322513,0.0387536633519629,0.0632811764638324,0.0613046156460003,0.0769093660250736,0.0779404662330998,0.0286561173916433,0.0516211083305602,0.0620176887125917,0.0731475986341764,0.135757278128013,0.121022374869545,0.0913647340957779,0.0750236103883855,0.0758454819320202
"Y495",0.138734541391865,0.116359948144797,0.10934978151634,0.0983558451955518,0.0667498418174752,0.0955703411298542,0.0788433806076115,0.0819441370276879,0.0742564783373821,0.0292661733204356,0.0557928175752277,0.062387316147538,0.0694677306637523,0.11503416535019,0.10067915883798,0.0672042714134941,0.0704483224573959,0.0804943818111114
"Y496",0.134352113873981,0.0964553191915068,0.100188436966757,0.0889441277421499,0.0449479975424058,0.0623578109536854,0.0654220731444512,0.0763703099787127,0.0613332658110329,0.0291101315080056,0.0677303422443354,0.0678325304175927,0.0759458973861972,0.126354037137337,0.117820233113002,0.0764643155204911,0.0681389518545003,0.086593858036253
"Y497",0.138418600005602,0.10454499402498,0.102554334569337,0.0931392445446188,0.0295081588734311,0.0570763086916234,0.0631146963731518,0.0647682198954236,0.0593689652680851,0.0285366180175617,0.0632616737954947,0.0678564652976653,0.07321398756595,0.145228726824545,0.124490358816804,0.0820206531122714,0.0838779484081274,0.0921922376227024
"Y498",0.13653824237735,0.119287914536164,0.112211203149287,0.104019060491533,0.0676388501244285,0.0970987102148664,0.0860377839310307,0.0910259149624194,0.0835387040836397,0.0270988672934284,0.0493640491975553,0.0578103738710997,0.0655856024199537,0.106762293262139,0.0968136268058109,0.055972039552625,0.0644619079057611,0.072072196017131
"Y499",0.133401322733438,0.104292542269588,0.106088963159175,0.0929115881950234,0.0388604655384938,0.0663003628602968,0.0676959290521671,0.0813936551991315,0.0648245385470686,0.029685301114277,0.0653154500978546,0.0672893731981538,0.0777737363748091,0.134397140017467,0.118836822587243,0.0831970402774263,0.0710682457189296,0.0894117714401592
"Y500",0.141166666316205,0.127422278957346,0.118674278637605,0.103728438274825,0.0609038417947009,0.0953257789941517,0.0777766617650313,0.082502429078242,0.0789914249333775,0.0238806384311415,0.0485688102860255,0.0588989249310706,0.0684438289896989,0.113903281127228,0.0989655717442801,0.0676622541996264,0.0730465474944118,0.0799213254488194
"Y501",0.127369252680203,0.103802072378921,0.101140845980819,0.0978409657974667,0.0476052123111846,0.078697524526729,0.0730207270530353,0.0806096857760391,0.0620616540371506,0.0325991414658311,0.0628937272466686,0.0692060449724073,0.069887602004288,0.121874895883103,0.10633874233142,0.0703723552827179,0.0683048554179186,0.0900003559791982
"Y502",0.138752553543941,0.115017536952935,0.108562828951515,0.0956870510939058,0.0395908214284787,0.0592696160845496,0.0629182043577557,0.0594721163475064,0.0497882208121056,0.0267353454007224,0.0534225143862922,0.0615852718513548,0.0714810922526837,0.13169828836677,0.121630055075568,0.0834568964661662,0.086732660723171,0.0992969143645443
"Y503",0.140537042309117,0.112241702913038,0.109957414945553,0.102924392708479,0.0555783264309716,0.0878454521652214,0.0769991473504835,0.0880026633494916,0.0751446907762606,0.0259592395562136,0.0568838977652489,0.0637981781544632,0.0683679090731576,0.119562307140963,0.104252180660731,0.0670074985581108,0.0641469100154748,0.080164836134024
"Y504",0.146495086549571,0.109125844061998,0.105917448610728,0.0986114084350101,0.0512074723707842,0.0744345077216885,0.0750253839474904,0.0755687733510464,0.0674259855978191,0.0226017642307946,0.0574271676345862,0.0632814330909708,0.0687118965889885,0.122414280706255,0.112282642134602,0.0692352718719078,0.0763927527711014,0.0852071458235444
"Y505",0.130113683553051,0.102310930633208,0.103430403593494,0.0898861280337455,0.0402273625843023,0.0560480084496693,0.0601989496154197,0.072134952946012,0.0702905674266702,0.029900986430341,0.0634615822474096,0.068095874094251,0.0778814846633686,0.135700679975391,0.127112017353824,0.0834645974936771,0.0763421569198841,0.0814503270099698
"Y506",0.136293101473423,0.107957992422603,0.10281206262096,0.0918378190529875,0.0648440545405587,0.0703163011526512,0.0780941510174533,0.0752484494255181,0.0630390148108378,0.0293648237703691,0.0618214309322159,0.0693491774097527,0.0767932744392779,0.106455112744684,0.110870592517957,0.0585402424611293,0.0742379666101336,0.0882195140526065
"Y507",0.134135385749387,0.110750578223307,0.100683778633974,0.09170054904906,0.0423803296647903,0.0561772333618696,0.0606307729128568,0.0585876176365709,0.0533065575910137,0.0292766087476093,0.0539652073834323,0.0685182095704434,0.0762488884055761,0.130862140447878,0.124944334297436,0.0771706414377765,0.0881502718385348,0.0978949338178549
"Y508",0.136628841145732,0.117421604591025,0.110836052524162,0.0972842395455321,0.0395454955224494,0.0613067153849934,0.0642918075241449,0.0701952902386107,0.0622173618278722,0.0281997969579256,0.0528164150600975,0.0609898757022955,0.0712294880014096,0.133502360923375,0.121488716272391,0.0809544929173235,0.0797250635291676,0.0888688097723615
"Y509",0.129064309830698,0.113164608207418,0.10684721725747,0.0966270654742669,0.0491399831649526,0.0709069024557766,0.0743925323208149,0.0856272953545627,0.0721881834061708,0.0293349684983196,0.0540201427204753,0.0639637898847501,0.0721111176502588,0.126217621395815,0.115111801711015,0.0718167757876555,0.06523075528565,0.0760858897831293
"Y510",0.137076135045382,0.11709396316308,0.111261267121066,0.10189170371654,0.0511772602963979,0.075240532426951,0.0613379200529666,0.0669076752875797,0.0630082227812376,0.0272735721703262,0.0519738899945619,0.0610918417051737,0.0675520929062344,0.122779983020612,0.112384017155487,0.0831010168984124,0.0810378729302256,0.0865997701720522
"Y511",0.125155391751755,0.110542322446414,0.114026545450875,0.104754967669573,0.0491291878366541,0.0950738993138018,0.0823485757476966,0.0917618465752052,0.0763165749857104,0.0328517234965837,0.0608111836517123,0.0635746364965687,0.0709014587728079,0.128430336721577,0.101425867382527,0.0674793288971179,0.0643249753058336,0.0804486772197363
"Y512",0.130494573316468,0.0967796217059759,0.0892864179370552,0.0795866590596757,0.0223763705754214,0.0423170342666738,0.0542684632487054,0.0597735767742695,0.0601974768771564,0.0288431812045322,0.0649111904308699,0.0774345059713062,0.0840948966685341,0.148397718319532,0.134199468649,0.0909094682600952,0.0903220720967951,0.090120414219846
"Y513",0.138638790096276,0.115394236973506,0.108622189685457,0.0977128408992037,0.0541880444933772,0.085644621783698,0.0818103674774983,0.092977988727887,0.0763878527360011,0.0252928454142061,0.0495705381665352,0.0570779973453375,0.0653296750104243,0.11880781599124,0.101202047806388,0.0573172908766304,0.050259234162111,0.0729914255734226
"Y514",0.145519573774139,0.137564670721979,0.122589997299428,0.115626040645929,0.08664141056643,0.118409659885865,0.085906855059864,0.0990974274513113,0.081033677497061,0.0275064141657163,0.0422439489417692,0.0530531501986273,0.0554361971245679,0.0895076778180937,0.0829952816203607,0.0579387214287244,0.054915136070887,0.070979850723855
"Y515",0.135901453500809,0.114864457052167,0.110566292521711,0.102419782912217,0.0542287656748124,0.0850653766401061,0.0724398830623098,0.085302767023034,0.0730748187500946,0.0265184401645315,0.0531697248302313,0.0594126419712006,0.06644567281053,0.118843303504136,0.105292072962292,0.0692191991863886,0.062138260547819,0.0765508383102036
"Y516",0.143395882936568,0.114060853660535,0.108077514134638,0.0961542102622239,0.0608350498713044,0.0881405285300458,0.0741292142740068,0.0842024223092673,0.0659295774065547,0.024841418658382,0.0501646732976229,0.0594891176887281,0.0679709394096018,0.111586154585739,0.100685643238791,0.0642262015975959,0.058359473610763,0.0809662096568932
"Y517",0.13010349776593,0.10937674082093,0.106564915075234,0.0931360513032338,0.0507268369424304,0.0754767106711741,0.0625774340292401,0.0789086042439502,0.0666715814427909,0.0308343322359458,0.0515187617863513,0.0577157044498878,0.0690342388754211,0.122763423863515,0.109633227034829,0.0822193978385063,0.0678293766336353,0.0818713807195263
"Y518",0.139882667557817,0.120270756031294,0.111139485589091,0.107438822897737,0.0723270860856624,0.0940032934710847,0.0816860084790688,0.0906280810289091,0.0788102285822063,0.0261231036649006,0.0471509350748492,0.0579610131978775,0.0609439367343942,0.102876375184584,0.0966781552396421,0.067357751120519,0.0633650454166029,0.0732438026614508
"Y519",0.131953271868985,0.104167509783566,0.10618655595616,0.0957192145139772,0.0449574697380059,0.080686193806571,0.088394802003476,0.0992870675246442,0.0902091285222226,0.0280080476716728,0.0613177895660402,0.0658854954379038,0.0746249920508348,0.129580654055986,0.110111115202121,0.0698506281831568,0.0595067880894998,0.0678244893975237
"Y520",0.13979598954183,0.119156886899266,0.11694390609314,0.104307127349464,0.0621580216076705,0.0925152400966107,0.0793656153684862,0.0863093062217219,0.0690177626675971,0.0260150922737031,0.0503740385943309,0.0552547080386277,0.063832439415046,0.111735590707178,0.100083811497438,0.0704322845659196,0.0646145315476766,0.0840172154922075
"Y521",0.13143763120603,0.107674013645001,0.10229629740929,0.0932623375279959,0.0286837500798593,0.0675345284412797,0.0669767093147607,0.076879040738419,0.0689628773221655,0.0290796211493167,0.057120795761918,0.06678673508659,0.0729225913964747,0.144381933182132,0.11645008674624,0.0762341044948157,0.0720821804593884,0.080266719674311
"Y522",0.14367653258963,0.116499629357367,0.108842983038219,0.0993255513848487,0.0546306779224609,0.0711148270969636,0.058281772266594,0.0742677304476031,0.0521334763424758,0.0272879892011739,0.05247704608606,0.0628162616691605,0.0703240302751527,0.11703806222946,0.112904532939173,0.0806921112945053,0.0691002311661815,0.0976529338665264
"Y523",0.139236079586068,0.110950147021407,0.104019724384096,0.0967294342708372,0.0309867993859346,0.0583863358956676,0.0554182296791077,0.0699121436062656,0.064200237290788,0.0255193833322638,0.0558030333252337,0.067196202601032,0.0745139823756496,0.147078798172367,0.125185187890149,0.0941254736207341,0.0802096863975213,0.0902386061481813
"Y524",0.138310290344766,0.127682831880702,0.120736657503096,0.108508951769,0.0615004923508596,0.0905935327550561,0.075340970631938,0.0817069294244804,0.0731744210608435,0.0286928403704774,0.0492496181524963,0.05529422053378,0.0632677854323176,0.112441176338194,0.102222817891831,0.0700942576137926,0.0690574361056754,0.0823157087533792
"Y525",0.145340106836503,0.121925461329153,0.11396998956233,0.103654302593728,0.0552251351951829,0.0964604891839003,0.0743267345309481,0.0845688889475108,0.0614341435042304,0.0258861185204654,0.0484125682219588,0.0577431981323108,0.0652215011607549,0.119482784724353,0.0958444186370318,0.0643825618118617,0.0612685914108636,0.085015752785165
"Y526",0.139319331528112,0.106863922895251,0.096522939505511,0.0937216437013902,0.0388861534546668,0.0560789072451607,0.0614181172610951,0.0784863094794722,0.0743156315131539,0.0273671465660777,0.0572628223208638,0.0721588417679637,0.0744390920469597,0.135899838667896,0.125966600789836,0.0858398329199549,0.0759506319091101,0.0819837480984687
"Y527",0.14026951739682,0.117564209784901,0.114007725932875,0.0998598865979902,0.0575410767504388,0.0804376166140061,0.0879083626521127,0.0880635213159512,0.0789263233815241,0.0263487445463246,0.0502254959306851,0.0575099991025058,0.0680856099531086,0.113862065589002,0.107224685582436,0.0631732486925827,0.0691168019270702,0.0789156190294055
